"ERHJAHR";"PUBJAHR";"GMDE";"HIST_GMDE";"BBTOT";"BB11";"BB12";"BB13";"BB14";"BB15";"BB16";"BB21";"BB22";"BB23";"BB24";"BB25";"BB26";"BB27";"BB28";"BB29";"BB30";"BBMTOT";"BBM01";"BBM02";"BBM03";"BBM04";"BBM05";"BBM06";"BBM07";"BBM08";"BBM09";"BBM10";"BBM11";"BBM12";"BBM13";"BBM14";"BBM15";"BBM16";"BBM17";"BBM18";"BBM19";"BBWTOT";"BBW01";"BBW02";"BBW03";"BBW04";"BBW05";"BBW06";"BBW07";"BBW08";"BBW09";"BBW10";"BBW11";"BBW12";"BBW13";"BBW14";"BBW15";"BBW16";"BBW17";"BBW18";"BBW19";"BB41";"BB42";"BB43";"BB44";"BB45";"BB46";"BB51";"BB52";"BB53";"BB54";"BB55";"BB56";"HPTOT";"HP01";"HP02";"HP03";"HP04";"HP05";"HP06";"HPI"
2024;2025;1;13256;1995;1651;344;248;55;41;0;1506;10;1007;485;4;489;301;63;118;7;1001;39;50;69;57;53;33;34;55;69;68;80;101;79;74;58;38;31;10;3;994;34;37;53;40;44;36;39;66;63;74;91;81;107;83;46;45;34;14;7;103;459;297;896;239;3;1880;58;32;11;14;0;856;247;327;113;119;42;8;1
2024;2025;2;11742;12882;8896;3986;2381;986;619;0;8213;2260;3064;2885;4;4669;2100;1272;1140;157;6471;346;361;319;367;313;431;515;511;513;439;413;462;364;329;281;217;156;89;45;6411;340;315;289;283;315;381;464;504;452;392;407;444;404;345;300;288;243;148;97;882;3171;1642;5049;2136;3;11893;435;225;196;117;16;5730;2079;1887;722;711;248;83;2
2024;2025;3;11801;5712;4620;1092;737;139;215;3;4193;15;3073;1105;0;1519;881;235;389;14;2817;134;148;173;202;162;114;150;203;227;207;219;208;195;142;104;101;82;37;9;2895;138;163;186;182;119;100;153;229;222;222;235;214;173;144;144;131;78;45;17;315;1172;766;2563;893;3;5355;187;64;47;50;9;2415;724;809;353;418;89;22;1
2024;2025;4;11992;3951;3249;702;474;102;126;0;3048;32;1658;1358;0;903;537;142;213;11;1912;86;113;124;114;93;96;74;110;136;142;148;161;166;101;80;84;54;23;7;2039;89;101;107;125;96;69;91;106;153;168;163;164;156;141;97;94;64;37;18;229;887;543;1680;608;4;3702;118;74;27;27;3;1678;517;591;217;242;85;26;1
2024;2025;5;12249;4002;3166;836;488;170;177;3;2942;14;2057;871;0;1060;542;223;279;16;2027;73;111;123;117;111;119;121;134;153;161;149;164;151;94;93;80;43;20;10;1975;87;99;116;98;116;107;96;143;128;155;149;179;127;111;94;85;50;22;13;264;924;511;1710;593;0;3710;150;57;50;34;3;1659;480;583;236;259;69;32;2
2024;2025;6;12671;1382;1136;246;161;45;40;0;1055;21;454;580;0;327;173;74;76;4;704;30;65;66;40;25;26;26;43;53;62;64;61;43;33;23;24;11;5;4;678;34;39;39;38;30;31;40;51;62;64;52;63;37;32;22;18;15;8;3;108;381;291;397;205;0;1268;38;47;20;6;3;545;147;187;68;98;29;16;2
2024;2025;7;12674;2466;1982;484;340;80;64;0;1842;16;749;1076;3;624;365;113;140;6;1234;60;92;96;87;62;56;66;82;105;87;95;94;69;58;41;35;32;13;4;1232;54;93;75;67;54;52;66;83;111;101;76;90;99;63;48;47;32;13;8;154;584;468;910;350;0;2301;55;72;26;12;0;982;250;342;138;175;62;15;1
2024;2025;8;12738;677;554;123;101;11;11;0;527;18;304;205;0;150;105;15;29;3;345;12;23;31;23;9;15;16;19;19;26;21;34;36;19;18;12;9;3;3;332;14;19;15;11;12;17;14;25;26;39;17;39;25;11;14;15;9;6;4;62;146;84;244;141;0;611;20;24;14;5;3;289;82;114;37;37;14;5;1
2024;2025;9;12433;5763;4784;979;638;147;194;0;4464;26;2445;1992;3;1299;713;210;349;27;2852;152;209;173;166;137;134;156;197;214;197;204;223;189;134;121;126;76;30;14;2911;157;221;173;135;128;128;157;217;233;195;182;207;203;161;144;121;85;37;27;280;1444;920;2182;937;0;5433;151;79;42;56;3;2311;630;800;316;390;128;47;1
2024;2025;10;12497;5961;4577;1384;797;315;272;0;4320;28;2763;1528;3;1641;768;430;421;22;2990;149;187;179;180;184;160;190;227;221;200;208;229;174;132;127;119;77;30;17;2971;130;201;168;150;166;143;183;226;216;222;199;236;155;139;147;141;82;44;23;394;1244;1003;2363;954;3;5528;228;111;50;41;3;2486;729;863;324;410;121;39;1
2024;2025;11;13124;2973;2487;486;287;92;107;0;2312;19;1448;845;0;661;348;128;178;7;1484;78;81;96;77;77;74;72;96;91;96;104;113;106;92;92;62;53;14;10;1489;71;81;75;65;70;65;78;97;105;126;99;111;107;100;102;59;49;20;9;163;836;356;1203;415;0;2789;97;43;18;25;3;1268;365;468;175;190;55;15;1
2024;2025;12;12891;1180;1041;139;87;33;19;0;987;12;587;387;3;193;116;34;43;0;567;29;33;41;50;22;18;21;25;49;46;43;49;40;25;35;21;12;5;3;613;18;36;44;48;32;13;25;27;51;53;51;49;43;34;31;34;15;4;5;103;216;215;468;177;3;1069;70;24;9;8;0;482;137;163;62;84;27;9;1
2024;2025;13;10575;3909;2994;915;641;131;136;7;2616;11;1957;647;3;1293;739;226;317;11;1935;97;135;121;78;82;68;88;146;147;159;175;148;146;110;79;71;59;17;9;1974;98;126;113;88;90;62;105;146;185;176;147;141;137;106;95;67;48;33;11;261;897;694;1550;507;0;3624;172;42;44;26;3;1629;425;605;235;280;68;16;2
2024;2025;14;13255;5337;4374;963;609;139;212;3;3892;6;2773;1112;3;1445;764;225;424;32;2626;121;174;190;157;120;82;105;179;228;210;211;192;158;126;116;117;78;50;12;2711;114;152;187;139;119;87;112;181;250;212;209;183;173;117;130;145;109;54;38;285;1051;923;2356;722;0;5023;176;45;55;36;3;2196;588;760;342;397;89;20;1
2024;2025;22;11862;883;754;129;94;19;16;0;712;6;384;322;0;171;115;17;36;3;451;19;30;31;19;31;20;24;30;26;31;30;40;46;29;22;9;10;3;3;432;22;24;18;22;14;14;35;27;26;26;39;43;36;22;20;21;9;9;5;84;161;109;357;172;0;799;44;31;6;3;0;378;122;137;40;51;19;9;2
2024;2025;23;11855;589;523;66;38;17;11;0;487;9;380;97;3;102;53;24;23;3;300;15;12;8;12;10;16;14;14;19;18;26;25;29;28;13;18;15;7;3;289;8;9;18;13;6;11;16;24;11;19;23;28;21;25;22;20;10;4;3;27;124;70;246;122;0;558;24;3;3;4;0;263;76;115;29;28;11;4;1
2024;2025;24;15513;1066;967;99;80;13;6;0;924;8;714;201;3;142;96;24;22;0;517;26;35;31;29;25;15;33;41;49;32;40;39;33;31;24;18;12;4;0;549;29;27;39;34;28;17;36;46;46;28;46;44;38;32;24;14;15;4;3;88;248;116;422;192;0;971;60;17;11;7;0;434;105;166;67;66;23;7;1
2024;2025;25;11573;1926;1633;293;215;31;47;0;1506;19;516;971;0;420;278;48;90;4;959;34;44;43;58;55;34;41;70;59;58;65;93;99;63;48;34;41;13;7;967;31;41;56;52;48;38;42;60;61;63;70;102;74;53;52;53;38;20;13;100;372;205;954;295;0;1817;51;35;13;9;3;821;229;324;98;122;40;8;1
2024;2025;26;12182;728;640;88;70;11;7;0;590;8;457;124;3;138;83;23;32;0;363;19;23;16;18;24;14;23;26;23;23;22;40;35;18;13;11;11;4;0;365;16;13;15;15;21;19;23;25;23;27;29;42;34;18;16;17;5;6;3;72;172;110;265;109;0;653;62;6;4;3;0;303;78;108;48;58;9;3;1
2024;2025;27;11973;3848;2878;970;637;221;110;3;2650;21;539;2087;3;1198;652;297;229;20;1886;85;122;95;86;89;93;132;139;158;133;131;150;144;114;70;54;48;33;10;1962;94;101;108;100;92;97;134;140;162;135;114;149;128;109;78;77;59;51;34;221;787;503;1651;686;0;3593;60;99;47;42;7;1748;638;578;238;207;62;25;1
2024;2025;28;11997;1494;1223;271;209;37;25;0;1186;37;860;288;3;308;190;51;61;6;764;39;42;38;45;41;41;52;56;54;32;46;79;59;44;34;28;22;10;3;730;33;41;33;34;43;33;44;55;42;39;52;73;60;36;36;29;15;20;12;114;369;199;571;241;0;1374;80;20;9;8;3;655;214;236;92;68;34;11;2
2024;2025;29;11935;1520;1256;264;187;49;28;0;1170;11;289;870;0;350;195;75;76;4;762;41;47;34;51;37;34;38;47;57;46;45;68;74;43;38;17;25;10;10;758;30;33;35;38;34;23;49;57;48;49;60;76;68;42;27;33;28;17;11;82;315;203;689;231;0;1423;28;41;12;16;0;645;188;240;88;92;26;11;1
2024;2025;31;12240;2343;2063;280;190;43;47;0;1945;15;1430;499;3;398;235;59;97;7;1135;51;63;70;66;72;46;49;62;72;71;91;97;85;60;61;52;40;19;8;1208;60;57;65;65;55;49;55;79;78;85;92;104;94;66;58;53;46;34;13;120;458;286;1109;370;0;2207;89;19;7;20;3;971;263;351;152;144;48;13;1
2024;2025;33;12699;2238;1911;327;244;61;22;0;1777;23;1251;503;0;461;288;111;57;5;1108;43;64;69;61;52;43;69;76;82;84;83;91;77;68;60;36;32;15;3;1130;63;58;63;65;44;46;71;72;87;75;81;82;84;73;57;32;45;21;11;177;512;249;934;364;3;2050;113;35;23;13;4;957;282;366;124;127;44;14;2
2024;2025;34;12635;1828;1549;279;203;37;39;0;1413;10;517;886;0;415;271;58;77;9;916;34;33;48;51;45;37;36;51;55;65;70;107;86;67;41;42;31;10;7;912;27;32;45;40;44;38;39;46;57;66;81;81;89;67;46;46;29;25;14;110;423;248;811;236;0;1712;54;35;18;9;0;851;299;324;91;104;26;7;1
2024;2025;35;12742;1990;1740;250;158;53;39;0;1632;108;956;568;0;358;198;80;76;4;996;46;55;54;55;54;51;62;68;84;38;74;76;75;62;52;53;26;9;3;994;57;47;48;49;39;43;64;54;75;63;63;69;87;74;51;52;28;22;9;124;365;214;851;436;0;1849;84;20;17;20;0;866;283;311;100;115;40;17;1
2024;2025;37;13128;1835;1613;222;143;44;35;0;1532;20;1034;478;0;303;170;59;71;3;926;56;66;41;46;55;50;45;67;72;51;62;75;69;55;42;33;22;10;9;909;49;62;35;36;43;46;57;73;66;59;72;69;55;58;43;46;20;14;6;220;390;310;659;256;0;1604;161;45;9;13;3;778;238;276;102;109;37;16;2
2024;2025;38;12912;1321;1075;246;167;42;37;0;954;26;499;429;0;367;214;71;73;9;663;27;35;34;32;33;27;35;41;42;40;42;60;64;49;38;30;23;6;5;658;21;30;42;30;20;27;46;24;42;35;57;45;75;54;36;26;25;13;10;81;245;146;634;214;3;1231;42;20;17;10;3;601;224;210;65;64;31;7;1
2024;2025;39;10563;1004;909;95;52;28;15;0;839;6;608;225;0;165;77;48;35;5;522;32;31;28;34;32;18;17;35;38;35;49;49;42;24;26;15;9;7;3;482;23;23;30;28;25;14;27;33;39;27;45;57;27;23;13;24;14;5;5;43;285;116;383;177;0;952;34;6;3;10;0;414;112;163;43;64;19;13;1
2024;2025;40;10898;1104;977;127;83;29;15;0;931;26;605;299;3;173;100;35;35;3;553;14;26;23;29;34;25;29;39;41;36;34;36;44;41;36;32;25;5;4;551;27;20;23;34;22;19;26;42;40;34;37;42;46;42;36;28;22;8;3;69;239;140;484;171;3;1026;38;25;4;10;3;486;145;205;53;50;22;11;1
2024;2025;41;10899;458;419;39;27;12;0;0;397;10;246;141;0;61;44;8;7;3;226;9;11;9;6;16;12;16;10;12;10;19;22;20;23;7;12;8;3;3;232;7;16;14;13;11;6;9;8;13;15;24;25;21;19;10;10;3;5;3;7;103;60;192;96;0;447;4;3;3;4;0;187;45;76;21;34;7;4;1
2024;2025;43;10365;382;334;48;36;7;5;0;318;6;240;72;0;64;41;9;13;3;190;7;16;9;11;14;11;11;11;10;14;15;19;17;10;3;4;5;3;3;192;12;9;9;16;8;7;14;13;14;10;15;23;19;6;5;4;5;3;3;24;81;69;117;91;0;353;15;8;3;5;0;162;51;54;26;18;8;5;2
2024;2025;51;11683;4286;3175;1111;629;312;167;3;2819;11;2175;632;3;1467;627;490;322;28;2124;111;123;124;127;113;108;114;137;153;177;145;163;123;103;89;95;69;37;13;2162;99;101;121;125;99;104;118;135;147;167;170;171;127;99;119;127;74;38;21;239;1000;626;1817;604;0;4014;177;17;40;35;3;1824;572;625;246;253;99;29;1
2024;2025;52;11685;12301;8904;3397;2056;820;511;10;7865;48;6054;1758;5;4436;1896;1226;1116;198;6172;307;309;370;331;342;377;403;432;479;508;468;490;344;240;261;224;178;84;25;6129;313;316;306;303;315;343;391;449;474;490;444;433;358;318;270;267;178;116;45;822;2787;1501;5300;1891;0;11388;511;105;185;106;6;5196;1571;1794;764;749;217;101;2
2024;2025;53;11461;24508;16776;7732;4816;1994;920;3;15177;5793;6044;3334;6;9331;4062;2860;2068;341;12091;689;724;625;603;677;955;1053;955;940;825;836;745;630;500;407;388;284;163;92;12417;674;676;592;535;691;970;1034;965;986;823;737;786;660;563;521;473;374;245;112;1603;7349;3509;8352;3695;0;22655;989;241;325;272;26;10523;3476;3533;1451;1430;470;163;2
2024;2025;54;11563;8027;5892;2135;1317;475;339;4;5219;16;3986;1215;3;2808;1313;669;654;172;4045;190;201;216;203;223;288;278;313;301;299;273;304;229;169;160;162;120;81;35;3982;165;201;198;191;169;244;263;282;291;272;265;282;242;215;197;171;160;106;68;461;1736;1020;3521;1285;4;7499;278;78;100;69;3;3555;1225;1221;451;465;141;52;2
2024;2025;55;12168;5750;4321;1429;1021;226;178;4;3927;82;2906;939;0;1823;1036;348;424;15;2860;160;154;169;167;123;151;187;212;213;225;207;204;189;120;125;130;79;28;17;2890;145;178;180;142;137;126;178;214;234;210;201;191;203;139;144;101;80;55;32;323;1359;742;2409;915;3;5372;213;58;47;57;3;2384;665;856;336;394;94;39;1
2024;2025;56;12292;10356;7072;3284;2075;717;491;3;6442;96;4814;1527;5;3914;1729;1069;1024;92;5212;275;272;291;272;301;353;367;371;401;372;430;382;330;208;210;162;142;49;24;5144;250;261;277;273;290;343;341;380;389;380;342;315;312;250;244;198;161;91;47;751;2578;1300;4125;1602;0;9513;418;89;231;94;11;4367;1389;1430;631;599;232;86;2
2024;2025;57;11960;2372;1952;420;313;54;52;3;1825;29;1365;431;0;547;321;90;126;10;1204;54;45;70;56;70;38;60;60;79;78;89;124;113;81;70;61;30;20;6;1168;44;53;66;64;53;33;55;59;88;78;88;110;106;77;66;66;29;23;10;126;459;322;1122;342;3;2229;94;16;13;19;3;1008;272;421;127;125;45;18;1
2024;2025;58;12056;5438;4009;1429;956;292;181;0;3705;22;2905;773;5;1733;958;383;355;37;2723;130;161;154;162;138;137;188;194;187;198;213;260;205;129;102;76;55;24;10;2715;118;131;154;158;135;147;180;179;221;212;225;217;170;138;96;100;68;39;27;373;1253;779;2083;944;6;5024;234;57;75;43;5;2304;711;781;351;324;97;40;1
2024;2025;59;12166;2015;1699;316;195;66;55;0;1571;23;1246;302;0;444;237;86;104;17;991;47;55;61;64;62;37;65;52;74;62;76;65;74;66;48;40;30;8;5;1024;44;52;55;69;53;35;61;64;60;76;81;91;70;64;56;45;29;13;6;131;442;229;907;306;0;1876;107;8;13;9;3;829;225;299;122;123;44;16;2
2024;2025;60;12220;3564;2162;1402;888;371;143;0;1980;25;1597;358;0;1584;706;582;274;22;1867;102;95;80;86;110;165;153;154;141;138;147;150;102;81;69;44;25;14;11;1697;108;102;87;82;121;144;126;129;112;115;106;109;100;90;57;49;33;13;14;352;1178;396;1155;482;3;3186;202;39;98;33;6;1416;388;467;218;224;80;39;1
2024;2025;61;12178;1094;933;161;126;21;14;0;859;36;641;182;0;235;156;31;46;3;554;23;28;35;27;37;14;30;32;30;29;50;53;47;35;32;23;18;6;5;540;19;23;25;34;20;20;15;35;44;38;42;49;41;40;25;31;21;11;7;68;240;137;483;166;0;1020;52;8;8;6;0;466;130;177;64;71;20;4;2
2024;2025;62;16656;21737;13438;8299;5041;1723;1524;11;11479;63;8466;2942;8;10258;4388;2426;3039;405;11212;466;537;504;532;626;931;1018;1045;912;872;834;814;644;440;330;305;207;130;65;10525;466;493;470;433;631;862;906;892;828;762;673;647;575;455;395;367;334;203;133;2010;5781;2909;7800;3231;6;19552;1063;285;611;190;36;10150;4030;3207;1354;1082;354;123;2
2024;2025;63;12720;2840;2240;600;440;98;62;0;2000;4;1568;426;3;840;454;159;211;16;1430;82;76;75;80;65;68;109;115;114;127;96;119;108;66;68;26;27;7;3;1410;85;88;83;65;79;82;98;108;144;95;91;106;102;64;42;37;28;6;7;145;788;565;976;366;0;2666;101;16;23;32;3;1154;304;390;195;196;54;15;2
2024;2025;64;16657;5862;4798;1064;655;227;182;0;4460;29;3339;1090;3;1402;702;316;351;33;2914;136;133;155;149;135;135;135;204;170;239;235;239;208;153;151;148;102;59;28;2948;117;134;150;123;139;130;160;187;201;223;224;229;233;170;154;146;128;62;38;326;1251;826;2656;803;0;5495;241;27;49;46;4;2591;833;940;357;345;91;25;1
2024;2025;65;12524;1130;967;163;107;23;33;0;914;6;724;184;0;216;116;46;53;3;562;24;33;21;25;24;28;35;33;40;35;36;66;50;28;34;14;22;10;4;568;29;28;27;20;28;20;36;38;35;46;42;58;46;30;30;22;21;9;3;92;217;121;508;181;11;1028;68;5;19;10;0;506;171;196;53;67;12;7;1
2024;2025;66;12483;21554;11548;10006;5337;2349;2302;18;9903;25;7551;2314;13;11651;4313;3269;3739;330;11146;580;648;559;502;578;894;1157;1172;1077;936;720;638;513;341;300;233;164;89;45;10408;590;569;557;454;522;848;1080;1120;955;782;575;509;470;377;291;262;215;132;100;1657;6261;3923;6525;3186;3;19681;881;251;475;241;25;9633;3807;2770;1284;1144;424;204;2
2024;2025;67;13090;4769;3643;1126;818;189;119;0;3340;98;2346;894;3;1429;847;282;271;29;2357;101;117;147;101;146;118;151;155;168;159;158;199;171;145;109;118;60;24;10;2412;98;124;132;125;113;119;160;156;176;163;155;212;181;139;116;99;74;40;30;284;980;677;1964;864;0;4455;171;41;62;35;5;2073;656;745;266;285;91;30;2
2024;2025;68;12919;3008;2201;807;549;148;110;0;1979;22;1561;395;3;1029;514;214;275;26;1526;66;88;116;92;83;65;101;108;119;131;115;118;113;71;61;34;32;11;3;1482;66;89;88;98;68;76;107;102;136;126;113;100;102;57;60;41;28;21;4;207;714;547;1161;379;0;2787;152;8;43;16;3;1207;353;371;180;193;83;27;2
2024;2025;69;10451;17765;11905;5860;3682;1143;1029;6;10288;43;7688;2552;5;7477;3536;1739;2007;195;8944;420;452;455;428;432;638;834;860;765;717;613;594;460;364;293;261;204;105;49;8821;449;454;413;357;406;634;829;774;774;651;596;512;451;352;351;296;232;161;129;1401;4768;2484;6446;2664;3;16210;821;180;347;179;28;8009;2906;2672;1059;995;276;101;2
2024;2025;70;10443;594;507;87;62;14;10;3;484;10;370;104;0;110;77;16;16;3;302;12;21;17;11;12;7;24;18;14;22;24;17;31;31;16;17;6;3;3;292;9;9;16;14;12;13;17;16;19;17;15;28;27;29;23;13;8;5;3;43;137;54;262;98;0;548;31;6;6;3;0;276;91;111;31;28;14;3;1
2024;2025;71;10268;1572;1325;247;199;21;27;0;1242;27;926;289;0;330;225;41;63;3;803;37;51;50;43;34;30;40;50;51;55;70;53;59;54;52;38;22;6;8;769;32;42;33;45;38;17;41;56;54;53;60;61;64;47;48;32;17;22;7;97;377;206;627;265;0;1465;60;21;13;13;0;648;178;235;91;92;41;11;1
2024;2025;72;10331;5086;4159;927;640;122;160;5;3722;17;2684;1018;3;1364;738;230;367;29;2584;144;127;122;88;108;139;197;171;183;203;186;221;198;162;98;97;80;42;18;2502;113;115;124;93;95;145;160;186;188;184;200;203;176;143;117;113;77;46;24;429;1313;714;2026;604;0;4614;309;61;46;53;3;2257;684;896;318;273;59;27;1
2024;2025;81;11704;678;584;94;69;16;9;0;556;15;447;94;0;122;75;17;29;3;347;16;22;20;17;15;10;23;20;23;26;28;29;21;21;17;17;13;5;4;331;18;14;18;13;5;10;21;23;30;23;26;25;33;26;14;12;9;8;3;59;150;66;267;136;0;617;43;5;5;8;0;288;78;104;53;39;8;6;1
2024;2025;82;11786;1425;1250;175;146;23;6;0;1122;9;730;382;3;303;199;44;58;3;704;29;42;48;40;40;29;31;35;39;53;66;57;62;35;29;38;22;9;0;721;33;35;40;34;40;19;28;55;55;50;64;75;42;36;43;39;19;8;6;71;313;173;622;246;0;1347;44;19;8;7;0;600;165;213;97;99;18;8;1
2024;2025;83;11456;6808;4865;1943;1264;419;259;3;4428;15;3324;1084;5;2380;1147;612;571;50;3443;172;177;190;185;214;212;259;263;268;231;246;275;238;170;137;96;69;32;9;3365;177;182;154;164;181;213;237;240;260;226;267;253;228;172;139;123;79;42;28;502;1586;909;2830;981;0;6239;299;73;126;69;3;2917;944;965;395;449;123;41;1
2024;2025;84;11578;4466;3030;1436;878;358;197;3;2815;3;2201;610;3;1651;757;466;357;71;2274;124;135;119;115;128;147;159;162;184;158;145;186;157;96;81;88;49;29;12;2192;118;121;115;94;129;139;141;172;179;145;169;164;127;97;100;88;57;28;9;326;1025;657;1756;702;0;4103;217;45;55;41;5;1879;559;637;294;272;78;39;2
2024;2025;85;11581;1866;1349;517;341;132;43;3;1255;3;888;366;0;611;314;187;101;9;953;40;48;64;54;54;53;60;61;62;72;83;73;78;48;50;30;12;7;4;913;40;44;39;55;50;54;56;63;68;61;68;75;83;44;52;27;19;7;8;107;407;198;880;274;0;1744;65;17;20;16;4;786;228;271;123;129;21;14;1
2024;2025;86;11567;6725;4280;2445;1563;587;291;4;4002;280;2694;1028;0;2723;1324;792;593;14;3418;170;176;149;158;199;247;251;278;321;270;251;203;191;159;127;126;79;40;23;3307;145;161;195;157;200;183;227;278;286;226;216;220;176;152;177;121;104;49;34;678;1837;770;2577;863;0;5987;432;93;146;62;5;2934;996;987;401;387;106;57;1
2024;2025;87;12181;957;774;183;129;29;25;0;727;5;505;217;0;230;115;53;60;3;487;24;41;51;25;22;14;21;30;36;55;27;41;35;25;13;10;11;3;3;470;14;35;39;24;19;11;17;37;50;45;44;32;35;20;16;13;7;8;4;44;194;265;337;117;0;907;29;4;11;6;0;369;88;124;54;71;25;7;2
2024;2025;88;12537;3328;2836;492;349;79;64;0;2573;15;1888;668;3;755;430;142;177;6;1674;54;95;77;68;61;69;79;94;122;128;107;184;128;121;100;98;53;28;8;1654;56;79;67;71;69;47;69;106;149;117;141;152;142;104;118;78;50;22;17;204;752;495;1488;389;0;3110;139;37;19;16;7;1498;439;640;180;182;39;18;1
2024;2025;89;12534;5507;3972;1535;940;410;185;0;3720;27;2897;794;3;1787;822;521;409;35;2759;126;176;121;153;158;196;213;193;205;186;194;222;188;138;104;86;49;34;17;2748;121;121;137;139;169;219;209;180;195;192;209;200;182;134;118;98;66;37;22;464;1386;738;2135;782;3;5001;345;52;60;44;5;2372;784;796;325;338;83;46;2
2024;2025;90;12560;9648;6958;2690;1619;698;370;3;6359;35;4974;1348;3;3289;1410;961;805;113;4838;257;258;275;283;290;292;299;339;400;354;332;393;314;216;173;172;114;58;19;4810;218;266;251;259;273;229;302;360;385;374;348;349;309;258;192;194;136;71;36;592;2131;1323;4114;1485;3;8992;416;87;74;71;8;3980;1168;1283;626;653;173;77;2
2024;2025;91;12568;3349;2698;651;406;139;105;3;2441;29;1627;784;3;908;440;183;272;13;1716;90;103;97;111;93;80;83;123;121;121;133;167;126;89;69;52;34;16;8;1633;71;96;79;94;87;81;91;121;128;118;141;145;100;80;73;59;34;20;15;232;768;469;1388;492;0;3092;167;27;38;25;0;1378;381;451;238;222;68;18;1
2024;2025;92;12469;7772;4739;3033;1758;836;439;0;4215;20;3338;855;3;3557;1466;971;921;199;3999;194;216;239;204;233;361;327;343;325;310;270;293;226;159;112;104;56;22;5;3773;191;203;206;179;238;294;316;272;326;324;259;243;203;159;120;105;86;31;18;663;2210;1151;2693;1053;3;7054;403;95;149;64;7;3248;1131;951;453;444;171;98;1
2024;2025;93;12447;1905;1448;457;319;56;82;0;1311;12;930;369;0;594;330;82;174;8;986;44;45;49;55;59;48;46;63;79;60;79;94;76;62;45;49;22;7;4;919;39;49;42;46;39;47;46;67;67;75;68;93;61;45;61;35;24;10;5;141;537;232;786;209;0;1752;97;32;11;12;3;801;212;307;126;118;28;10;1
2024;2025;94;13126;2924;2253;671;498;96;77;0;2079;15;1287;775;3;845;499;142;189;15;1477;59;81;94;79;83;67;79;122;100;120;111;111;106;82;60;58;40;19;6;1447;73;75;93;95;64;67;78;99;95;129;106;103;101;65;59;66;45;20;14;137;660;414;1275;438;0;2760;76;33;23;27;5;1190;309;421;188;197;59;16;2
2024;2025;95;13166;478;379;99;84;8;7;0;356;5;244;107;0;122;94;15;13;0;233;5;11;15;10;14;15;14;6;10;12;28;26;22;7;5;13;8;6;6;245;6;14;17;7;7;14;8;7;16;27;24;25;18;14;9;13;8;6;5;38;109;70;198;63;0;439;26;7;3;3;3;229;93;78;24;21;10;3;1
2024;2025;96;13168;20282;12766;7516;4271;2139;1089;17;11631;54;8846;2722;9;8651;3676;2674;1988;313;10270;550;506;502;508;602;772;901;866;767;706;750;677;611;454;358;300;236;133;71;10012;536;527;467;451;586;743;813;806;716;681;604;651;578;453;393;385;318;194;110;1579;5017;2580;7799;3291;16;18527;984;233;323;189;26;8856;3084;2901;1180;1143;404;144;1
2024;2025;97;12834;8243;5738;2505;1500;645;358;3;5147;30;4094;1020;3;3096;1251;937;753;155;4183;220;255;232;207;210;280;336;384;326;358;270;273;229;185;156;108;81;46;27;4060;245;222;206;165;192;263;334;359;299;301;241;240;250;202;163;130;114;78;56;546;1606;1305;3266;1520;0;7603;322;74;139;97;8;3555;1242;1116;454;512;169;62;1
2024;2025;98;13046;868;770;98;88;4;6;0;726;10;496;220;0;142;97;15;29;3;450;27;23;19;18;26;31;28;38;24;30;39;37;30;21;30;14;6;5;4;418;14;16;18;16;21;29;28;31;27;26;42;42;26;22;27;14;10;8;3;59;279;88;305;137;0;800;37;12;10;9;0;377;102;154;42;68;8;3;1
2024;2025;99;13037;1412;1153;259;189;41;29;0;1060;11;751;298;0;352;205;60;82;5;698;24;33;42;44;36;24;21;48;34;48;57;81;51;45;37;31;25;16;3;714;23;34;37;32;29;27;29;45;42;50;67;68;58;38;39;38;33;15;10;108;296;202;659;147;0;1296;73;23;10;9;3;650;230;236;78;79;19;8;2
2024;2025;100;10383;2455;2041;414;275;83;56;0;1901;24;1533;344;0;554;314;105;129;6;1210;49;66;54;59;63;78;72;84;87;101;75;121;96;66;59;36;18;16;10;1245;54;65;59;63;65;83;64;87;85;95;103;114;79;62;50;43;39;24;11;228;535;376;929;385;3;2210;174;28;24;16;3;1081;351;389;141;146;40;14;1
2024;2025;101;10597;3716;2647;1069;777;169;122;3;2515;27;1958;530;0;1201;686;253;243;19;1933;88;103;107;102;113;115;150;146;139;143;148;133;105;104;77;71;50;30;9;1783;90;99;74;74;90;92;110;145;140;121;135;135;120;107;78;69;60;34;10;282;988;515;1398;531;3;3400;166;26;86;36;3;1606;526;570;205;209;70;26;2
2024;2025;102;10448;2123;1562;561;359;149;53;0;1416;8;1086;322;0;707;319;233;137;18;1076;54;81;57;42;51;67;96;83;75;81;71;91;84;56;36;28;14;6;3;1047;70;42;44;49;35;83;88;81;100;71;67;77;76;50;48;25;20;12;9;179;681;520;502;241;0;1917;109;32;27;29;9;919;298;323;123;116;43;16;1
2024;2025;111;11709;5148;4538;610;391;131;88;0;4305;107;3307;890;3;843;471;160;187;25;2585;115;149;159;130;145;123;98;187;155;198;186;212;188;163;126;116;78;39;18;2563;105;157;131;145;101;92;121;177;156;190;178;210;195;165;139;132;86;48;35;294;996;584;2305;969;0;4819;204;47;32;39;7;2183;647;811;276;301;111;37;2
2024;2025;112;11478;7661;6690;971;665;141;165;0;6309;36;4725;1548;0;1352;789;220;339;4;3763;147;220;218;221;223;219;184;215;256;253;314;311;243;198;189;162;113;52;25;3898;142;212;218;226;193;175;175;239;294;284;304;281;269;234;211;196;130;75;40;505;1480;983;3478;1212;3;7114;335;102;54;45;11;3204;921;1182;404;504;149;44;1
2024;2025;113;12159;8048;6354;1694;1032;407;253;3;5934;45;4539;1349;3;2114;1030;551;476;57;4104;198;212;237;246;245;217;247;259;291;293;290;324;312;210;181;163;109;46;24;3944;173;195;207;220;212;189;214;240;292;258;290;345;283;250;173;170;126;67;40;632;1726;1055;3454;1177;4;7363;415;84;109;61;16;3404;1063;1202;415;485;175;64;2
2024;2025;114;12002;2666;2205;461;333;52;76;0;2140;23;1668;448;3;526;326;69;126;5;1367;56;88;78;83;75;65;84;84;94;106;92;124;109;74;74;45;24;6;6;1299;54;60;83;88;68;74;63;79;100;103;93;128;85;67;64;46;21;15;8;208;626;398;952;482;0;2436;130;39;37;23;3;1113;341;394;149;153;50;26;1
2024;2025;115;12023;10605;8829;1776;1183;335;257;3;8313;71;6488;1753;3;2292;1252;451;528;61;5258;261;271;308;301;285;281;301;328;389;359;351;395;407;280;250;215;156;80;40;5347;235;271;255;277;265;258;303;336;386;330;360;455;404;332;285;254;189;101;51;572;2190;1365;4751;1727;0;9957;406;74;72;89;7;4597;1493;1607;588;636;189;84;2
2024;2025;116;11970;3886;3280;606;426;76;104;0;3069;33;2433;603;0;817;456;139;210;12;1939;88;117;109;101;96;93;128;137;155;125;133;148;140;116;91;80;42;27;13;1947;83;124;98;71;84;90;126;135;157;130;123;157;157;115;99;75;68;35;20;253;995;481;1541;616;0;3612;186;30;30;25;3;1704;555;612;205;242;70;20;2
2024;2025;117;12156;11961;9587;2374;1422;590;361;3;9028;91;6961;1973;3;2933;1438;737;627;131;5950;291;290;288;303;308;360;404;439;443;373;405;467;415;318;288;245;186;95;32;6011;293;299;306;288;302;288;392;410;440;360;402;446;410;362;315;283;215;136;64;750;2568;1472;5152;2019;0;11118;496;128;98;112;9;5240;1714;1891;674;662;206;93;2
2024;2025;118;12883;12971;9438;3533;2044;942;544;3;8685;865;5572;2242;6;4286;1896;1239;997;154;6497;327;339;315;342;378;423;477;490;474;436;411;463;445;321;278;266;179;87;46;6474;303;317;308;294;312;402;414;493;459;381;414;455;484;374;356;256;235;132;85;823;2986;1554;5448;2158;3;12049;468;165;173;110;6;5840;2250;1867;652;725;247;99;2
2024;2025;119;12951;1460;1227;233;135;57;41;0;1116;9;890;217;0;344;179;79;86;0;749;35;49;40;38;34;31;39;48;63;59;60;56;53;48;29;29;20;10;8;711;33;33;41;34;29;25;46;50;61;51;69;53;50;46;33;28;19;8;3;64;340;222;611;220;3;1379;49;5;8;17;3;630;192;231;85;83;30;9;1
2024;2025;120;10459;10620;7678;2942;1978;677;286;3;7320;1135;4450;1734;3;3300;1844;826;545;85;5308;259;279;264;258;297;296;339;376;440;339;350;390;412;302;273;208;123;65;38;5312;244;291;272;238;252;302;355;389;364;350;342;422;395;330;255;191;151;90;79;668;2365;1379;4120;2085;3;9888;339;146;159;73;15;4631;1651;1546;557;568;212;97;1
2024;2025;121;10277;26977;19068;7909;4724;2044;1135;6;17633;6202;7575;3851;5;9344;4233;3030;2030;51;13460;719;718;685;684;711;1040;1151;1034;1027;919;792;934;852;602;509;457;344;205;77;13517;665;707;666;633;722;972;1026;1016;951;861;826;864;859;709;595;548;433;288;176;1973;6095;3496;10829;4574;10;24778;1252;277;403;251;16;11916;4259;3877;1553;1546;484;197;2
2024;2025;131;11745;19893;11729;8164;5319;1343;1491;11;10402;495;7410;2486;11;9491;5009;1844;2496;142;9961;475;543;533;508;445;637;787;882;868;792;692;661;556;385;333;331;286;151;96;9932;510;567;528;438;391;569;756;821;902;725;645;590;533;408;404;410;373;230;132;1495;4936;2717;7835;2907;3;18218;833;191;441;197;13;9031;3387;2853;1240;1184;271;96;2
2024;2025;135;12701;9483;6339;3144;2204;452;488;0;5273;225;3628;1414;6;4210;2391;708;1076;35;4681;276;311;255;229;172;192;300;444;420;396;396;301;270;191;141;159;95;93;40;4802;262;278;279;193;141;185;331;421;450;397;343;319;267;195;174;184;173;132;78;725;2595;1644;3289;1230;0;8651;427;87;193;114;11;4226;1506;1298;652;576;159;35;1
2024;2025;136;12637;8224;5648;2576;1640;578;358;0;5050;9;3937;1102;3;3174;1658;754;719;43;4045;195;228;231;250;221;199;242;287;309;295;300;303;243;196;154;153;141;62;36;4179;209;236;227;219;195;178;238;280;297;294;307;316;251;197;185;198;179;107;66;508;1901;1010;3592;1208;5;7646;301;67;124;76;10;3468;1117;1106;491;557;158;39;2
2024;2025;137;12461;5392;4070;1322;836;204;282;0;3648;19;2672;954;3;1744;906;303;523;12;2635;121;153;150;128;100;110;138;185;175;193;201;196;188;152;134;127;86;67;31;2757;119;136;142;135;92;97;139;176;200;193;203;221;191;161;153;151;126;82;40;298;1355;720;2308;711;0;5054;200;26;58;44;10;2424;839;822;337;318;90;18;2
2024;2025;138;12907;14378;11199;3179;2003;561;609;6;9989;1728;5468;2789;4;4389;2245;850;1211;83;6976;294;415;402;436;385;359;352;424;552;502;504;534;477;381;281;285;223;110;60;7402;292;432;459;362;323;351;366;473;520;560;556;550;526;420;356;365;252;145;94;815;3013;1669;6488;2389;4;13485;434;202;144;92;21;6214;2080;2108;783;922;246;75;2
2024;2025;139;12832;6406;4352;2054;1366;312;373;3;3555;16;2609;926;4;2851;1488;480;826;57;3133;157;214;190;185;125;134;186;246;276;258;224;233;201;137;117;81;91;55;23;3273;159;206;168;157;126;120;198;253;267;263;241;240;212;163;129;120;123;76;52;585;1605;1057;2325;834;0;5783;356;86;129;46;6;2630;794;853;402;429;110;42;1
2024;2025;141;10691;18513;12666;5847;4016;877;945;9;11088;821;7211;3053;3;7425;4159;1277;1886;103;9040;476;498;494;484;371;446;673;784;736;668;689;609;539;410;328;332;279;144;80;9473;474;455;472;414;350;421;693;779;770;714;731;658;525;464;416;392;375;246;124;1165;4252;2431;7609;3056;0;17187;669;183;273;180;21;8504;3154;2752;1134;1146;242;76;1
2024;2025;151;12301;5505;4183;1322;983;136;203;0;3448;11;2563;873;3;2057;1200;266;564;27;2607;101;150;147;141;150;110;128;128;175;194;217;223;215;154;97;101;100;53;23;2898;94;145;162;173;128;106;136;162;211;209;252;236;224;156;133;127;125;71;48;356;1213;808;2418;710;0;5128;228;42;80;24;3;2394;777;819;335;331;104;28;2
2024;2025;152;12316;6780;5105;1675;1237;229;209;0;4220;27;3069;1120;4;2560;1488;381;672;19;3287;165;167;203;181;180;125;132;176;210;223;247;292;278;186;157;159;118;61;27;3493;138;169;171;190;170;109;154;216;243;244;271;302;298;225;154;162;135;87;55;426;1744;958;2838;812;3;6306;280;44;87;55;8;2895;920;959;411;451;124;30;2
2024;2025;153;12143;9176;7020;2156;1490;376;281;9;6519;70;4878;1568;3;2657;1496;534;532;95;4535;169;240;271;253;232;265;228;283;308;314;348;369;331;256;231;191;146;66;34;4641;157;232;216;217;231;218;234;282;296;334;328;399;343;290;248;240;194;122;60;644;1905;1251;3971;1400;5;8491;398;101;128;49;9;4011;1350;1380;506;569;149;57;1
2024;2025;154;12592;15168;10873;4295;2991;675;627;3;8986;50;6718;2211;7;6182;3490;1059;1564;69;7200;378;404;432;433;317;285;344;524;543;503;555;528;481;365;309;319;253;146;81;7968;392;387;392;416;317;250;413;548;607;554;590;589;488;428;379;414;373;258;173;952;3854;2317;6015;2015;15;14088;573;109;241;144;13;6564;2296;2077;897;954;262;78;1
2024;2025;155;12754;11767;9052;2715;1890;455;367;3;7907;1896;3940;2068;3;3860;2247;675;877;61;5637;253;273;297;326;324;256;306;331;395;406;417;505;448;313;194;211;196;115;71;6130;247;287;309;306;292;221;338;373;416;469;468;548;435;306;253;290;291;177;104;762;2532;1825;5047;1601;0;10917;511;107;130;96;6;5173;1727;1757;733;726;177;53;2
2024;2025;156;12408;14848;11207;3641;2448;574;617;3;9529;74;6943;2509;3;5319;2878;915;1433;93;7099;374;407;411;365;300;287;359;433;552;557;584;577;481;384;295;281;242;164;46;7749;303;404;421;402;341;304;388;497;649;585;585;601;521;379;379;341;327;194;128;916;3486;2281;6056;2109;0;13834;601;111;176;119;7;6498;2180;2159;886;970;247;56;1
2024;2025;157;12501;5150;3526;1624;1056;373;194;3;3162;13;2502;645;3;1988;953;567;400;68;2607;125;140;128;152;146;151;162;180;202;223;190;213;188;128;102;85;56;26;10;2543;120;120;133;144;149;132;157;174;206;205;191;221;165;125;103;87;60;35;16;413;1288;791;1950;708;0;4687;261;61;82;57;3;2228;769;715;295;310;94;45;1
2024;2025;158;10363;15152;11913;3239;2184;559;485;11;10467;194;7478;2789;6;4685;2594;873;1162;56;7346;327;363;375;397;384;306;346;463;506;518;495;637;580;427;327;365;301;163;66;7806;293;355;334;374;314;308;359;499;501;573;577;644;610;474;458;439;360;205;129;828;3221;1994;6913;2196;0;14216;506;130;171;116;13;6863;2411;2437;855;871;234;55;2
2024;2025;159;13259;6663;5147;1516;1048;232;236;0;4528;34;3337;1156;3;2135;1207;333;552;43;3238;186;189;182;158;189;160;159;185;240;197;225;290;266;173;124;124;104;62;25;3425;156;168;152;162;168;138;176;201;265;218;265;320;266;180;157;177;134;87;35;698;1304;976;2806;875;4;5913;534;61;88;61;6;2793;828;961;403;438;131;32;2
2024;2025;160;10326;5754;4282;1472;890;273;309;0;3564;6;2692;865;3;2190;1103;365;701;21;2768;129;162;196;178;157;98;98;152;202;222;212;214;180;134;104;124;112;54;40;2986;111;148;169;191;124;92;107;156;224;203;243;234;208;159;159;167;153;76;62;418;1598;769;2371;594;4;5298;275;44;93;40;4;2451;803;765;370;369;108;36;1
2024;2025;161;13683;13584;9941;3643;2733;413;497;0;8202;1067;4997;2137;3;5382;3165;763;1389;65;6561;322;395;388;354;300;264;334;438;501;536;498;512;465;278;269;256;215;149;87;7023;313;353;378;278;271;258;353;478;540;595;518;529;426;304;323;355;325;247;179;915;3605;2050;5276;1737;3;12575;567;98;218;114;12;6050;2234;1902;808;802;237;67;2
2024;2025;172;11989;6883;5490;1393;934;291;168;0;5068;18;3950;1097;3;1815;935;453;396;31;3427;165;215;198;180;175;186;194;260;244;248;266;241;231;186;164;138;88;39;9;3456;148;176;219;181;178;162;197;266;263;248;237;248;219;203;200;146;95;42;28;431;1531;802;3067;1048;4;6413;280;50;86;48;6;2888;849;1019;403;463;114;40;2
2024;2025;173;12161;3970;3607;363;247;64;52;0;3375;27;2715;632;3;595;352;101;136;6;1968;95;116;103;101;107;81;108;126;134;136;163;179;169;136;94;61;42;13;4;2002;89;130;110;128;97;79;98;127;160;126;161;165;158;124;108;75;30;28;9;253;842;546;1674;655;0;3691;176;33;31;28;11;1693;523;601;214;252;84;19;1
2024;2025;176;12821;5871;4613;1258;809;314;135;0;4215;20;3303;889;3;1656;786;482;357;31;3039;143;162;170;166;153;170;183;183;211;222;234;289;211;153;133;122;79;38;17;2832;133;153;137;141;154;132;136;197;186;232;224;257;184;146;139;134;77;42;28;280;1346;758;2607;874;6;5536;175;43;54;57;6;2387;624;882;352;371;108;50;2
2024;2025;177;13137;12750;10116;2634;1601;663;367;3;9403;828;6461;2112;3;3347;1715;884;726;22;6242;275;313;356;312;310;382;433;475;442;435;382;483;444;326;280;260;198;103;33;6508;256;319;299;299;268;340;436;450;427;480;426;478;463;372;359;328;240;172;96;955;2733;1583;5337;2140;3;11717;632;147;148;91;15;5715;2030;2012;703;700;205;65;1
2024;2025;178;12831;4634;3949;685;449;161;75;0;3731;27;2912;792;0;903;490;216;187;10;2315;104;115;154;140;125;75;105;143;162;150;175;208;178;153;121;105;58;31;13;2319;106;122;126;140;83;79;118;141;189;174;172;170;165;155;129;112;70;43;25;288;973;615;2100;658;0;4314;208;27;45;36;4;1902;507;710;267;299;80;39;2
2024;2025;180;10389;3496;3047;449;282;103;64;0;2902;30;2259;612;3;594;312;135;134;13;1754;72;94;100;97;102;68;101;112;115;113;132;164;125;103;106;65;49;29;7;1742;70;87;98;99;78;79;94;108;127;119;139;136;124;111;95;73;58;30;17;175;705;463;1601;552;0;3299;141;17;12;25;3;1472;424;512;221;239;58;18;1
2024;2025;181;10242;2113;1782;331;221;66;44;0;1694;17;1353;324;0;419;239;79;93;8;1068;58;67;53;56;59;63;53;72;76;67;72;79;83;66;53;47;24;14;6;1045;53;57;54;53;42;57;63;66;71;72;72;85;86;66;49;44;27;20;8;153;478;272;869;341;0;1947;115;19;19;13;0;932;323;306;135;102;52;14;1
2024;2025;182;10334;1013;924;89;67;13;9;0;874;13;685;176;0;139;93;19;27;0;502;25;29;25;41;22;18;21;40;31;37;39;43;37;36;21;17;11;7;3;511;27;29;36;31;18;15;29;32;32;50;42;43;34;23;25;22;11;7;5;54;216;129;430;184;0;950;43;9;3;9;0;421;121;151;54;63;22;10;1
2024;2025;191;12205;32571;20288;12283;8497;1932;1845;9;18211;111;13552;4534;14;14360;7551;2757;3573;479;16438;802;779;753;706;851;1427;1743;1501;1406;1214;1161;1083;890;581;479;420;324;214;104;16133;760;736;677;679;828;1372;1497;1405;1298;1163;1116;1010;832;606;556;551;466;356;225;3195;8823;4500;11308;4731;14;29074;1789;465;879;334;30;15181;5853;4974;2027;1709;447;171;2
2024;2025;192;12123;8815;6882;1933;1358;326;247;3;6062;31;4604;1425;3;2753;1538;482;678;55;4284;192;225;260;232;190;181;214;252;295;312;330;374;303;248;203;193;140;95;45;4531;169;228;253;220;215;182;228;254;314;341;338;364;328;270;238;249;154;131;55;525;1885;1234;3926;1237;8;8237;365;59;89;54;11;3836;1255;1338;491;556;156;40;1
2024;2025;193;12248;9637;7153;2484;1651;427;402;4;6157;14;4704;1438;3;3480;1757;697;964;62;4703;236;284;285;263;237;225;272;351;380;416;328;332;294;207;170;191;128;73;31;4934;253;281;302;252;218;251;293;369;409;365;372;315;269;218;234;219;179;99;36;621;2659;1329;3762;1266;0;8945;444;64;100;78;6;4153;1364;1336;578;649;170;56;1
2024;2025;194;12073;5421;4156;1265;792;232;239;3;3660;8;2710;940;3;1761;830;373;517;41;2674;125;152;181;174;170;119;149;184;199;170;188;199;159;110;119;104;93;60;19;2747;115;147;143;143;128;111;150;199;193;220;184;192;150;138;123;154;130;92;35;332;1086;644;2526;833;0;5050;224;49;52;43;3;2282;724;751;308;348;110;41;1
2024;2025;195;12620;10884;8400;2484;1710;394;375;5;7247;31;5503;1712;3;3637;2002;621;967;47;5409;238;298;337;293;295;238;234;278;402;387;407;492;442;284;193;221;209;109;52;5475;234;273;277;262;246;212;228;322;417;440;435;470;434;284;247;262;228;124;80;639;2590;1590;4652;1410;3;10174;438;70;120;76;6;4736;1509;1623;669;688;200;47;2
2024;2025;196;12427;4310;3474;836;545;178;113;0;3140;9;2406;724;3;1170;577;321;253;19;2107;100;137;126;90;88;95;111;153;173;152;151;159;132;100;117;104;83;27;9;2203;102;128;116;98;104;99;117;154;181;141;165;137;133;121;143;137;85;32;10;276;1105;594;1739;596;0;4006;201;27;43;29;4;1845;575;645;239;281;75;30;1
2024;2025;197;12956;5250;3749;1501;969;247;285;0;3348;3;2477;862;6;1902;960;386;540;16;2602;135;130;144;137;144;173;206;194;206;203;179;171;157;120;95;80;68;37;23;2648;116;135;131;140;127;144;198;209;204;199;178;182;157;124;104;107;102;64;27;407;1274;715;2152;702;0;4804;281;55;62;47;3;2352;822;787;312;316;85;30;1
2024;2025;198;10940;36563;27333;9230;5973;1841;1411;5;25038;7977;11216;5833;12;11525;5898;2542;2843;242;17972;900;942;994;979;936;1084;1335;1335;1495;1210;1295;1320;1173;797;672;651;512;254;88;18591;807;950;912;919;859;1082;1317;1347;1434;1313;1248;1395;1180;953;809;819;666;359;222;2245;7609;4251;15289;7167;3;34045;1385;295;499;308;31;16263;5828;5321;2113;2217;559;225;2
2024;2025;199;10368;19854;14598;5256;3062;1523;665;6;13147;22;10341;2780;4;6707;2883;2180;1400;244;9975;515;542;619;568;545;594;638;747;681;740;793;770;679;433;341;350;269;103;48;9879;454;503;528;535;479;533;636;731;742;741;744;724;673;458;455;405;310;152;76;1164;4287;2483;8668;3246;6;18526;749;149;209;181;40;8294;2517;2798;1136;1266;417;160;2
2024;2025;200;13250;8292;5941;2351;1320;623;395;13;5338;8;4220;1109;3;2954;1209;1001;720;24;4228;232;234;237;224;239;260;286;305;330;338;269;310;321;200;166;135;72;53;17;4064;183;210;206;219;220;231;283;311;325;294;308;308;258;232;140;140;108;57;31;623;1849;1090;3517;1212;3;7604;424;65;111;76;12;3411;966;1196;522;525;138;64;1
2024;2025;211;11777;774;696;78;63;10;5;0;670;20;442;207;3;104;75;14;12;3;388;27;28;19;16;20;15;19;28;25;27;28;26;27;30;23;16;10;3;3;386;12;22;19;19;18;13;19;33;23;23;32;36;28;34;22;18;6;3;6;45;186;104;306;133;0;725;30;6;4;4;5;324;89;127;37;50;16;5;1
2024;2025;213;11467;2247;2022;225;146;44;30;5;1846;21;1415;409;3;401;211;73;115;3;1118;61;60;52;57;47;44;75;67;69;88;84;94;99;60;46;56;33;19;7;1129;55;64;58;54;34;58;65;80;90;74;70;87;87;63;64;56;36;22;12;125;519;247;979;376;3;2098;93;14;15;26;3;967;271;377;132;143;30;14;1
2024;2025;214;11574;1159;1045;114;82;21;11;0;988;13;722;253;0;171;106;33;32;0;578;24;25;30;33;33;26;34;44;45;32;36;52;56;44;25;22;8;6;3;581;21;17;27;41;33;38;36;38;45;37;57;41;48;37;23;19;11;8;4;91;289;122;473;184;0;1061;56;24;11;7;0;474;102;204;71;66;27;4;1
2024;2025;215;11583;839;782;57;43;11;3;0;724;7;563;154;0;115;59;23;32;3;410;18;24;25;28;21;15;13;23;28;27;38;39;36;17;18;20;12;5;3;429;18;15;26;33;20;12;17;27;37;26;37;38;36;26;16;24;11;4;6;26;171;121;390;131;0;809;16;6;3;4;3;345;84;141;44;53;19;4;1
2024;2025;216;11565;1731;1556;175;116;35;24;0;1472;13;1071;388;0;259;165;38;56;0;865;47;45;52;48;39;47;46;55;68;58;68;66;44;51;44;38;31;16;3;866;40;48;41;44;30;32;44;63;69;70;66;62;57;51;47;45;25;22;10;71;405;263;705;287;0;1652;43;17;9;8;3;738;205;287;84;125;27;10;1
2024;2025;218;12144;1024;901;123;78;31;14;0;843;8;519;316;0;181;98;39;41;3;496;18;26;28;23;28;20;33;31;43;34;45;46;36;25;26;21;7;5;3;528;33;25;34;26;29;25;31;42;31;44;37;54;32;31;17;13;7;12;5;71;254;109;406;184;0;949;41;16;8;9;3;438;137;151;65;51;25;9;2
2024;2025;219;12294;3898;3218;680;387;172;120;3;2957;33;2161;761;3;941;448;235;236;22;1944;81;116;112;102;101;104;106;136;167;128;113;160;143;119;94;61;55;26;20;1954;94;109;123;101;83;81;104;132;159;133;131;160;130;118;103;77;65;33;18;331;776;553;1682;556;0;3536;251;26;42;34;9;1577;391;596;231;256;70;33;2
2024;2025;220;12001;1168;1032;136;85;28;23;0;982;14;534;434;0;186;100;43;39;4;600;32;37;43;23;23;20;42;53;38;40;37;53;46;41;29;22;13;5;3;568;30;39;23;29;16;22;33;51;54;38;40;50;47;41;21;17;11;3;3;70;277;157;467;197;0;1086;46;21;3;13;3;490;133;186;71;67;25;8;1
2024;2025;221;12283;3227;2894;333;212;56;65;0;2679;18;1927;734;0;548;318;75;150;5;1601;61;87;107;95;102;75;77;88;99;83;139;143;130;102;78;67;36;22;10;1626;70;86;80;105;97;61;73;92;95;111;137;166;128;100;76;54;45;28;22;175;671;414;1484;483;0;3031;140;16;15;24;3;1295;319;456;211;227;65;17;2
2024;2025;223;15514;5765;5000;765;509;159;97;0;4633;33;3545;1055;0;1132;636;242;236;18;2882;110;155;185;193;138;119;141;183;198;199;226;239;234;182;128;94;90;46;22;2883;123;160;169;176;119;108;164;173;211;212;193;269;221;174;136;117;86;46;26;307;1123;731;2733;870;3;5433;192;64;38;28;10;2414;673;881;342;366;113;39;2
2024;2025;224;13145;4150;3051;1099;644;341;113;3;2724;28;2102;593;3;1426;628;475;269;54;2090;98;81;126;128;133;131;165;139;159;151;170;186;135;96;59;58;41;23;11;2060;103;101;118;117;111;127;138;136;169;159;165;148;131;97;66;73;49;38;14;253;961;598;1644;694;0;3856;155;33;55;45;6;1744;545;577;276;208;101;37;1
2024;2025;225;12889;2850;2453;397;240;71;86;0;2282;18;1638;626;0;568;258;127;170;13;1441;65;115;103;91;82;59;64;102;105;102;107;100;97;73;54;61;34;15;12;1409;63;99;85;71;76;51;63;99;128;101;99;104;89;73;59;56;42;35;16;173;616;414;1219;428;0;2666;125;26;13;17;3;1138;321;367;164;191;63;32;1
2024;2025;226;14120;785;713;72;41;16;15;0;689;17;514;158;0;96;50;15;26;5;403;16;31;24;37;18;12;18;27;31;28;35;31;26;22;13;21;7;5;3;382;19;23;27;23;19;7;20;28;36;30;26;27;29;16;21;7;11;8;5;43;119;136;326;161;0;740;36;4;3;3;0;304;78;101;38;57;25;5;1
2024;2025;227;12977;7990;6726;1264;749;303;211;3;6167;39;4535;1590;3;1823;891;437;450;45;3952;227;207;201;187;165;176;257;251;300;275;264;284;281;215;180;186;164;85;47;4038;189;197;180;163;151;157;242;321;284;224;253;317;289;230;232;216;220;102;71;455;1874;961;3573;1126;3;7471;322;61;59;73;4;3585;1178;1353;432;461;122;39;1
2024;2025;228;10857;5300;4192;1108;618;342;147;3;3931;45;2997;888;3;1369;612;428;288;41;2612;116;162;154;143;137;140;141;184;186;169;174;197;188;164;135;101;74;35;12;2688;133;147;173;136;134;124;150;184;203;165;163;214;199;193;129;112;69;39;21;388;1242;876;1987;807;0;4869;276;57;49;48;3;2217;701;772;288;286;112;58;2
2024;2025;230;10347;120376;88147;32229;16611;8827;6724;67;79690;40743;17469;21429;49;40686;16502;12895;10998;291;59579;3058;3275;3104;3088;3198;4746;5511;5302;4751;4058;3701;3772;3343;2538;1995;1680;1346;697;416;60797;2831;3071;3023;2744;3198;4809;5241;5014;4541;3967;3721;3775;3584;2785;2380;2250;1856;1220;787;6160;24273;13967;47786;28164;26;113163;2778;1586;1532;1133;184;54598;21075;17445;6573;6491;2194;820;2
2024;2025;231;10312;6809;5289;1520;975;327;216;3;4787;44;3640;1100;3;2022;928;495;526;73;3403;167;219;185;170;198;191;228;238;269;258;244;258;224;151;135;100;102;46;20;3406;156;200;175;165;168;173;232;252;247;244;201;252;243;190;138;133;112;76;49;448;1805;956;2594;1002;4;6303;293;71;65;61;16;2913;1001;964;350;399;149;50;2
2024;2025;241;14365;1659;1335;324;236;59;29;0;1235;10;912;312;3;424;257;76;80;11;828;52;66;34;32;31;31;52;61;79;74;62;67;43;39;32;28;27;16;3;831;39;59;44;39;29;30;47;59;94;66;68;55;38;32;41;28;32;23;8;83;420;368;563;225;0;1566;52;23;8;10;0;725;230;255;87;123;24;6;1
2024;2025;242;13690;7380;5383;1997;1416;337;243;3;4896;40;3544;1309;3;2484;1452;483;513;36;3664;223;233;191;176;157;191;255;303;340;275;240;223;211;165;135;147;119;51;29;3716;221;204;207;176;158;168;250;330;314;248;252;225;197;209;147;173;111;76;50;508;1908;1038;2788;1137;3;6816;312;81;99;69;3;3151;1017;1030;459;450;156;39;1
2024;2025;243;13691;28295;14472;13823;7826;3900;2083;14;13877;178;10101;3573;25;14418;5803;4585;3330;700;14445;775;791;708;729;861;1246;1352;1333;1099;1036;937;884;809;536;394;362;322;181;90;13850;710;730;691;582;763;1160;1281;1134;1010;923;846;839;751;610;463;471;455;278;153;2244;6779;3758;10440;5072;3;25813;1017;431;703;291;40;12318;4410;3843;1695;1528;588;254;2
2024;2025;244;13692;5312;3692;1620;936;417;266;3;3410;10;2543;856;3;1902;790;639;467;6;2618;134;150;161;166;117;134;168;185;218;166;182;183;153;153;111;87;88;35;27;2694;123;152;170;155;130;138;163;186;212;191;189;164;161;152;128;107;82;60;31;323;1351;759;2169;710;0;4951;215;30;68;42;6;2203;685;716;322;326;102;52;2
2024;2025;245;13693;6914;4378;2536;1696;493;347;0;3744;9;2780;953;3;3170;1563;812;771;24;3503;148;140;138;178;192;240;277;283;290;253;260;258;223;174;126;124;113;56;30;3411;144;134;146;162;168;187;281;258;290;244;231;217;214;148;158;146;123;96;64;580;1836;975;2687;836;0;6278;333;71;157;63;12;3207;1227;1081;408;344;111;36;2
2024;2025;246;13694;2573;2024;549;320;134;95;0;1789;5;1276;508;0;784;374;197;208;5;1327;56;59;55;68;52;59;72;82;88;116;106;131;109;72;64;55;47;29;7;1246;37;61;52;45;48;62;60;79;90;87;102;106;108;79;57;68;63;29;13;126;641;423;1106;275;3;2434;86;24;15;13;3;1210;440;465;115;140;37;13;1
2024;2025;247;13695;20391;10876;9515;5936;2027;1548;4;10027;2718;4892;2415;3;10364;4749;2623;2563;429;10551;508;486;466;422;536;1000;1175;1078;945;820;701;634;551;371;284;254;173;94;53;9840;487;447;479;434;529;928;1007;912;776;661;623;546;483;378;324;283;233;194;116;1636;5799;2699;7163;3087;7;18579;831;291;458;198;34;8990;3414;2726;1283;1027;352;188;2
2024;2025;248;13696;5699;4424;1275;925;147;202;3;3875;3;2744;1123;5;1824;1088;237;459;40;2853;197;194;141;126;104;107;180;265;232;218;207;208;171;131;107;106;87;49;23;2846;172;168;139;120;111;98;193;270;263;176;193;197;155;155;127;113;93;56;47;424;1741;812;2001;721;0;5206;321;73;23;75;3;2425;716;844;362;380;99;24;1
2024;2025;249;13697;4345;3194;1151;727;228;196;0;2793;8;2106;679;0;1552;766;396;366;24;2164;115;133;115;104;88;111;142;170;161;158;164;137;148;119;104;78;77;26;14;2181;91;104;102;94;109;110;147;176;168;148;144;151;147;135;103;91;86;47;28;306;1221;646;1678;493;3;4013;210;40;47;33;3;1904;600;684;282;237;80;21;1
2024;2025;250;13698;10503;7629;2874;1917;615;342;0;6980;44;5249;1685;3;3523;1739;947;743;94;5180;264;264;299;269;287;303;358;391;384;412;333;365;321;245;203;186;167;91;38;5323;247;266;271;266;247;311;372;372;411;389;338;383;298;266;206;228;206;165;81;617;2289;1312;4537;1746;3;9797;365;86;147;100;8;4739;1792;1485;585;633;182;62;1
2024;2025;251;13699;5108;3493;1615;893;476;246;0;3207;22;2447;736;3;1901;811;610;425;55;2636;131;143;137;131;137;158;192;224;182;189;174;193;197;134;120;105;52;28;9;2472;136;124;128;110;126;134;183;230;145;190;156;179;168;145;106;100;56;34;22;306;1319;787;1958;738;0;4761;188;46;60;45;8;2159;679;750;295;270;106;59;2
2024;2025;261;13688;436551;288176;148375;98214;18057;31926;178;241943;125791;43869;71989;294;194608;99362;14797;57928;22521;219491;10484;10579;9650;9375;11728;19863;24507;22611;19270;16620;14543;13257;10586;7562;6165;5327;3834;2271;1259;217060;9872;9829;9289;8360;10070;19102;23649;21298;18155;15720;13173;12155;10448;8521;7722;6785;5680;4062;3170;27102;96345;56455;166404;90048;197;405997;7135;6258;12613;3994;554;211408;94859;62584;25421;20543;5711;2290;2
2024;2025;291;16621;3681;3186;495;352;75;66;3;2963;38;2137;787;3;718;440;109;157;12;1820;83;98;114;125;80;98;98;124;109;142;145;155;122;87;69;74;59;30;8;1861;75;84;136;112;88;86;98;136;126;148;117;143;120;88;80;92;66;45;21;275;877;533;1434;562;0;3380;193;55;22;30;3;1522;409;577;193;241;72;30;1
2024;2025;292;16122;2947;2620;327;245;50;32;0;2502;112;1383;1005;3;445;292;71;74;8;1439;64;85;82;80;71;58;75;95;96;79;95;106;115;102;92;82;37;18;7;1508;68;91;79;85;69;54;76;86;98;86;100;119;123;114;78;75;53;29;25;138;582;411;1249;567;0;2787;72;43;19;23;3;1221;342;463;161;159;77;19;1
2024;2025;293;16123;25704;19402;6302;3920;1284;1080;18;17464;1323;11371;4752;18;8240;4160;1728;2119;233;12542;564;688;672;669;616;727;833;859;902;865;916;936;860;636;554;525;408;225;87;13162;531;663;652;627;589;676;774;877;1051;921;923;962;898;739;657;647;508;281;186;1422;5390;3246;11116;4528;3;24088;770;322;295;215;14;11349;3898;3954;1418;1475;445;159;2
2024;2025;294;16081;5175;4097;1078;634;294;150;0;3892;88;2549;1254;3;1283;637;364;246;36;2623;141;138;155;143;132;127;164;188;184;167;186;212;181;148;111;111;79;37;19;2552;115;150;134;121;117;111;157;186;183;149;185;197;192;138;135;96;98;48;40;330;1172;674;2082;917;0;4803;200;53;70;48;3;2223;759;765;254;268;110;67;1
2024;2025;295;16080;24549;16832;7717;4869;1609;1234;5;14940;4297;6875;3762;6;9609;4743;2176;2405;285;12020;643;681;623;647;558;706;789;938;1009;901;873;948;689;527;460;443;306;186;93;12529;653;652;670;596;516;615;853;998;1046;914;825;917;733;603;555;501;397;294;191;2075;5161;3088;9683;4538;4;22286;1141;370;497;225;30;10594;3490;3519;1586;1482;393;124;2
2024;2025;296;15671;17756;12556;5200;2900;1466;828;6;11402;101;8765;2525;11;6354;2772;1858;1508;216;8823;422;471;458;445;483;574;660;714;689;571;591;636;552;389;319;331;287;161;70;8933;403;439;449;407;496;576;606;658;638;595;579;592;553;429;381;453;360;216;103;1126;3824;2074;7531;3201;0;16501;700;141;245;151;18;7915;2868;2622;944;1015;329;137;2
2024;2025;297;15653;5112;4186;926;568;252;106;0;3966;384;2775;805;3;1146;608;298;222;18;2567;116;144;147;117;122;128;171;174;177;162;189;216;214;169;131;84;68;23;15;2545;117;130;116;131;123;124;155;170;162;170;171;233;203;163;131;101;69;48;28;346;1115;687;2083;880;3;4732;224;58;53;38;7;2234;727;815;275;268;114;35;1
2024;2025;298;15631;6798;6095;703;434;149;119;3;5627;58;4015;1553;3;1171;596;255;290;30;3383;180;180;187;206;153;161;194;222;209;231;238;264;256;207;149;165;97;61;23;3415;154;176;178;171;151;171;178;199;243;222;256;297;239;207;170;163;120;80;40;390;1270;885;3171;1082;0;6370;285;56;36;44;7;2776;732;1025;371;473;133;42;2
2024;2025;301;14995;4620;3965;655;411;157;87;0;3833;679;2558;596;0;787;401;200;171;15;2264;115;114;135;120;124;121;140;147;168;144;145;159;163;124;102;114;76;39;14;2356;80;103;126;84;105;112;139;171;148;150;159;159;176;150;134;142;106;59;53;265;980;672;1970;731;3;4325;192;33;33;36;3;2170;822;769;250;253;61;15;1
2024;2025;302;14996;1096;988;108;78;17;13;0;963;26;826;111;0;133;89;15;29;0;545;19;36;27;32;31;19;31;42;41;26;40;36;32;50;38;23;13;4;5;551;24;30;36;35;19;21;31;41;38;35;39;34;43;50;30;17;9;11;8;65;223;135;477;196;0;1031;43;6;13;3;0;464;141;160;60;76;23;4;1
2024;2025;303;14997;3070;2876;194;152;13;29;0;2762;96;2185;480;3;308;191;27;82;8;1521;62;74;84;77;70;71;92;72;95;109;104;126;126;119;91;69;42;28;10;1549;64;67;75;74;67;74;81;84;100;96;128;143;111;124;90;71;47;37;16;136;577;397;1447;513;0;2913;108;15;12;22;0;1366;412;560;166;166;45;17;1
2024;2025;304;16124;2235;2034;201;164;33;4;0;1974;94;1587;292;3;261;182;44;30;5;1112;46;67;47;45;41;50;55;61;79;87;76;105;105;72;67;57;37;10;5;1123;63;54;63;45;38;41;58;71;94;71;80;90;88;61;63;64;43;18;18;108;435;232;958;502;0;2115;78;14;13;14;3;993;317;368;135;131;32;10;2
2024;2025;305;14999;1409;1337;72;58;5;9;0;1309;29;1110;170;0;100;68;10;22;0;718;38;28;38;35;40;31;38;39;49;52;46;76;64;44;37;33;14;10;6;691;30;35;33;35;32;30;31;42;46;50;64;79;46;50;30;25;18;8;7;98;263;215;589;243;3;1298;86;7;5;13;0;632;202;230;95;80;21;4;1
2024;2025;306;15474;16558;12885;3673;2034;900;731;8;12363;165;10093;2100;5;4195;1658;1358;1073;106;8202;415;479;429;431;412;569;600;623;592;530;515;588;558;415;379;300;220;99;48;8356;403;439;389;359;423;540;564;608;582;502;493;632;567;441;460;397;306;165;86;1025;3807;2234;6718;2771;3;15385;728;127;127;163;28;7533;2677;2660;897;944;276;79;2
2024;2025;307;15001;2600;2378;222;153;13;55;3;2304;46;1842;413;3;296;169;33;92;3;1266;69;75;66;53;39;36;56;90;94;79;83;103;91;79;73;80;58;21;21;1334;57;73;68;75;39;50;60;89;97;93;78;93;105;94;87;72;50;27;27;122;531;360;1153;434;0;2451;103;14;4;28;0;1141;348;456;126;143;54;14;1
2024;2025;309;15003;1285;1220;65;49;10;6;0;1182;39;969;174;0;103;62;15;26;0;656;46;53;30;23;20;29;37;58;46;36;58;43;49;50;37;16;17;3;5;629;30;28;26;29;21;31;40;54;44;46;36;52;51;47;26;30;16;13;9;85;258;175;465;302;0;1185;80;3;3;15;3;587;201;227;61;62;29;7;1
2024;2025;310;15672;2705;2541;164;116;23;25;0;2442;107;1973;359;3;263;147;43;71;3;1349;80;64;67;65;58;56;82;84;95;97;97;126;114;104;72;47;28;8;5;1356;63;78;73;60;56;56;74;88;100;98;87;128;111;88;60;57;33;31;15;135;588;316;1070;596;0;2545;109;20;4;27;0;1155;332;439;155;158;57;14;2
2024;2025;311;15005;3784;3461;323;214;51;58;0;3343;71;2774;498;0;441;237;75;118;11;1870;86;90;97;110;84;93;103;123;126;133;154;146;140;118;91;84;55;27;10;1914;67;101;112;98;78;78;106;131;134;128;134;155;134;144;89;92;60;48;25;250;744;476;1629;685;0;3507;204;22;17;32;3;1699;568;645;187;216;63;20;2
2024;2025;312;15006;3235;2968;267;184;36;47;0;2892;105;2361;425;3;343;213;41;86;3;1585;78;85;65;71;67;74;93;112;107;109;100;125;135;107;103;80;52;15;7;1650;78;83;76;76;63;62;99;113;111;94;120;145;129;117;94;88;55;26;21;223;628;447;1241;696;0;2986;180;21;18;28;3;1463;472;586;162;186;49;8;1
2024;2025;321;15007;4813;3877;936;533;276;127;0;3733;75;2618;1036;4;1080;454;352;237;37;2403;118;132;118;128;140;137;152;146;173;162;165;163;175;170;120;106;58;31;9;2410;117;114;129;127;136;126;125;161;148;172;153;184;167;164;121;117;85;44;20;320;1053;589;2005;835;11;4444;161;75;74;52;7;2118;718;753;262;260;89;36;1
2024;2025;322;15008;477;460;17;15;0;3;0;448;15;325;108;0;29;21;0;6;3;245;15;13;8;11;7;11;15;14;23;13;21;14;22;20;14;15;8;0;3;232;18;11;11;9;9;10;16;17;17;10;11;12;25;25;10;8;5;6;3;32;108;55;176;106;0;444;13;13;6;3;0;210;67;81;20;30;9;3;1
2024;2025;323;15009;678;610;68;55;4;9;0;589;29;371;189;0;89;62;8;19;0;346;14;19;12;20;24;9;15;18;29;19;21;37;33;19;20;25;6;5;3;332;16;11;9;20;14;11;20;20;27;17;39;32;23;18;19;18;7;5;6;50;140;68;284;136;0;623;30;13;4;6;3;314;107;126;36;28;11;6;2
2024;2025;324;15010;779;716;63;51;10;3;0;705;39;521;145;0;74;41;19;14;0;392;19;26;19;13;24;18;21;43;25;20;28;21;28;27;28;17;8;6;3;387;22;21;22;12;16;14;24;35;17;28;21;21;32;27;27;17;20;6;5;71;159;76;310;161;3;705;47;10;12;4;3;341;101;134;42;46;16;3;1
2024;2025;325;15011;166;161;5;5;0;0;0;155;15;107;33;0;11;9;3;3;0;82;0;3;3;3;7;5;3;3;10;3;5;13;7;5;7;5;3;0;3;84;3;3;3;3;3;6;3;5;4;3;5;12;11;8;7;5;3;4;3;10;16;24;76;40;0;156;7;3;0;0;0;87;36;36;6;7;3;0;1
2024;2025;326;15012;731;708;23;21;3;3;0;694;55;481;158;0;37;28;3;5;3;354;16;18;17;25;14;14;18;16;15;31;27;31;27;28;18;16;15;5;3;377;10;13;29;25;14;14;16;27;21;26;30;33;26;24;16;21;14;9;9;32;94;65;299;241;0;696;15;15;3;3;0;324;113;114;31;50;13;3;1
2024;2025;329;16606;16141;11963;4178;1792;1316;1061;9;11709;5094;3663;2948;4;4432;1561;1478;1266;127;7872;370;422;432;423;438;528;578;530;543;521;481;536;504;413;394;335;232;129;63;8269;324;405;377;417;422;492;498;519;575;522;498;554;568;492;472;416;321;231;166;943;3139;1961;6932;3162;4;15103;514;248;149;113;14;7541;3113;2385;833;780;315;115;2
2024;2025;331;15015;2779;2263;516;288;120;108;0;2239;80;1631;527;3;540;240;134;139;27;1430;68;77;95;84;104;90;68;82;110;95;91;112;94;94;59;52;35;14;6;1349;59;68;65;64;70;87;70;92;96;89;93;87;110;84;56;70;42;32;15;261;648;373;1057;440;0;2505;185;43;25;18;3;1221;435;418;138;156;49;25;1
2024;2025;332;15475;3330;3100;230;151;52;27;0;2981;139;2229;613;0;349;193;76;72;8;1652;70;79;86;106;81;88;103;84;115;86;128;135;125;115;83;74;45;37;12;1678;73;68;93;87;68;69;96;102;104;107;126;134;108;110;102;90;65;42;34;152;636;408;1354;780;0;3156;104;23;21;23;3;1514;559;528;155;192;63;17;2
2024;2025;333;15017;1518;1273;245;116;82;47;0;1253;53;842;358;0;265;112;78;65;10;753;24;49;49;43;37;27;19;59;56;42;59;63;50;54;40;37;27;14;4;765;30;45;38;44;21;26;30;52;55;51;52;66;57;42;42;45;33;26;10;85;322;210;611;290;0;1428;49;28;7;6;0;691;258;249;68;69;38;9;1
2024;2025;335;15019;234;223;11;9;0;3;0;220;15;177;28;0;14;9;0;5;0;126;3;6;10;5;9;4;3;6;11;9;9;8;10;11;9;5;6;3;0;108;3;3;5;5;3;3;3;9;10;6;8;9;9;10;8;8;3;3;5;25;38;19;72;80;0;208;17;7;0;3;0;105;32;46;9;13;4;3;1
2024;2025;336;15020;178;165;13;11;0;3;0;163;7;127;29;0;15;12;0;3;0;88;3;3;5;8;5;4;4;6;3;7;9;10;4;5;8;3;3;3;0;90;3;3;4;9;6;3;3;5;8;13;9;4;7;6;4;3;3;3;0;10;24;20;60;64;0;166;6;3;3;3;0;82;30;31;5;11;3;3;1
2024;2025;337;15021;4432;3580;852;514;237;100;3;3431;103;2270;1058;0;1001;492;276;191;42;2213;104;129;125;95;100;134;146;139;167;136;150;176;165;136;109;85;68;34;15;2219;98;121;138;112;100;123;121;150;141;140;141;154;165;140;121;87;86;51;30;354;1002;550;1815;711;0;4046;173;126;45;36;6;1952;670;683;236;235;104;24;2
2024;2025;338;15022;1599;1449;150;107;17;26;0;1409;52;1042;315;0;190;108;22;59;3;800;33;47;34;36;53;47;46;50;58;56;56;48;58;49;44;36;29;14;6;799;35;36;51;37;42;35;44;54;58;51;53;47;65;46;48;37;23;18;19;133;383;263;539;281;0;1452;86;38;6;15;3;725;237;286;95;71;26;10;1
2024;2025;339;15023;375;344;31;26;4;3;0;342;21;278;43;0;33;23;5;5;0;191;7;13;17;10;9;11;4;10;16;5;14;18;19;10;14;7;4;3;3;184;10;9;11;11;10;6;7;12;13;10;17;14;13;13;8;5;5;5;5;36;52;35;149;103;0;337;26;6;3;3;3;151;44;54;22;13;10;8;1
2024;2025;340;15024;582;560;22;21;3;0;0;550;14;402;134;0;32;25;3;4;0;291;18;19;23;14;10;3;20;17;15;22;25;28;23;24;8;14;3;3;3;291;15;15;24;21;5;12;17;17;16;24;22;21;21;21;9;12;11;6;3;27;111;66;238;140;0;548;15;10;3;7;0;234;65;96;22;34;8;9;1
2024;2025;341;15025;519;488;31;28;3;3;0;475;11;321;143;0;44;37;3;6;0;259;15;18;14;10;16;12;15;15;14;13;25;15;17;20;16;7;8;7;3;260;7;12;18;13;11;12;13;13;18;19;21;26;22;13;16;8;5;9;4;22;93;78;237;89;0;494;10;9;3;3;0;224;58;94;35;24;11;3;1
2024;2025;342;15026;3587;2878;709;368;199;142;0;2809;66;2070;672;3;778;293;246;194;45;1820;90;104;94;91;83;94;121;120;134;112;131;126;135;112;94;82;56;29;12;1767;93;88;81;87;82;81;115;126;106;102;116;129;134;124;106;81;61;32;23;283;846;500;1416;542;0;3273;183;66;24;37;4;1587;513;589;205;195;63;22;2
2024;2025;344;15027;903;852;51;44;3;5;0;841;31;645;164;3;62;47;4;11;0;463;23;25;30;21;26;23;26;23;41;31;32;31;41;25;27;20;9;5;4;440;15;21;23;25;20;28;29;25;23;31;35;39;30;21;34;13;17;7;4;70;193;88;327;225;0;826;43;10;16;7;3;392;130;137;53;43;22;7;2
2024;2025;345;15028;1701;1237;464;299;142;23;0;1241;37;732;470;3;460;244;159;52;5;860;44;51;39;36;36;45;42;55;85;62;57;60;68;62;39;41;22;11;5;841;41;45;66;32;36;37;51;63;70;49;46;59;63;56;35;38;28;17;9;111;408;211;679;292;0;1573;47;43;13;18;7;752;263;270;90;77;33;19;1
2024;2025;351;15029;137995;102326;35669;18180;7167;10235;87;94806;53130;18835;22803;38;43189;18530;8976;14887;796;66801;3242;3244;2964;3008;3217;5781;6929;6441;5383;4671;4256;4147;3739;2784;2314;1993;1494;820;374;71194;3003;3044;2736;2592;3513;6412;7281;6308;5487;4603;4106;4167;4037;3287;2965;2704;2295;1482;1172;8945;32047;17265;53391;25464;883;127943;3873;2172;2341;1194;472;68178;31957;20086;7307;6078;1892;858;2
2024;2025;352;15030;6374;5504;870;461;155;252;3;5121;94;3863;1163;3;1253;606;222;393;32;3084;137;172;176;185;149;103;126;181;184;208;206;227;194;155;179;206;162;81;53;3290;131;181;178;147;137;105;149;208;209;216;221;215;211;182;227;213;172;118;70;450;1339;847;2919;812;7;5891;308;48;80;37;10;2775;914;1019;314;386;112;30;2
2024;2025;353;15031;4424;3966;458;293;65;97;3;3663;24;2899;740;0;761;397;114;233;17;2126;96;120;147;120;78;81;81;122;147;138;161;167;142;122;129;115;89;49;22;2298;90;124;128;108;86;74;108;133;168;177;178;153;142;125;142;143;99;65;55;212;825;547;2240;592;8;4187;169;22;13;31;3;1935;607;703;255;285;72;13;2
2024;2025;354;15032;3341;3006;335;215;54;66;0;2805;36;2212;557;0;536;283;86;160;7;1635;73;83;86;84;60;47;87;107;117;120;124;115;133;107;87;82;70;41;12;1706;73;76;84;74;58;48;93;122;134;124;115;128;112;114;108;108;64;45;26;208;781;511;1422;405;14;3097;158;23;26;33;4;1528;503;604;186;183;43;9;1
2024;2025;355;15033;43508;34168;9340;4630;1683;2998;29;32210;579;24965;6657;9;11298;4503;2247;4353;195;20969;1106;1194;1048;1039;1046;1446;1614;1628;1580;1400;1297;1327;1322;1102;883;842;630;313;152;22539;1116;1123;1029;1000;1069;1410;1705;1709;1647;1404;1366;1519;1386;1193;1114;1050;822;529;348;3046;9909;5691;17538;7242;82;40080;2144;418;383;394;89;20327;7934;6706;2456;2350;680;201;2
2024;2025;356;15034;13712;11096;2616;1175;406;1028;7;9936;265;7477;2187;7;3776;1517;597;1516;146;6585;258;343;396;369;295;300;355;376;400;427;442;494;467;384;332;363;332;165;87;7127;278;326;319;332;299;285;344;421;459;478;504;470;490;453;419;457;409;221;163;975;3319;1763;5879;1543;233;12601;654;138;119;103;97;6176;2249;2204;705;730;226;62;2
2024;2025;357;15035;865;842;23;17;0;6;0;813;78;630;105;0;52;33;3;14;3;438;23;20;22;21;19;21;21;28;23;27;29;51;33;27;25;20;17;9;3;427;12;20;23;20;18;14;32;23;22;24;36;40;42;31;21;19;16;10;4;37;154;79;280;315;0;822;31;6;0;6;0;396;148;141;37;50;14;6;2
2024;2025;358;15036;3384;2741;643;318;159;162;4;2602;22;2084;494;3;782;337;188;238;19;1659;74;95;81;98;89;86;85;105;98;104;115;140;128;110;82;72;61;23;13;1725;59;95;89;89;82;84;90;112;105;133;131;130;130;96;96;91;48;42;23;208;905;482;1380;407;3;3159;141;30;24;21;9;1527;508;580;168;201;53;17;2
2024;2025;359;15037;5982;5411;571;354;105;111;3;5180;128;4177;874;3;802;409;141;235;17;2977;125;151;153;135;140;139;172;222;213;184;199;226;247;198;169;123;96;60;25;3005;114;139;148;133;115;141;178;220;222;187;212;236;241;172;177;145;110;60;55;509;1422;683;2472;894;3;5445;416;48;39;30;4;2697;822;1122;315;331;87;20;1
2024;2025;360;15038;9283;8042;1241;618;281;339;3;7547;152;5859;1535;3;1736;804;356;527;49;4472;177;241;210;244;203;149;178;215;275;299;275;349;347;310;324;293;238;101;44;4811;159;223;252;191;189;157;189;240;319;314;304;349;361;354;334;375;261;161;79;413;1710;1199;4607;1349;5;8812;305;53;43;60;10;4176;1391;1623;435;536;144;47;1
2024;2025;361;15039;11591;8682;2909;1309;848;744;8;8151;56;6381;1711;3;3440;1223;1081;1034;102;5668;298;320;277;270;327;358;386;436;404;386;395;367;370;284;225;265;160;81;59;5923;274;303;262;260;290;385;393;434;431;358;380;428;354;315;292;264;225;159;116;830;3224;1355;4627;1535;20;10652;592;95;111;114;27;5301;2007;1786;611;622;209;66;2
2024;2025;362;15040;11546;8257;3289;1381;789;1106;13;7764;16;6136;1610;3;3782;1308;909;1360;205;5637;290;301;292;248;295;320;385;376;423;395;345;399;395;289;274;248;199;104;59;5909;279;313;274;289;257;294;404;418;443;411;319;374;327;340;316;319;239;191;102;678;2890;1589;4882;1488;19;10772;470;95;96;99;14;5342;2118;1711;666;576;194;77;2
2024;2025;363;15041;18326;12296;6030;2757;1275;1969;29;11772;46;9627;2088;11;6554;2349;1520;2409;276;8961;499;490;483;464;488;645;688;664;632;587;595;559;517;417;397;379;261;136;60;9365;412;464;449;419;455;628;707;635;630;591;624;599;539;494;510;476;369;228;136;1320;4432;2788;6931;2789;66;16854;912;167;209;159;25;8787;3728;2760;1008;911;296;84;2
2024;2025;371;15042;56896;37023;19873;10341;3803;5689;40;34580;19628;5931;8957;64;22316;8864;4874;8166;412;28145;1315;1491;1411;1419;1522;2104;2548;2287;2116;1917;1944;1864;1791;1338;1004;904;599;382;189;28751;1230;1401;1346;1346;1546;1972;2369;2163;1974;1812;1884;1875;1777;1431;1266;1190;957;708;504;3289;12411;6997;22779;11383;37;53205;1382;871;896;459;83;28119;13247;7892;3110;2547;933;390;2
2024;2025;372;15043;2657;2306;351;276;26;48;3;2035;18;1446;571;0;622;414;48;157;3;1312;68;81;95;85;77;31;54;86;73;85;92;110;80;91;57;67;39;27;14;1345;48;77;73;88;60;40;52;90;99;102;113;93;98;63;70;75;50;34;20;130;596;426;1191;314;0;2509;73;26;27;20;3;1080;310;365;152;172;62;19;2
2024;2025;381;15044;1744;1592;152;109;18;25;0;1527;35;733;759;0;217;111;45;59;3;866;28;43;54;56;39;45;48;48;66;59;50;73;71;51;58;44;20;9;4;878;36;41;41;31;46;43;50;50;61;52;71;72;82;52;53;43;29;18;7;112;391;239;752;250;0;1617;69;38;4;15;3;808;281;302;95;100;22;8;1
2024;2025;382;15045;916;847;69;54;4;11;0;809;17;690;102;0;107;70;7;22;8;480;26;25;35;20;20;17;30;39;24;34;36;37;44;31;19;25;11;7;0;436;34;26;21;17;14;19;30;26;29;23;47;35;37;22;20;14;12;8;3;40;194;145;395;142;0;868;35;3;3;8;0;380;97;151;47;63;15;7;1
2024;2025;383;15046;3806;3043;763;463;134;165;3;2996;71;2127;798;0;810;394;196;214;6;1874;81;92;120;119;98;91;112;142;136;127;128;153;101;114;90;87;47;29;7;1932;87;107;94;100;99;90;103;121;157;130;130;132;138;95;108;76;73;51;41;227;779;493;1535;752;20;3555;133;59;27;27;5;1707;636;566;209;211;65;20;1
2024;2025;385;15048;1052;941;111;90;18;3;0;912;24;712;176;0;140;99;20;21;0;526;28;31;31;40;23;25;30;36;38;43;37;43;43;24;17;17;14;4;3;526;23;29;42;31;19;28;30;28;48;38;30;51;35;24;25;23;12;6;4;83;253;131;407;178;0;959;71;4;4;13;3;431;116;159;54;71;24;7;1
2024;2025;386;15049;1580;1402;178;104;50;24;0;1342;43;1075;224;0;238;107;65;62;4;787;44;45;55;54;27;22;44;45;66;53;52;45;58;58;54;33;18;11;3;793;40;46;43;41;33;29;43;54;62;52;49;47;53;65;53;39;27;12;5;102;367;194;660;257;0;1473;68;17;13;8;3;671;187;260;77;109;31;7;2
2024;2025;387;15050;5798;4043;1755;821;546;387;3;3950;115;2484;1349;3;1848;681;615;514;38;2919;155;166;174;131;141;189;195;193;187;199;191;202;206;151;147;123;96;52;21;2879;143;132;145;141;144;190;185;196;175;180;162;199;196;169;152;157;107;70;36;408;1428;875;2120;967;0;5345;257;85;49;54;8;2578;918;911;296;279;126;48;1
2024;2025;388;15051;1361;1243;118;89;21;8;0;1195;71;494;630;0;166;106;32;27;3;673;34;44;45;43;24;25;31;42;48;46;55;64;39;39;34;26;20;7;7;688;39;38;40;33;25;21;38;50;58;46;41;57;46;44;35;32;23;12;10;91;266;193;425;386;0;1262;44;34;10;9;3;610;210;216;76;70;30;8;1
2024;2025;389;15052;57;50;7;7;0;0;0;50;0;44;6;0;7;7;0;0;0;30;0;0;3;0;0;3;3;3;3;4;3;3;5;0;3;3;0;3;0;27;3;3;0;0;0;3;3;3;3;3;3;0;5;3;3;3;0;3;0;3;11;14;23;7;0;55;3;0;0;0;0;24;5;11;3;4;3;0;1
2024;2025;390;15053;1453;1249;204;108;68;28;0;1233;24;954;255;0;220;93;68;57;3;725;45;37;47;47;41;22;35;55;39;41;64;52;62;36;32;28;19;17;6;728;31;43;34;48;34;30;35;47;51;50;54;65;47;40;39;29;29;11;11;80;404;150;577;242;0;1364;59;17;3;10;3;604;181;211;73;102;31;6;1
2024;2025;391;15054;904;847;57;43;5;8;3;814;23;571;220;0;90;57;7;25;3;447;20;30;23;24;23;14;20;25;32;29;34;42;41;27;23;23;14;3;3;457;19;21;18;29;21;19;15;41;39;21;42;40;36;24;23;26;16;6;3;49;191;97;365;202;0;851;32;12;3;4;3;401;125;161;41;54;11;9;1
2024;2025;392;15055;5216;3475;1741;960;446;332;3;3362;54;2552;753;3;1854;855;486;439;74;2595;144;159;141;139;155;149;187;205;215;196;146;166;166;135;107;99;48;27;11;2621;145;171;149;133;142;170;222;201;194;151;155;157;175;127;97;109;58;44;21;382;1565;774;1689;806;0;4787;247;66;57;52;7;2254;771;761;271;269;123;59;2
2024;2025;393;15056;870;769;101;71;20;10;0;762;26;450;286;0;108;73;11;23;3;426;21;28;18;13;18;13;26;30;29;25;35;32;40;34;22;21;14;7;0;444;23;33;18;15;10;13;19;34;34;26;26;40;46;30;21;19;13;17;7;50;193;135;337;155;0;813;31;16;3;7;0;395;139;145;46;44;14;7;2
2024;2025;394;15057;633;599;34;28;0;6;0;579;24;459;96;0;54;39;0;15;0;322;15;13;17;16;17;19;12;26;19;17;26;39;21;24;16;14;3;6;3;311;12;12;16;14;15;14;10;30;16;20;34;34;23;17;16;8;9;4;7;51;149;91;224;118;0;579;44;3;5;4;0;287;97;114;26;31;14;5;1
2024;2025;401;15058;1140;1027;113;70;12;31;0;1007;35;829;143;0;133;66;24;42;3;565;31;30;30;36;19;23;42;44;29;48;34;36;51;36;29;31;6;7;3;575;37;31;28;19;23;23;38;41;41;35;44;42;37;41;28;28;14;15;10;67;286;115;469;203;0;1061;54;9;3;13;3;516;178;187;67;58;20;6;1
2024;2025;402;15059;634;607;27;23;3;3;0;583;30;458;95;0;51;32;3;16;0;321;17;10;23;12;14;9;15;13;31;27;26;24;20;29;16;14;10;9;3;313;17;14;12;13;12;8;16;22;24;19;27;22;25;26;11;17;11;10;7;14;137;79;272;132;0;617;10;4;0;3;0;280;84;112;32;40;10;3;1
2024;2025;403;15060;1119;1031;88;69;7;12;0;985;9;803;173;0;134;84;14;28;8;538;17;40;20;27;17;18;22;27;33;51;39;44;49;43;44;25;14;6;3;581;23;31;51;24;22;18;28;30;43;55;35;32;62;36;36;24;13;10;8;68;229;150;532;140;0;1043;51;10;5;9;3;491;141;197;63;72;15;3;1
2024;2025;404;15061;17292;13660;3632;1392;1192;1030;18;12886;4479;6122;2278;7;4406;1458;1516;1324;108;8498;450;430;420;436;484;618;689;605;585;507;495;553;569;466;395;346;243;128;79;8794;389;400;433;412;436;557;614;563;597;512;520;608;596;570;449;423;321;225;169;1023;3989;2089;7187;2996;8;16130;709;157;123;156;17;8118;3274;2706;856;879;300;103;2
2024;2025;405;15673;2032;1943;89;65;8;16;0;1880;92;1511;277;0;152;87;14;51;0;1009;51;53;53;64;50;48;49;53;72;58;70;95;81;48;61;54;25;12;12;1023;30;53;56;45;55;36;61;63;73;69;90;81;70;66;70;34;29;28;14;118;372;221;895;426;0;1909;93;13;9;7;3;897;277;353;108;113;33;13;1
2024;2025;406;15063;3402;3065;337;161;63;112;3;2947;151;2457;339;0;455;186;82;180;7;1738;77;85;75;128;114;107;96;125;120;114;118;134;127;109;76;68;43;15;7;1664;80;68;98;91;76;89;86;111;118;108;115;139;121;103;82;80;52;29;18;189;796;359;1365;667;26;3181;152;12;13;27;17;1474;495;545;150;205;56;23;2
2024;2025;407;15064;1629;1558;71;56;11;4;0;1529;96;1278;155;0;100;66;18;16;0;817;43;41;57;43;43;35;35;50;44;63;66;79;60;45;42;37;23;10;3;812;30;59;35;40;47;25;39;55;49;59;71;76;52;51;29;38;24;21;12;70;248;164;620;526;3;1550;54;11;4;9;3;700;221;261;66;101;40;11;1
2024;2025;408;15065;213;200;13;9;3;3;0;195;5;147;43;0;18;12;3;4;0;102;4;10;6;4;3;5;3;4;4;12;13;6;9;6;7;4;3;3;3;111;4;13;5;4;5;6;3;5;12;10;8;12;5;4;5;5;3;3;3;8;43;24;92;46;0;205;8;0;0;0;0;80;13;33;13;15;3;3;1
2024;2025;409;16607;2794;2419;375;225;87;63;0;2337;34;1897;405;3;457;215;105;119;18;1421;81;95;80;74;64;71;83;120;115;94;90;109;85;58;70;50;48;21;13;1373;65;75;72;51;58;80;91;118;109;92;83;103;95;71;58;56;42;29;25;177;739;477;1020;381;0;2595;143;17;15;24;0;1244;418;464;124;173;56;9;1
2024;2025;410;15067;253;236;17;9;7;3;0;228;6;179;43;0;25;12;7;6;0;128;3;8;5;10;5;7;8;9;8;7;12;11;15;7;6;4;0;3;3;125;4;7;6;3;6;6;7;6;9;9;8;14;12;3;9;3;7;4;5;12;49;26;126;40;0;241;6;3;3;0;3;112;37;41;13;15;6;0;1
2024;2025;411;15068;534;501;33;18;14;3;0;496;13;426;57;0;38;20;13;5;0;264;10;18;12;12;15;10;11;16;19;22;16;29;18;18;18;8;11;0;3;270;17;16;19;11;10;11;10;20;16;24;22;24;13;18;14;13;8;4;0;35;81;118;194;106;0;496;28;3;4;4;0;227;55;100;28;26;17;3;1
2024;2025;412;15069;5922;4982;940;510;281;149;0;4798;109;3905;783;3;1124;465;369;249;41;2941;135;150;151;154;170;129;139;213;178;200;210;216;205;201;159;157;100;54;20;2981;129;137;130;133;132;141;169;187;178;189;211;227;242;201;189;171;122;55;38;379;1196;770;2652;924;3;5502;292;50;29;46;3;2702;952;1021;258;338;99;34;2
2024;2025;413;15070;2281;2088;193;102;64;27;0;2014;69;1571;374;0;267;120;79;59;9;1117;53;59;53;53;52;53;49;63;81;68;84;92;85;88;71;63;30;13;7;1164;54;50;56;50;57;49;51;71;76;76;79;89;102;77;73;65;46;27;16;123;499;251;1016;392;0;2143;82;36;4;16;0;1018;321;405;120;122;39;11;1
2024;2025;414;15071;2381;2225;156;127;4;25;0;2146;77;1786;283;0;235;132;16;86;3;1195;62;51;63;62;60;32;60;90;82;91;88;97;106;91;57;53;28;15;7;1186;37;63;69;38;52;51;58;100;91;77;76;99;115;68;70;46;36;24;16;151;464;311;1081;374;0;2217;127;16;6;15;0;1051;310;428;125;135;40;13;2
2024;2025;415;15072;1484;1331;153;57;43;53;0;1263;33;1054;176;0;221;69;53;91;8;742;40;29;32;32;34;46;48;56;50;49;50;58;45;51;41;40;23;14;4;742;32;41;46;35;39;44;49;50;51;44;43;47;50;45;45;33;29;11;8;99;374;149;624;238;0;1369;78;8;7;17;5;677;219;265;81;83;24;5;1
2024;2025;418;15075;2990;2403;587;222;171;194;0;2289;108;1902;276;3;701;227;217;230;27;1515;66;69;99;95;85;88;84;110;106;90;100;112;104;97;62;76;45;16;11;1475;48;70;87;71;88;78;79;105;112;90;114;107;89;93;85;82;45;19;13;246;671;359;1184;529;3;2729;194;26;23;16;3;1338;476;474;153;148;64;23;1
2024;2025;420;15077;2490;1847;643;212;297;132;3;1821;24;1553;244;0;669;171;262;191;45;1235;49;65;65;62;62;78;90;85;99;78;94;80;95;77;61;46;28;10;11;1255;65;66;75;52;65;82;81;83;91;80;96;85;83;73;53;54;36;21;14;186;610;313;1010;371;0;2282;159;13;10;22;4;1132;426;383;118;137;48;20;2
2024;2025;421;15078;91;85;6;0;6;0;0;83;5;67;11;0;8;0;7;3;0;46;3;3;5;3;3;0;4;4;4;4;6;0;3;3;3;3;3;0;0;45;3;3;3;3;3;3;3;3;4;4;3;3;3;3;3;3;3;0;0;9;25;0;38;19;0;82;3;6;0;0;0;39;12;16;4;6;3;0;1
2024;2025;422;15079;163;159;4;3;0;3;0;154;3;136;15;0;9;7;0;3;0;76;3;8;3;3;3;3;3;8;6;4;7;12;3;3;4;3;3;3;0;87;6;6;3;3;7;3;6;6;8;3;7;6;5;7;3;4;3;4;3;13;29;22;67;32;0;150;13;0;0;0;0;72;22;28;11;6;4;3;1
2024;2025;423;15080;196;194;3;3;0;0;0;190;9;151;30;0;6;4;0;3;0;98;3;3;3;10;3;3;6;6;4;7;11;14;3;7;4;8;6;0;3;98;3;3;4;4;3;4;4;4;7;8;11;8;5;10;6;7;5;5;0;11;26;12;115;32;0;184;7;4;0;3;0;98;32;48;8;8;3;0;1
2024;2025;424;15081;2097;2028;69;47;6;16;0;1973;106;1614;253;0;124;77;15;31;3;1037;65;63;64;49;45;42;50;60;63;71;79;74;77;74;55;57;32;13;4;1060;54;46;63;63;37;32;56;66;79;65;59;77;78;81;64;53;38;33;16;102;334;241;860;560;0;1972;79;16;4;26;0;898;279;347;89;116;47;20;1
2024;2025;431;15082;1819;1529;290;236;19;35;0;1448;27;1125;296;0;371;241;31;98;3;913;51;47;76;66;47;46;44;69;57;67;60;61;54;47;39;36;30;9;7;906;46;49;44;73;37;32;48;59;71;58;60;74;54;58;34;36;21;30;22;90;391;235;737;365;3;1715;61;15;11;14;3;771;249;256;94;124;36;12;1
2024;2025;432;15083;511;471;40;34;5;3;0;437;5;288;144;0;74;56;6;12;0;252;7;14;27;18;12;15;12;15;13;12;21;14;19;18;10;15;7;3;3;259;13;14;14;9;15;13;14;14;19;13;16;23;17;16;17;15;7;5;5;24;119;70;189;109;0;484;11;10;3;3;3;212;65;68;30;36;13;0;2
2024;2025;433;15084;660;583;77;60;6;11;0;553;9;423;121;0;107;67;12;27;3;304;10;13;15;18;15;14;12;23;20;22;14;31;25;24;22;11;6;6;3;356;17;17;18;18;19;15;18;25;22;17;20;31;29;34;15;13;14;9;5;48;132;65;276;139;0;608;23;21;3;6;0;305;115;106;37;27;16;4;1
2024;2025;434;15085;1447;1238;209;161;26;22;0;1162;16;841;305;0;285;180;36;66;3;725;36;50;54;50;45;34;38;41;50;50;70;39;49;29;34;23;20;10;3;722;39;20;37;44;38;39;40;51;33;57;53;42;50;48;40;38;22;22;9;95;305;210;575;262;0;1339;74;15;5;14;0;612;213;183;77;97;27;15;2
2024;2025;435;15086;548;505;43;43;0;0;0;482;10;167;305;0;66;52;3;11;3;266;17;10;13;14;11;15;18;16;21;19;20;22;19;27;8;8;5;3;3;282;8;26;14;12;21;12;20;19;14;18;18;27;28;13;6;12;10;4;0;37;124;69;188;130;0;506;14;23;0;5;0;237;79;78;30;37;8;5;1
2024;2025;437;15088;111;109;3;3;0;3;0;106;8;84;14;0;5;3;0;3;0;55;4;5;3;4;3;3;3;5;3;5;5;3;3;3;5;3;3;0;0;56;5;4;9;3;3;3;3;5;3;3;3;3;3;3;4;3;5;3;0;3;14;11;40;44;0;108;3;0;0;3;0;45;16;12;5;7;3;3;1
2024;2025;438;15089;1260;1104;156;122;9;25;0;1052;31;813;207;3;208;121;18;68;3;639;33;37;44;23;30;36;35;54;34;20;40;48;54;50;26;37;16;17;5;621;37;39;25;27;26;26;38;49;31;38;36;40;49;40;37;26;26;15;16;72;265;152;462;309;0;1178;48;17;7;10;0;564;206;185;74;68;19;12;1
2024;2025;441;15092;957;864;93;76;4;13;0;800;8;361;431;0;157;103;11;40;3;493;19;28;31;28;21;22;24;30;31;39;38;49;29;32;29;22;12;6;3;464;17;16;22;28;18;24;27;40;27;38;42;36;35;40;19;14;10;8;3;67;220;112;380;178;0;886;20;36;8;7;0;396;145;132;42;53;18;6;1
2024;2025;442;15093;232;181;51;45;3;4;0;181;3;109;70;0;51;38;4;9;0;114;3;6;6;3;3;5;5;8;9;5;10;12;11;9;8;3;4;3;3;118;7;3;4;5;3;3;7;12;8;11;4;12;7;8;10;6;5;3;3;19;61;34;84;34;0;212;12;7;0;3;0;102;24;50;14;12;3;3;2
2024;2025;443;15094;5177;3565;1612;1118;196;298;0;3428;1520;689;1217;3;1749;1027;243;453;26;2586;109;133;133;134;195;226;191;148;186;164;168;185;169;126;107;83;60;36;33;2591;106;107;128;130;174;187;154;149;181;165;205;191;154;139;105;104;93;58;61;410;1044;627;2014;1082;0;4726;142;138;120;47;4;2531;1161;717;288;243;87;35;2
2024;2025;444;15095;1909;1588;321;265;19;37;0;1516;27;1176;312;3;393;245;32;115;3;979;44;57;65;59;60;61;64;71;77;46;58;66;71;58;38;38;32;8;6;930;35;38;65;54;53;50;69;70;73;52;63;59;76;42;41;34;27;16;13;105;401;224;788;391;0;1789;81;13;9;17;0;816;270;260;124;107;40;15;1
2024;2025;445;15096;1221;1060;161;146;3;13;0;1024;10;562;452;0;197;151;6;40;0;617;37;34;46;46;32;36;39;43;42;47;50;42;36;25;23;22;10;4;3;604;29;35;36;37;38;26;49;37;45;46;41;42;34;23;27;22;24;5;8;116;265;141;418;281;0;1098;47;58;8;8;3;531;208;141;69;75;26;12;1
2024;2025;446;15097;4727;3828;899;593;108;195;3;3639;544;2315;780;0;1088;628;150;277;33;2383;116;123;143;148;149;156;157;163;153;149;139;145;172;133;113;105;55;44;20;2344;108;107;124;130;134;123;147;161;157;146;150;165;155;128;97;102;87;72;51;254;874;451;1603;1545;0;4431;122;74;55;43;3;2131;852;666;232;247;92;42;2
2024;2025;448;15099;924;767;157;127;11;19;0;744;9;490;245;0;180;119;17;40;4;456;21;18;26;21;30;30;24;25;32;31;37;45;29;25;20;16;12;8;6;468;15;28;26;31;25;15;22;27;35;31;35;39;31;25;28;20;16;9;10;79;201;103;392;149;0;841;40;30;9;4;0;421;166;130;50;52;14;9;1
2024;2025;449;15632;829;713;116;77;17;20;3;672;13;513;146;0;157;89;26;42;0;412;20;20;8;15;21;23;27;22;31;25;36;28;49;24;18;20;19;4;3;417;16;15;18;33;6;16;28;31;21;25;30;45;32;28;15;25;17;12;4;62;186;111;327;143;0;762;37;15;7;6;3;394;154;134;50;43;10;3;1
2024;2025;450;15658;1976;1578;398;272;39;86;3;1491;34;1149;308;0;485;256;58;168;3;1023;47;53;48;56;64;66;51;66;60;57;85;83;77;63;52;42;33;15;5;953;28;41;38;51;50;45;57;72;54;70;65;71;71;64;56;46;39;19;16;138;427;249;825;337;0;1822;93;31;12;18;0;908;327;326;98;116;30;11;2
2024;2025;491;15100;641;492;149;129;18;3;0;494;22;365;107;0;147;122;14;9;3;339;15;20;13;14;20;20;24;25;19;17;23;31;31;23;14;10;10;7;3;302;16;16;14;7;12;17;20;17;21;19;21;31;25;23;10;12;11;4;6;61;138;91;184;167;0;576;29;13;15;4;4;286;75;130;33;39;7;3;1
2024;2025;492;15101;1394;1158;236;202;21;13;0;1088;8;716;363;3;306;222;40;41;3;682;38;29;31;26;13;26;49;55;55;41;34;59;59;51;38;37;24;13;4;712;31;41;27;36;27;26;39;49;52;28;58;61;64;52;45;29;23;17;7;102;341;185;570;196;0;1284;55;30;14;11;0;661;247;240;65;88;19;3;2
2024;2025;493;15102;570;413;157;125;27;5;0;425;13;339;73;0;145;108;24;13;0;306;14;14;22;23;22;14;24;16;21;15;20;24;21;17;13;11;11;3;3;264;16;6;13;11;16;21;15;15;12;18;22;28;13;18;13;14;7;6;0;50;130;69;210;111;0;513;29;14;7;7;0;244;80;81;34;32;13;4;1
2024;2025;494;15103;849;729;120;106;7;7;0;694;9;329;356;0;155;119;9;27;0;418;17;32;18;20;16;29;18;34;28;30;30;28;40;32;11;17;13;3;3;431;19;26;14;20;21;28;17;40;29;29;38;28;32;24;20;19;12;10;5;80;186;154;275;154;0;765;28;41;9;5;3;384;132;138;44;56;11;3;2
2024;2025;495;15104;1016;813;203;142;45;16;0;770;16;379;375;0;246;141;56;44;5;514;28;31;24;17;18;21;40;49;47;36;33;41;40;27;22;18;10;10;3;502;12;31;25;22;22;25;38;42;34;39;35;38;39;32;21;22;12;9;4;84;254;168;342;159;9;925;32;40;9;7;3;448;136;191;49;48;14;10;2
2024;2025;496;15105;3777;3068;709;546;129;34;0;3000;155;1936;909;0;777;509;141;118;9;1856;67;101;102;109;122;89;113;105;120;141;147;126;125;101;100;81;64;26;17;1921;85;94;124;96;106;93;85;105;128;142;151;144;131;113;90;87;69;48;30;215;793;487;1473;809;0;3538;101;65;45;26;3;1613;504;574;212;235;65;23;2
2024;2025;497;15106;572;514;58;52;3;4;0;480;15;340;125;0;92;63;10;19;0;281;9;8;9;6;12;10;7;25;27;13;15;28;31;29;23;13;11;4;3;291;9;11;8;8;14;11;6;19;24;18;19;32;24;30;21;17;8;7;5;32;146;72;223;99;0;536;16;10;6;4;0;299;120;125;23;24;6;3;2
2024;2025;498;15107;1652;1084;568;416;126;25;3;1123;36;795;291;3;529;347;141;39;3;834;51;56;58;30;39;46;57;74;65;64;63;62;37;52;37;25;9;6;3;818;37;55;48;43;40;46;60;66;73;56;49;46;55;38;38;28;23;12;5;126;478;208;518;321;3;1508;64;33;27;19;3;673;176;259;93;94;39;12;1
2024;2025;499;15108;633;544;89;70;14;5;0;533;25;435;73;0;100;69;16;13;3;325;11;17;12;18;18;11;24;24;21;20;18;26;32;15;18;17;13;9;3;308;20;12;11;10;15;14;10;17;30;15;26;21;30;22;16;12;12;14;3;29;141;77;271;115;0;600;24;0;5;4;0;279;87;106;38;37;10;3;1
2024;2025;500;15109;428;370;58;47;9;3;0;363;11;279;73;0;65;43;15;6;3;216;6;10;9;4;12;11;18;10;13;12;21;21;23;12;18;7;7;0;3;212;4;8;7;16;8;4;9;12;12;19;20;20;18;14;12;13;5;8;3;25;85;31;188;99;0;402;15;6;4;3;0;198;62;84;23;24;3;3;2
2024;2025;501;15110;497;392;105;77;16;12;0;373;3;246;122;3;124;83;19;20;3;248;7;13;14;12;16;9;11;15;16;17;16;22;26;22;13;10;6;3;3;249;7;8;17;10;12;5;9;18;19;19;17;29;16;25;9;10;8;4;7;40;141;50;200;66;0;457;19;8;11;3;0;231;95;74;27;27;7;3;1
2024;2025;502;15111;910;829;81;74;4;3;0;795;17;559;219;0;115;89;5;21;0;444;19;19;23;12;30;14;21;29;33;23;26;45;40;37;33;23;10;5;3;466;22;22;19;13;27;7;29;27;23;38;27;46;37;26;34;27;25;11;6;38;203;95;428;146;0;865;23;10;5;7;0;427;141;178;45;45;17;3;1
2024;2025;533;15113;3375;3098;277;166;55;56;0;3010;72;2100;837;3;365;177;69;100;19;1614;74;78;86;90;74;63;92;105;106;98;121;113;102;113;110;100;50;30;9;1761;70;89;87;86;79;76;105;116;107;108;114;134;126;124;110;99;70;35;26;171;713;446;1461;584;0;3181;121;41;9;23;0;1516;465;617;172;204;49;9;2
2024;2025;535;15115;85;83;3;3;0;0;0;83;4;67;12;0;3;3;0;0;0;47;3;3;3;3;0;3;4;3;4;3;3;6;5;3;4;3;3;0;3;38;3;0;3;0;0;4;5;3;3;4;3;3;4;4;3;3;3;0;0;6;20;8;29;22;0;78;6;0;0;3;0;43;15;19;6;3;3;0;1
2024;2025;538;15633;5498;5047;451;280;87;84;0;4875;97;3860;917;3;623;320;116;183;4;2707;134;140;159;146;129;119;143;170;188;205;199;231;209;159;131;113;82;33;17;2791;116;169;161;157;115;111;132;209;189;189;191;241;215;166;167;118;90;34;21;267;1184;728;2333;986;0;5197;194;49;19;38;3;2366;692;897;289;371;89;28;2
2024;2025;540;15634;5872;5195;677;368;143;164;3;4926;340;3521;1062;3;946;427;211;274;34;2838;112;152;172;158;130;112;137;163;180;202;195;225;195;177;155;167;126;57;23;3034;118;140;153;167;125;110;131;193;201;212;203;206;213;200;201;216;133;75;37;324;1221;785;2734;808;0;5523;258;33;27;28;3;2652;876;1014;297;358;75;32;1
2024;2025;541;15120;445;409;36;30;3;3;0;391;8;316;67;0;54;38;4;11;3;226;12;12;14;10;12;13;4;16;15;16;11;25;20;13;14;11;5;3;0;219;14;8;10;9;10;11;7;17;15;13;24;21;14;11;8;15;4;5;3;24;112;62;166;81;0;417;17;3;6;4;0;187;49;77;25;27;6;3;1
2024;2025;543;15122;599;579;20;18;0;3;0;554;3;448;103;0;45;26;3;15;3;290;12;20;17;14;8;12;10;13;20;24;19;29;13;14;26;18;9;9;3;309;12;21;11;15;10;12;12;23;20;16;16;28;21;20;29;18;12;9;4;32;131;73;271;92;0;567;28;3;0;3;0;260;68;112;28;39;12;3;1
2024;2025;544;15123;4155;3144;1011;374;329;302;6;2997;21;2444;530;3;1158;322;381;410;45;2109;119;125;112;105;115;133;144;165;171;164;123;127;130;122;99;81;40;21;13;2046;89;111;97;92;96;124;138;162;162;141;124;127;131;136;116;84;65;36;15;276;1045;540;1677;617;0;3843;205;27;35;42;3;1864;647;664;227;237;61;28;1
2024;2025;546;16622;10696;8403;2293;996;673;615;9;7991;91;6445;1451;4;2705;876;876;853;100;5206;235;277;289;289;309;294;312;330;373;365;341;383;321;275;251;270;176;75;41;5490;202;278;297;278;272;273;341;330;396;365;362;409;357;311;317;316;211;107;68;800;2090;1510;4648;1643;5;9812;613;83;77;91;20;4873;1795;1677;567;583;192;59;2
2024;2025;551;15130;6545;5022;1523;698;514;307;4;4751;36;3940;774;3;1794;566;662;489;77;3200;146;207;202;158;156;199;222;245;229;230;193;230;204;150;143;144;92;30;20;3345;181;163;192;164;136;206;231;256;253;209;199;217;209;197;170;179;98;44;41;461;1585;834;2691;973;3;6031;332;54;57;58;13;2981;1078;1036;353;348;129;37;1
2024;2025;552;15131;4469;4032;437;261;87;85;4;3896;140;2903;853;0;573;279;141;139;14;2194;95;120;121;116;117;92;118;118;152;151;138;184;180;158;120;111;63;30;10;2275;91;118;109;101;85;105;116;153;152;132;169;185;188;169;132;106;85;53;26;225;981;578;1898;787;0;4216;164;40;15;34;0;2041;694;783;229;239;80;16;1
2024;2025;553;15132;96;88;8;7;0;3;0;87;3;79;7;0;9;6;0;3;0;45;0;0;3;0;8;3;3;3;3;3;4;7;4;5;0;3;3;3;0;51;3;3;4;6;5;0;3;3;4;0;5;7;3;3;3;3;5;0;3;10;11;9;41;25;0;86;9;3;0;0;0;45;17;14;6;7;3;0;1
2024;2025;554;15133;1032;929;103;62;13;27;3;899;26;650;223;0;133;60;17;52;4;516;29;26;35;31;15;23;30;45;40;31;41;39;39;32;24;16;9;8;3;516;26;38;35;14;17;26;38;45;38;28;43;42;36;22;20;21;12;9;6;58;251;187;357;178;3;964;32;21;4;9;3;445;143;159;52;58;23;10;2
2024;2025;556;15135;323;291;32;25;3;5;0;284;3;142;141;0;39;27;3;8;3;154;11;7;8;3;7;7;10;9;6;8;18;8;11;16;10;8;4;3;3;169;5;4;10;6;6;5;11;7;14;14;12;11;15;17;13;8;7;3;3;20;57;41;160;45;0;301;8;9;3;3;0;146;40;64;17;23;3;0;1
2024;2025;557;15136;555;538;17;15;3;3;0;523;11;417;95;0;32;22;3;8;0;258;12;14;13;21;6;6;9;17;14;15;25;20;26;11;16;14;11;6;3;297;9;6;18;18;20;5;18;16;16;28;19;24;23;21;17;10;17;10;3;29;80;58;306;82;0;523;23;3;3;4;0;234;56;104;26;34;12;3;1
2024;2025;561;15137;3420;3046;374;337;22;15;0;2967;502;2114;351;0;453;352;41;59;3;1667;87;71;72;78;82;116;103;110;96;95;120;137;122;108;81;76;68;31;14;1753;91;80;98;86;98;92;100;95;104;110;115;130;118;97;93;90;80;50;26;138;435;259;1093;1495;0;3258;55;17;65;24;3;1511;527;544;169;165;65;41;2
2024;2025;562;15138;2325;2145;180;137;36;7;0;2072;90;1652;330;0;253;166;44;39;4;1137;62;55;56;64;50;48;61;75;70;73;78;90;95;67;69;61;35;21;7;1188;51;51;68;42;41;54;59;91;75;64;87;109;93;84;73;64;33;30;19;130;463;262;930;540;0;2188;96;18;10;13;0;1102;435;397;100;107;52;11;1
2024;2025;563;15139;7100;6388;712;415;169;123;5;6246;3841;1750;654;3;854;466;186;194;8;3494;187;196;218;190;191;187;216;237;216;220;225;250;230;210;195;154;112;45;15;3606;160;201;220;200;189;171;212;205;238;231;215;251;261;224;184;175;139;88;42;287;1110;655;2590;2458;0;6758;207;25;40;61;9;3129;1103;1103;344;347;158;74;1
2024;2025;564;15140;810;761;49;35;12;3;0;748;69;623;56;0;62;45;12;5;0;419;22;20;23;27;21;20;33;36;22;25;25;31;32;19;27;16;10;6;4;391;23;18;21;15;18;24;21;32;27;23;26;28;26;23;19;19;13;7;8;47;155;79;286;243;0;754;36;3;8;10;0;372;143;131;32;46;15;5;1
2024;2025;565;15141;1299;991;308;254;43;11;0;932;62;699;171;0;367;268;58;37;4;631;20;20;21;17;32;39;38;50;48;34;37;47;49;47;45;43;32;10;3;668;21;21;32;20;20;39;39;47;42;41;38;44;58;52;48;45;33;13;15;66;284;128;583;238;0;1225;29;8;29;8;0;677;284;273;56;48;12;4;1
2024;2025;566;15142;1130;1015;115;93;6;16;0;965;25;756;184;0;165;112;18;29;6;561;27;24;35;28;19;21;23;27;30;40;40;45;43;41;32;34;24;19;9;569;20;18;24;23;18;27;26;36;35;48;38;50;26;48;39;35;31;14;13;75;237;162;474;182;0;1043;54;5;16;12;0;549;210;215;50;63;6;5;1
2024;2025;567;15143;3792;3546;246;179;39;28;0;3468;274;2830;360;4;324;217;53;54;0;1858;105;113;97;94;81;72;105;131;118;123;131;146;137;125;94;78;62;29;17;1934;90;107;120;100;72;69;108;142;137;108;151;134;125;114;113;92;66;48;38;222;661;400;1250;1259;0;3536;183;21;15;35;3;1696;623;592;157;204;96;24;2
2024;2025;571;15144;1229;937;292;212;34;46;0;859;41;631;187;0;370;255;43;70;3;633;19;20;17;55;39;38;26;37;35;41;50;53;43;45;38;35;27;12;3;596;12;15;24;19;30;36;32;30;29;33;39;54;47;49;36;59;26;15;11;95;321;139;447;216;11;1124;33;19;44;5;4;613;301;212;38;42;16;4;1
2024;2025;572;15145;2786;2427;359;266;35;58;0;2341;68;1935;337;3;445;277;44;116;8;1400;61;67;80;77;62;70;77;92;98;89;109;97;98;87;79;80;46;19;12;1386;69;49;57;70;53;74;83;78;112;105;97;80;109;93;83;83;42;23;26;262;601;353;1117;453;0;2509;208;25;24;20;0;1315;489;482;145;147;40;12;1
2024;2025;573;15146;3256;2740;516;370;79;67;0;2617;257;1849;511;0;639;391;106;128;14;1594;59;65;75;89;79;86;109;95;93;88;102;135;127;116;75;82;74;36;9;1662;61;71;75;68;86;84;83;88;97;103;109;135;143;109;91;97;87;42;33;165;622;403;1210;856;0;3072;98;25;38;21;3;1557;628;557;151;145;43;33;2
2024;2025;574;15147;514;440;74;61;7;6;0;413;39;285;89;0;101;64;16;18;3;258;9;5;8;12;12;16;14;18;16;10;14;25;26;26;12;18;10;6;3;256;10;14;5;10;11;14;14;13;11;16;20;13;30;21;20;13;9;7;5;38;137;58;174;106;3;473;25;7;5;3;3;265;118;90;27;24;3;3;1
2024;2025;575;15148;416;362;54;44;8;3;0;340;10;270;60;0;76;51;10;15;0;196;5;10;11;10;6;4;6;18;11;12;15;23;11;8;15;19;7;4;3;220;10;14;9;11;9;9;11;18;12;13;16;11;20;14;15;14;8;5;3;26;82;42;194;71;3;390;11;7;8;0;0;195;69;71;29;18;6;3;1
2024;2025;576;15149;3930;2742;1188;1015;117;56;0;2670;346;1881;442;3;1260;953;140;165;3;2013;71;60;62;81;106;172;179;150;128;147;145;157;135;119;88;103;65;27;18;1917;55;73;82;50;103;129;133;124;130;156;125;110;143;127;106;100;77;59;35;313;765;348;1401;1082;21;3583;60;51;194;25;17;2039;927;705;192;176;34;5;2
2024;2025;577;15150;436;373;63;56;5;3;0;359;9;286;64;0;77;53;9;15;0;221;10;12;6;15;13;7;10;15;22;11;13;19;20;17;13;7;5;3;3;215;11;7;11;9;7;8;11;21;15;18;13;16;17;20;13;6;6;6;0;27;106;49;177;77;0;409;17;3;7;3;0;209;76;89;13;21;8;3;1
2024;2025;578;15151;344;265;79;74;4;3;0;257;9;216;32;0;87;66;10;10;3;170;5;10;9;10;7;7;6;9;14;14;11;16;17;9;11;6;5;3;3;174;8;6;8;10;11;7;8;11;13;10;13;13;18;8;3;10;7;9;3;21;79;45;133;66;0;320;14;3;5;3;0;160;58;59;14;21;7;3;1
2024;2025;579;15152;629;581;48;46;0;3;0;573;48;471;53;3;56;44;3;9;3;322;13;16;15;18;14;21;16;22;23;21;20;27;26;25;13;17;8;3;4;307;18;10;15;16;19;16;13;20;13;14;27;22;29;17;16;15;12;9;6;28;67;59;174;301;0;595;15;4;8;7;0;287;109;98;28;35;13;4;1
2024;2025;580;15153;529;481;48;39;3;7;0;454;52;296;106;0;75;55;4;15;3;254;3;7;3;12;13;21;15;11;15;14;23;25;27;20;12;19;11;3;3;275;6;13;13;8;12;19;5;11;17;12;18;34;28;22;20;14;12;8;3;21;126;74;226;82;0;507;17;3;3;3;0;254;88;110;28;18;10;0;1
2024;2025;581;15154;6123;3852;2271;1409;283;574;5;3673;39;2935;697;3;2450;1236;386;791;37;3022;121;115;112;119;189;247;273;254;185;221;199;226;180;142;133;140;82;57;27;3101;128;122;105;119;165;219;216;235;202;200;174;220;196;184;154;180;131;80;71;613;1838;813;2215;637;7;5471;331;57;207;47;10;3105;1421;1004;325;246;73;36;2
2024;2025;582;15155;401;352;49;37;4;8;0;329;3;276;50;0;72;47;9;15;3;196;5;3;9;11;5;4;10;12;16;14;13;15;17;20;12;13;11;4;3;205;3;7;17;10;10;3;16;6;15;7;15;18;19;14;15;12;16;4;3;24;52;61;165;99;0;376;21;3;3;3;0;205;92;68;19;20;5;3;1
2024;2025;584;15156;2331;1596;735;588;102;45;0;1511;111;1127;273;0;820;551;114;150;5;1159;40;55;31;40;50;71;71;90;76;72;75;109;108;78;69;60;33;23;8;1172;28;42;30;43;51;68;67;85;82;77;92;92;89;87;67;63;50;36;23;198;456;209;887;581;0;2123;39;24;131;11;3;1287;668;393;103;99;20;4;2
2024;2025;585;15157;1205;1028;177;121;31;24;3;964;17;763;184;0;241;138;42;51;10;603;25;25;34;37;27;21;34;35;43;59;36;41;59;44;38;17;15;10;3;602;22;32;39;25;18;22;30;44;50;47;36;42;54;48;27;23;23;15;5;62;320;214;440;169;0;1140;43;8;10;4;0;545;185;204;60;68;22;6;1
2024;2025;586;15158;239;196;43;37;3;4;0;198;11;150;37;0;41;33;3;6;0;124;8;10;3;4;6;5;12;7;9;5;10;14;11;7;5;3;3;3;3;115;6;5;5;5;4;9;8;10;7;7;7;9;9;10;5;3;5;3;3;21;47;31;73;67;0;215;14;0;7;3;0;109;37;40;13;14;3;3;1
2024;2025;587;15159;4201;3176;1025;669;132;224;0;3044;58;2499;486;3;1157;605;176;346;30;2057;88;90;95;101;109;121;144;144;158;138;154;139;138;143;90;83;61;37;24;2144;59;98;102;75;85;111;116;150;163;138;144;168;161;149;115;115;95;55;45;308;1066;608;1729;477;13;3867;221;25;55;29;4;1976;738;709;259;214;49;7;1
2024;2025;588;15160;366;307;59;37;13;9;0;294;12;229;52;3;72;39;16;15;3;172;4;3;6;8;3;8;8;11;11;8;9;13;26;13;18;10;6;8;0;194;7;3;6;11;12;7;7;10;13;6;12;22;14;16;16;15;8;5;4;18;90;49;150;59;0;346;11;0;7;3;0;185;72;80;14;18;0;3;1
2024;2025;589;15161;481;410;71;58;3;10;0;392;21;270;101;0;89;61;6;22;0;226;4;13;8;6;4;7;10;12;6;12;17;29;33;13;19;19;7;4;3;255;7;8;5;14;7;11;12;17;10;13;25;27;25;17;23;11;11;8;4;37;117;60;197;70;0;444;28;3;6;3;0;251;105;99;22;21;4;0;1
2024;2025;590;15162;2655;2212;443;246;138;59;0;2119;80;1677;359;3;536;267;136;129;4;1329;40;55;57;58;86;76;79;75;99;79;101;99;115;88;85;67;39;20;11;1326;55;57;42;51;55;72;76;81;83;90;107;105;108;85;89;58;59;32;21;152;642;265;1130;456;10;2491;113;4;23;19;5;1292;511;477;138;129;32;5;1
2024;2025;591;15163;98;88;10;10;0;0;0;85;9;64;12;0;13;11;0;3;0;54;0;3;3;3;3;5;5;3;3;5;3;3;3;11;3;3;3;0;0;44;3;0;0;0;6;6;0;4;3;3;3;5;5;4;3;3;3;3;3;13;19;4;36;26;0;85;9;0;3;0;3;51;20;23;4;3;3;0;1
2024;2025;592;15164;668;623;45;36;6;3;0;584;38;413;133;0;84;64;5;15;0;324;11;12;20;16;12;13;24;22;19;11;21;24;27;27;26;21;9;6;3;344;22;17;13;17;8;15;24;18;14;17;20;26;38;27;18;26;8;12;4;36;133;100;282;117;0;625;27;7;3;7;0;321;123;124;31;26;12;5;1
2024;2025;593;15165;5708;4476;1232;866;170;186;10;4201;2009;1446;746;0;1507;908;196;362;41;2728;114;102;125;123;134;137;182;194;163;169;194;221;222;181;162;142;96;42;25;2980;86;106;128;126;124;146;174;172;188;212;205;267;236;232;156;157;140;78;47;425;1322;724;2543;694;0;5252;251;60;100;40;5;2827;1138;1046;299;269;61;14;2
2024;2025;594;15166;2768;2241;527;393;49;84;3;2156;36;1814;304;3;612;395;67;145;5;1365;54;55;68;57;72;98;73;87;120;88;108;121;103;74;60;50;45;22;10;1403;57;50;77;62;78;59;94;82;104;97;105;128;99;82;69;65;46;21;28;225;618;358;1111;452;4;2532;139;9;64;18;6;1285;468;469;150;150;42;6;2
2024;2025;602;15167;983;958;25;21;3;3;0;941;54;794;93;0;42;31;5;6;0;507;27;31;29;30;24;27;28;40;32;38;38;34;35;31;18;22;13;7;3;476;28;19;18;30;18;28;38;31;47;29;31;34;34;25;20;21;11;9;5;61;176;112;369;265;0;913;49;7;4;10;0;424;128;165;47;58;17;9;1
2024;2025;603;15168;1856;1701;155;80;46;29;0;1636;56;1391;188;3;220;102;56;52;10;911;34;37;57;45;47;48;59;54;59;64;66;69;87;56;39;39;29;16;6;945;40;48;45;42;45;46;54;48;54;60;73;78;80;70;42;41;35;27;17;120;419;261;737;319;0;1726;109;8;3;11;0;855;297;333;88;99;25;13;1
2024;2025;605;15170;1293;1260;33;29;3;3;0;1248;96;1059;93;0;45;37;3;6;3;643;26;36;29;31;34;28;34;43;50;37;45;54;67;38;41;28;13;8;3;650;35;29;31;33;30;27;36;52;43;44;45;54;55;47;31;19;24;10;5;69;218;147;496;363;0;1215;62;6;0;10;0;588;200;222;64;78;18;6;1
2024;2025;606;15171;534;520;14;12;3;3;0;506;24;436;46;0;28;20;4;4;0;264;19;15;13;7;15;7;17;18;24;8;19;22;22;16;20;10;5;5;3;270;17;20;4;13;16;10;17;15;16;16;20;22;22;27;10;13;3;5;5;39;118;55;205;117;0;491;36;3;0;4;0;234;70;93;25;33;10;3;1
2024;2025;607;15172;453;410;43;27;3;14;0;399;14;347;38;0;54;26;5;23;0;238;7;17;22;8;5;8;8;11;26;25;15;18;15;16;13;9;11;3;3;215;7;7;18;12;9;6;11;11;20;19;18;13;15;12;16;11;8;3;3;32;86;44;224;67;0;419;29;3;3;3;0;204;65;78;23;29;9;0;1
2024;2025;608;16082;4071;3731;340;217;40;83;0;3562;443;2644;472;3;509;273;59;147;30;2010;82;106;113;120;95;96;98;92;126;125;149;158;147;141;107;135;67;40;13;2061;70;82;108;97;75;83;96;114;136;138;129;180;152;145;143;124;100;60;29;203;729;568;1921;645;5;3839;161;12;24;34;3;1860;643;710;181;233;78;15;2
2024;2025;609;15174;268;262;6;4;0;3;0;258;13;217;27;3;10;6;3;3;0;136;8;13;8;4;3;7;7;12;8;6;11;16;8;13;4;6;0;3;0;132;8;7;6;6;4;7;7;12;13;6;9;14;13;9;5;4;3;0;0;13;59;42;82;72;0;252;13;0;0;3;0;116;31;52;12;15;4;3;1
2024;2025;610;15175;640;610;30;21;5;4;0;593;12;520;61;0;47;29;5;12;3;321;18;21;26;24;17;11;11;23;22;22;27;23;24;15;17;10;6;3;3;319;10;25;21;10;13;15;16;28;23;21;25;27;21;22;9;10;10;5;8;46;142;70;227;155;0;591;41;3;3;4;0;263;80;85;38;35;22;3;1
2024;2025;611;15176;990;919;71;34;21;16;0;910;12;789;109;0;80;34;19;25;3;476;17;32;20;33;15;27;24;33;34;50;35;29;35;31;28;21;9;3;3;514;14;32;43;35;13;28;34;31;44;41;31;33;33;32;24;25;10;6;5;57;216;146;416;154;3;927;52;3;3;7;0;430;132;165;44;66;21;3;1
2024;2025;612;15177;5485;4856;629;291;145;193;0;4708;135;3949;622;3;777;314;166;268;29;2636;96;149;134;112;136;162;141;164;187;161;202;172;183;175;166;124;99;52;21;2849;102;116;149;113;145;158;136;180;183;174;202;194;231;188;186;139;133;78;42;344;1228;742;2300;868;3;5105;269;29;38;36;8;2560;933;989;256;267;94;21;1
2024;2025;613;15178;623;611;12;6;6;0;0;602;53;508;40;3;21;15;3;3;0;305;10;16;12;15;17;14;18;12;15;27;20;28;28;19;16;16;11;6;5;318;19;20;20;13;14;17;12;19;19;19;15;29;27;13;18;17;13;11;3;25;87;41;250;220;0;595;24;3;0;3;0;268;77;115;28;27;13;8;1
2024;2025;614;15179;1275;1231;44;42;0;3;0;1184;82;977;125;0;91;79;0;11;3;604;22;33;25;32;34;31;26;37;30;39;52;61;47;47;29;25;21;8;5;671;32;29;33;45;27;41;21;42;36;41;39;67;63;42;33;27;24;19;10;62;163;140;521;389;0;1207;56;6;0;6;0;515;170;202;42;54;39;8;1
2024;2025;615;15180;561;546;15;12;3;3;0;529;23;466;40;0;32;25;4;3;0;294;5;14;19;25;20;11;14;13;17;15;37;29;22;13;11;16;8;5;0;267;3;13;17;19;16;15;10;11;24;23;22;18;16;18;16;12;9;3;3;30;83;54;275;119;0;531;21;3;6;3;0;245;74;96;30;32;8;5;1
2024;2025;616;15688;13049;11352;1697;801;456;422;18;10842;1938;7108;1796;0;2207;906;492;733;76;6276;286;339;373;324;319;310;347;368;403;405;413;509;393;346;350;333;253;136;69;6773;245;302;344;331;295;291;343;408;444;445;473;458;434;425;398;459;347;191;140;661;2548;1742;5974;2111;13;12294;509;58;80;99;9;5991;2157;2194;639;718;222;61;2
2024;2025;617;15182;710;694;16;15;0;3;0;668;21;572;75;0;42;30;3;11;0;345;17;18;19;15;17;15;25;33;23;19;26;20;29;19;23;16;4;4;3;365;16;16;22;16;10;18;27;26;24;22;33;25;37;29;14;11;6;10;3;44;198;93;258;117;0;658;37;7;0;8;0;318;98;131;28;45;15;3;1
2024;2025;619;15635;3723;3380;343;207;78;54;4;3257;576;2282;399;0;466;231;102;122;11;1848;86;77;105;87;121;99;118;103;104;122;133;159;140;129;92;84;49;29;11;1875;90;94;88;92;81;87;103;113;115;118;137;139;165;121;87;107;66;45;27;264;821;453;1502;683;0;3436;212;28;19;26;3;1656;522;665;187;194;56;32;1
2024;2025;620;15183;706;691;15;14;0;3;0;682;58;573;51;0;24;20;3;3;0;372;16;18;25;11;17;11;22;24;19;34;21;35;37;25;24;16;10;4;3;334;14;18;12;16;8;12;23;25;28;22;19;34;27;20;15;17;9;10;5;27;126;66;181;306;0;673;27;0;0;6;0;320;108;127;31;41;10;3;1
2024;2025;622;15184;660;625;35;27;5;3;0;596;15;520;61;0;64;45;9;9;3;335;19;17;12;18;17;26;32;17;27;20;23;23;27;20;13;10;10;3;3;325;17;14;14;19;20;32;16;15;25;24;18;27;24;16;14;13;11;3;3;52;169;84;263;92;0;596;40;4;8;12;0;302;109;112;36;21;17;7;1
2024;2025;623;15185;2894;2627;267;166;38;63;0;2468;35;2040;392;3;426;200;77;144;5;1451;56;62;75;75;80;64;74;69;110;99;131;106;126;74;87;77;55;24;7;1443;62;59;62;67;59;76;67;81;96;103;122;119;102;92;96;88;54;28;10;155;561;423;1363;389;3;2714;125;16;13;25;3;1326;428;533;159;165;32;9;2
2024;2025;626;15188;1829;1702;127;86;11;30;0;1671;114;1357;200;0;158;98;12;45;3;924;51;35;49;42;53;44;48;51;70;72;61;91;61;61;52;46;29;4;4;905;33;40;50;38;42;45;45;54;74;54;66;68;69;56;47;45;32;22;25;101;373;236;679;438;3;1712;82;10;7;18;0;792;256;307;78;109;26;16;2
2024;2025;627;15189;11595;9317;2278;918;584;767;9;8856;250;7075;1526;5;2739;1002;649;976;112;5596;226;304;330;300;287;244;307;337;362;352;379;428;379;361;331;315;204;108;42;5999;226;263;274;280;281;285;286;355;386;371;378;470;466;396;391;361;278;174;78;671;2484;1371;5200;1810;59;10843;529;70;58;72;23;5392;2062;1886;605;574;191;74;2
2024;2025;628;15190;1668;1558;110;79;12;19;0;1519;46;1308;164;3;149;98;16;34;3;834;47;40;31;52;40;55;63;50;59;57;54;57;66;55;40;41;20;6;3;834;37;37;44;34;50;49;61;50;53;49;40;73;51;62;40;53;25;11;15;110;387;169;687;315;0;1537;96;5;6;22;3;771;274;292;72;100;29;4;1
2024;2025;629;15191;333;326;7;6;0;3;0;322;3;292;27;0;11;5;3;4;3;165;8;6;9;12;9;8;7;13;10;10;15;17;7;11;11;3;5;3;3;168;6;8;7;12;11;12;9;13;12;7;14;13;10;8;9;10;3;3;3;31;53;42;122;85;0;300;25;3;4;3;0;131;29;56;15;16;12;3;1
2024;2025;630;15192;532;508;24;18;4;3;0;467;3;375;89;0;65;40;7;16;3;267;5;10;12;15;15;6;13;10;11;16;28;17;22;20;26;18;13;9;3;265;6;8;12;13;10;8;5;10;14;23;22;20;23;19;29;13;14;9;7;26;77;97;252;80;0;504;24;3;0;3;0;245;72;108;35;19;9;3;1
2024;2025;632;15194;4466;4115;351;210;67;74;0;3966;64;3379;520;3;500;232;107;153;8;2223;108;118;111;109;108;117;156;131;161;143;171;149;180;120;126;111;68;25;11;2243;94;122;120;110;112;106;128;149;140;168;170;154;165;139;133;119;57;40;17;283;993;581;1955;654;0;4159;234;32;14;27;0;1995;659;738;221;291;69;17;1
2024;2025;662;15196;1253;1098;155;87;47;21;0;1076;23;837;216;0;177;99;32;43;3;603;20;19;27;31;24;15;29;45;45;37;41;59;59;38;45;34;21;11;3;650;33;32;40;31;26;23;23;48;36;46;45;60;50;41;45;33;19;15;4;89;292;137;532;203;0;1157;62;16;9;9;0;549;162;232;65;57;22;11;1
2024;2025;663;15197;1470;1237;233;129;54;49;3;1197;21;1001;175;0;273;146;59;62;6;736;42;38;34;32;30;24;47;56;58;58;36;57;55;55;44;36;18;11;5;734;32;39;33;21;27;30;44;56;57;52;53;52;58;59;38;44;21;11;7;104;431;153;578;201;3;1354;85;10;7;12;3;676;225;255;93;75;24;4;1
2024;2025;665;15199;249;213;36;33;3;3;0;209;10;146;53;0;40;35;3;3;0;130;3;6;4;8;16;3;8;10;11;6;14;8;8;9;7;5;3;3;0;119;3;3;6;6;8;5;8;5;7;13;6;11;9;7;6;5;10;3;0;20;51;23;91;64;0;228;11;3;6;3;0;114;38;44;13;16;3;3;1
2024;2025;666;15200;437;415;22;19;3;3;0;398;10;309;79;0;39;31;3;5;0;213;12;5;10;9;7;8;12;10;19;10;24;17;15;14;12;13;8;6;3;224;7;14;12;11;5;10;11;11;15;15;11;20;13;11;22;10;10;14;3;25;94;49;189;80;0;409;16;7;3;3;3;206;85;72;17;17;9;6;1
2024;2025;667;15201;3285;2705;580;327;140;113;0;2603;105;1875;622;3;682;339;151;167;25;1595;67;94;84;79;48;81;91;107;98;105;102;121;135;115;102;68;56;32;10;1690;76;87;71;68;58;88;104;95;107;92;105;117;128;129;95;119;79;48;24;217;855;527;1307;378;3;3044;138;42;24;25;12;1602;659;564;153;165;45;16;1
2024;2025;668;15202;3097;2666;431;310;62;58;3;2600;69;2127;404;0;497;314;81;96;6;1571;68;71;74;74;89;83;94;99;100;122;108;149;117;104;72;80;33;29;5;1526;60;56;76;69;63;51;119;95;108;101;119;126;119;95;84;79;49;31;26;209;658;365;1250;576;39;2849;158;37;22;18;13;1400;464;576;144;152;51;13;1
2024;2025;669;15203;588;497;91;68;10;13;0;465;12;243;210;0;123;71;23;29;0;292;17;23;23;14;8;6;17;17;19;21;28;26;26;12;14;12;6;3;3;296;14;13;19;13;12;7;7;26;22;23;26;32;21;21;16;8;9;3;4;55;140;104;193;96;0;531;15;37;3;4;0;240;57;91;38;41;11;3;1
2024;2025;670;15204;5730;4740;990;567;197;224;3;4535;98;3691;744;3;1195;500;286;377;32;2873;125;163;150;148;152;127;198;188;213;183;205;204;216;149;140;132;99;58;23;2857;128;142;140;134;141;159;172;187;182;194;200;223;184;155;170;159;104;54;29;298;1295;945;2318;874;0;5400;225;54;16;35;0;2538;826;931;324;336;91;30;2
2024;2025;671;15205;380;329;51;27;19;5;0;329;15;233;81;0;51;27;15;9;0;197;11;8;8;7;15;16;12;13;9;9;16;16;18;20;9;7;3;0;0;183;9;11;6;6;8;8;8;11;13;14;16;24;17;8;7;7;3;3;5;24;74;42;166;73;3;352;14;6;3;4;3;157;37;62;31;19;5;3;2
2024;2025;681;15206;266;247;19;16;3;3;0;239;3;124;114;0;27;16;3;8;0;137;5;3;5;6;7;7;9;6;5;4;11;13;11;13;9;12;6;4;3;129;4;6;0;4;10;9;6;7;3;4;10;14;11;14;7;7;9;3;4;14;43;23;156;30;0;249;9;3;3;3;0;126;33;64;14;14;0;3;1
2024;2025;683;15208;150;149;3;3;0;0;0;147;3;115;31;0;3;3;0;0;0;75;4;5;4;3;4;5;3;8;4;6;5;3;8;4;6;3;0;0;3;75;5;3;4;8;4;3;5;3;3;3;5;6;7;7;4;3;3;3;0;11;17;25;57;40;0;138;11;0;0;3;0;63;19;21;11;6;5;3;1
2024;2025;687;15210;186;179;7;6;0;3;0;173;0;111;62;0;13;11;3;3;0;89;3;6;6;3;0;4;4;7;10;4;3;7;9;15;3;5;4;3;3;97;3;3;6;6;3;3;8;7;4;3;5;3;20;6;4;3;5;3;3;9;32;34;84;27;0;176;6;3;0;3;0;93;38;35;10;6;3;3;1
2024;2025;690;15211;1371;1218;153;141;5;7;0;1181;30;817;334;0;190;139;12;35;4;696;27;42;48;32;37;39;42;41;36;45;52;49;39;43;43;35;28;14;4;675;33;39;41;35;29;40;40;40;46;47;34;46;38;40;27;41;35;13;11;66;242;125;525;413;0;1295;50;8;6;10;3;592;193;212;65;82;32;8;1
2024;2025;691;15212;537;483;54;45;3;8;0;457;4;271;181;3;80;52;5;21;3;288;12;12;21;17;20;14;8;17;20;21;16;19;13;17;20;17;15;5;4;249;10;14;12;14;7;12;14;11;25;15;19;17;10;18;17;16;3;11;5;27;147;51;218;94;0;506;17;3;7;4;0;244;95;84;20;28;13;4;1
2024;2025;692;15213;387;324;63;60;3;3;0;308;3;198;107;0;79;58;3;18;0;213;7;9;14;9;17;10;14;13;14;12;20;13;24;8;13;8;3;3;3;174;6;5;6;4;10;8;13;7;12;11;14;17;17;11;12;7;7;4;3;16;106;58;153;54;0;370;11;3;3;3;0;171;52;66;23;20;9;3;1
2024;2025;694;15214;381;340;41;35;3;5;0;329;3;210;117;0;52;33;4;15;0;205;12;13;12;8;6;12;9;15;19;18;11;14;12;14;11;9;6;3;3;176;5;14;12;7;3;8;8;22;14;8;14;11;14;6;11;4;8;5;3;25;79;63;144;70;0;357;18;3;3;0;3;177;68;65;16;17;8;3;1
2024;2025;696;15215;358;330;28;27;0;3;0;318;4;247;67;0;40;28;6;6;0;179;12;17;11;5;9;9;9;19;12;11;10;16;8;5;13;10;3;3;0;179;8;17;12;5;5;12;13;14;14;14;6;11;6;12;12;6;4;5;3;14;90;50;119;85;0;340;11;3;0;4;3;157;53;62;9;16;14;3;1
2024;2025;700;15218;7256;5170;2086;1390;305;390;3;4996;1553;1119;2321;3;2260;1275;343;617;25;3556;151;161;185;215;214;231;225;217;210;216;239;301;256;209;180;131;111;57;47;3700;137;167;172;216;200;216;204;197;227;218;256;288;242;224;174;209;163;113;77;413;1282;684;3114;1758;5;6784;182;112;95;64;19;3526;1581;1048;407;340;111;39;2
2024;2025;701;15219;480;370;110;93;4;13;0;368;6;211;151;0;112;79;10;23;0;245;8;13;13;16;11;15;20;12;15;13;21;19;15;14;14;13;10;3;3;235;9;12;13;11;12;15;15;20;14;16;8;17;16;11;18;12;9;6;3;32;109;55;205;79;0;446;21;5;3;4;3;218;84;71;21;29;8;5;1
2024;2025;703;15221;2506;1931;575;381;50;142;3;1868;97;1329;442;0;638;348;78;201;11;1275;62;67;79;75;92;83;81;71;78;70;75;95;92;80;48;51;42;18;16;1231;45;67;56;66;74;71;83;77;86;69;76;92;78;68;64;56;52;27;24;170;705;284;894;431;22;2307;121;28;19;22;9;1129;459;343;140;122;48;17;2
2024;2025;704;15222;191;154;37;36;0;3;0;150;0;82;68;0;41;37;0;4;0;92;3;3;4;3;5;4;12;3;5;4;9;13;9;4;8;3;5;0;0;99;7;3;3;3;7;5;7;7;4;5;7;13;10;8;8;4;0;3;3;14;47;30;60;40;0;175;13;0;3;3;0;94;38;29;16;9;3;3;1
2024;2025;706;15223;644;595;49;21;4;24;0;574;8;417;149;0;70;32;5;33;0;335;12;24;26;14;16;29;24;17;20;12;32;22;20;21;19;13;8;3;3;309;14;23;15;17;14;16;24;20;20;15;18;28;20;25;18;13;4;3;3;46;116;68;260;145;9;586;29;10;13;4;3;268;94;89;32;31;16;6;1
2024;2025;707;15224;148;144;4;4;0;0;0;138;4;107;27;0;10;7;3;3;0;81;5;3;7;5;6;3;4;5;3;4;4;9;5;5;6;5;3;3;3;67;0;3;4;6;3;3;6;5;5;3;9;7;6;3;4;3;3;0;0;7;19;24;64;34;0;140;5;3;0;3;0;63;20;25;7;5;4;3;1
2024;2025;708;15225;33;32;3;3;0;0;0;31;3;12;17;0;3;3;0;0;0;17;3;0;0;3;3;3;0;3;0;0;3;3;3;3;3;3;0;0;0;16;3;3;0;0;3;0;3;3;0;0;3;3;3;3;0;3;0;3;0;0;5;6;8;14;0;33;0;0;0;0;0;15;6;5;3;3;3;0;1
2024;2025;709;15226;67;57;10;7;0;3;0;54;3;27;26;0;13;9;0;4;0;37;3;0;3;3;3;6;3;0;4;3;3;5;3;3;3;3;3;3;3;30;3;3;3;0;3;3;3;3;3;3;5;3;5;0;3;3;0;3;3;3;14;6;21;23;0;64;3;3;0;0;0;25;7;6;7;3;0;3;1
2024;2025;711;15228;300;261;39;35;3;3;0;257;3;206;49;0;43;30;3;11;3;149;5;13;10;4;5;10;8;13;15;7;16;8;5;10;6;7;3;3;3;151;11;14;7;5;6;3;13;9;18;8;10;9;11;10;8;3;4;3;3;40;43;46;115;56;0;259;34;3;3;3;3;137;56;42;12;22;3;4;1
2024;2025;713;15230;3505;2583;922;619;116;187;0;2614;164;1907;543;0;891;480;138;263;10;1750;81;79;94;117;102;122;103;114;119;116;139;121;139;98;90;47;37;21;11;1755;81;82;95;96;108;101;100;117;109;121;139;122;122;101;97;57;49;32;26;236;765;390;1414;700;0;3242;162;29;32;28;12;1645;703;465;206;185;72;14;1
2024;2025;715;15231;32;32;0;0;0;0;0;31;0;27;4;0;3;0;0;3;0;18;0;0;3;4;3;3;0;3;3;3;0;3;3;3;0;0;3;0;0;14;0;0;0;3;3;3;0;0;3;3;0;3;3;0;3;0;3;3;0;0;3;3;13;16;0;32;0;0;0;0;0;13;5;4;0;3;3;3;1
2024;2025;716;15662;484;376;108;24;17;67;0;370;9;234;126;3;114;30;21;63;0;268;16;5;11;21;19;27;22;14;19;16;21;15;13;17;7;14;6;3;3;216;16;15;8;14;18;12;15;9;17;12;9;12;17;13;12;8;7;3;3;16;108;40;129;158;33;452;13;3;0;5;13;168;60;52;21;18;12;5;1
2024;2025;717;15661;3974;3178;796;631;51;113;3;3075;52;2271;751;3;899;607;73;203;16;1978;93;100;119;111;97;96;140;128;104;137;125;134;150;115;112;101;67;34;15;1996;78;97;88;98;87;101;115;110;124;130;137;157;137;142;110;110;81;53;41;213;783;490;1756;731;3;3731;144;39;25;31;4;1863;720;625;241;195;67;15;1
2024;2025;723;15234;3804;3126;678;533;53;92;0;2863;93;1447;1323;0;941;605;80;247;9;1870;72;78;104;108;98;116;137;105;110;129;128;168;123;112;82;87;62;29;22;1934;60;85;90;96;87;107;113;113;128;113;146;142;154;103;103;104;78;58;54;219;809;464;1682;630;0;3564;90;98;28;23;3;1831;749;577;240;196;61;8;1
2024;2025;724;15235;768;704;64;53;5;6;0;688;15;374;299;0;80;59;5;16;0;405;17;22;33;27;15;22;25;23;22;27;30;36;31;26;20;15;10;3;3;363;17;15;24;22;13;20;14;24;14;29;32;32;34;18;18;19;7;9;3;29;148;92;300;199;0;732;17;12;0;7;0;324;102;107;46;46;15;8;1
2024;2025;726;15636;2157;1910;247;197;31;19;0;1817;40;1077;700;0;340;236;41;61;3;1074;46;63;58;59;54;47;58;73;71;61;65;93;80;86;62;44;30;18;6;1083;44;65;61;41;44;40;63;79;65;63;67;85;108;85;59;47;39;12;16;125;482;260;876;404;10;2015;66;39;11;14;12;1001;408;307;118;119;35;14;2
2024;2025;731;15237;2473;1942;531;269;163;99;0;1808;27;1452;328;3;665;215;239;193;18;1201;62;51;54;66;61;75;75;87;95;78;70;103;73;70;61;51;36;23;10;1272;77;73;70;42;61;67;93;85;74;75;76;85;75;87;77;68;47;26;14;221;688;428;886;250;0;2229;152;34;23;30;5;1117;406;382;139;124;48;18;1
2024;2025;732;15238;1801;1646;155;121;11;23;0;1543;21;1198;324;0;258;148;34;71;5;905;51;54;50;67;46;31;38;45;54;75;64;87;67;56;42;42;22;12;3;896;46;46;55;45;36;19;43;65;63;75;71;78;68;50;44;45;21;18;8;98;394;268;804;237;0;1687;82;5;6;18;3;734;174;281;110;128;34;7;1
2024;2025;733;15239;4650;3350;1300;469;286;541;4;3223;59;2562;601;3;1427;422;330;637;38;2223;141;122;129;99;112;132;149;157;148;145;144;156;149;138;97;93;60;36;16;2427;119;135;145;125;130;153;130;158;167;129;157;154;166;134;130;119;74;72;30;360;1114;644;1868;663;3;4239;262;33;56;55;5;2166;862;691;262;235;87;29;2
2024;2025;734;15240;482;459;23;20;3;3;0;443;4;362;77;0;39;29;3;6;3;231;9;8;10;8;8;6;12;16;21;11;25;24;20;20;18;3;9;3;3;251;19;8;10;13;6;8;18;17;17;15;17;31;19;19;13;8;5;6;3;20;121;78;191;72;0;459;16;3;3;3;0;229;72;99;26;28;3;3;1
2024;2025;735;15241;366;331;35;32;0;3;0;328;15;275;38;0;38;28;3;9;0;179;8;8;4;10;8;11;6;17;8;6;12;20;20;10;18;8;3;3;3;187;13;11;7;8;12;6;10;12;15;10;10;13;21;15;10;3;5;4;3;40;71;33;123;99;0;323;26;4;10;3;0;150;31;69;22;17;8;3;1
2024;2025;736;15242;436;401;35;18;12;5;0;383;6;294;83;0;53;25;14;14;0;223;13;14;12;6;5;4;7;20;14;14;15;22;24;17;6;13;8;7;3;213;10;12;10;14;5;8;14;15;13;5;14;23;24;13;10;8;9;3;4;22;92;73;202;47;0;409;17;3;3;5;0;181;40;82;22;29;7;3;1
2024;2025;737;15243;315;298;17;17;0;0;0;287;14;221;52;0;28;23;3;4;0;161;5;10;3;8;4;4;6;14;14;10;17;11;7;14;11;15;3;3;3;154;4;4;14;10;3;4;3;14;15;10;13;7;11;6;16;7;7;4;4;11;57;63;122;62;0;304;9;3;0;0;0;144;50;53;17;18;5;3;1
2024;2025;738;15244;660;629;31;24;3;5;3;609;18;499;92;0;51;28;3;19;3;332;9;16;16;21;12;9;13;23;14;17;21;36;40;22;23;22;6;9;3;328;16;13;14;20;16;8;14;26;17;18;26;36;32;17;21;15;12;5;3;36;108;92;325;99;0;619;32;3;3;5;0;277;64;123;35;37;15;3;1
2024;2025;739;15245;3869;3309;560;334;72;153;3;3083;23;2362;698;0;786;386;93;280;27;1871;81;82;83;122;103;83;90;102;121;106;119;147;154;121;100;120;74;43;20;1998;88;92;85;95;69;74;95;122;130;131;125;167;149;129;133;142;94;50;28;209;744;493;1955;468;0;3633;161;17;26;30;3;1805;630;683;217;216;50;9;1
2024;2025;740;15246;525;487;38;33;3;3;0;455;23;291;141;0;70;51;6;11;3;252;3;12;11;17;7;11;9;9;16;14;17;25;17;24;16;23;9;8;4;273;7;11;11;15;9;11;8;10;13;18;16;28;27;17;22;24;12;9;5;28;95;84;239;79;0;496;12;14;3;3;0;259;99;97;31;24;6;3;1
2024;2025;741;15247;403;392;11;9;0;3;0;372;17;303;52;0;31;26;0;5;0;202;5;9;7;11;12;5;11;7;5;14;18;22;18;15;7;14;11;9;3;201;4;6;6;8;10;5;9;9;6;16;12;29;17;13;9;13;18;7;4;19;71;52;183;78;0;384;12;7;0;0;0;181;52;79;27;14;7;3;1
2024;2025;742;15248;881;816;65;48;7;10;0;764;13;590;161;0;117;72;12;33;0;431;17;22;16;21;10;12;23;13;28;25;32;39;42;32;24;28;33;9;5;450;14;16;14;22;20;13;26;16;29;33;35;43;47;23;33;24;28;9;5;53;158;112;457;101;0;825;46;6;3;3;0;394;103;179;53;43;14;3;1
2024;2025;743;15249;7053;5181;1872;773;362;735;3;4897;45;3786;1066;0;2156;781;408;901;66;3389;185;194;169;187;173;204;244;279;253;186;206;227;225;181;154;133;103;57;29;3664;164;190;167;160;157;217;267;251;264;210;210;225;254;174;199;192;181;116;66;500;1937;943;2773;898;3;6492;357;65;64;67;8;3497;1629;1026;345;325;129;43;1
2024;2025;744;15250;3373;2608;765;365;218;182;0;2457;34;1959;464;0;916;345;277;256;38;1636;92;91;89;85;66;95;121;118;126;116;90;96;108;101;88;68;47;24;15;1737;106;103;83;68;73;83;124;107;123;99;97;113;126;92;97;101;63;51;28;218;1096;409;1240;408;3;3116;176;24;9;45;3;1497;508;523;215;167;60;24;2
2024;2025;745;15251;3904;3354;550;374;88;87;3;3110;30;2398;679;3;794;401;132;240;21;1881;93;106;110;90;70;59;104;111;136;137;134;128;145;117;104;99;81;43;14;2023;85;101;96;100;87;76;111;132;164;135;109;146;134;136;99;123;93;62;34;251;896;639;1641;477;0;3626;171;42;32;31;3;1758;586;666;187;243;57;19;1
2024;2025;746;15252;2057;1861;196;154;19;23;0;1789;35;1424;330;0;268;163;35;61;9;1042;48;66;69;47;42;42;44;62;69;58;91;82;89;75;62;50;25;9;12;1015;43;46;56;49;41;32;51;78;62;60;83;70;92;74;53;58;40;13;14;126;468;258;896;309;0;1918;104;16;3;16;0;909;284;337;113;139;28;8;1
2024;2025;747;15253;535;468;67;57;5;5;0;466;7;366;93;0;69;42;9;17;3;263;12;18;19;14;10;9;9;20;23;20;15;23;21;19;14;8;6;3;0;272;15;13;19;11;14;12;20;22;15;18;11;25;20;17;9;10;7;10;4;22;157;71;207;78;0;509;14;3;4;5;0;224;69;75;29;38;9;4;1
2024;2025;748;15254;690;615;75;50;12;13;0;579;10;485;84;0;111;58;21;30;3;350;17;16;20;25;20;20;17;12;19;20;27;37;36;19;16;11;11;4;3;340;11;15;14;12;24;20;18;17;19;21;28;38;31;14;17;18;12;8;3;55;135;110;296;94;0;631;44;8;3;4;3;297;86;121;37;32;15;6;1
2024;2025;749;15255;3537;2512;1025;470;330;224;3;2485;22;2035;427;3;1052;340;409;267;36;1739;88;92;122;108;96;106;106;121;124;122;112;107;115;79;80;81;50;26;4;1798;72;98;119;98;100;104;118;129;144;106;110;113;105;100;90;84;67;27;14;267;997;611;1271;391;0;3242;195;22;42;31;5;1536;510;535;191;200;72;28;1
2024;2025;750;15256;1398;1273;125;78;18;29;0;1221;11;977;233;0;177;90;22;61;4;665;24;42;36;39;23;22;36;43;41;47;35;61;62;47;46;23;17;10;11;733;30;34;36;38;34;27;22;37;50;52;45;69;75;60;50;24;24;12;14;94;243;198;675;188;0;1297;76;7;8;10;0;594;169;238;74;81;20;12;1
2024;2025;751;15257;3084;2801;283;207;37;39;0;2690;80;2060;549;3;394;238;51;99;6;1487;62;62;89;69;76;47;61;72;95;86;104;106;125;106;101;106;72;31;17;1597;59;68;70;60;62;47;61;89;103;99;113;135;111;104;122;119;79;55;41;166;642;405;1422;448;3;2905;122;33;8;15;3;1432;493;570;149;174;35;11;1
2024;2025;754;15258;1045;976;69;56;12;3;0;964;24;836;104;0;81;56;8;11;6;538;35;31;36;29;27;11;29;33;33;34;45;43;46;37;24;29;11;3;3;507;33;23;22;24;14;22;30;32;33;37;46;49;29;37;23;22;14;6;11;63;195;170;402;215;0;978;50;8;3;6;0;440;115;182;51;68;18;6;1
2024;2025;755;15259;2615;2277;338;218;74;46;0;2173;37;1757;379;0;442;198;108;121;15;1253;72;73;51;65;42;66;87;68;80;85;90;100;78;82;75;61;39;27;12;1362;60;73;60;67;66;78;79;82;86;75;84;101;104;80;70;79;67;35;16;210;744;316;1029;315;3;2383;174;19;15;22;3;1179;403;419;152;156;37;12;2
2024;2025;756;14978;1174;1015;159;110;25;24;0;958;50;669;236;3;216;140;27;44;5;588;22;20;36;20;25;32;22;38;41;44;31;52;47;36;50;40;17;14;3;586;32;19;21;20;13;17;22;42;43;47;29;63;44;43;45;32;26;14;14;70;304;148;483;169;0;1092;30;33;5;13;3;573;218;220;60;55;17;3;2
2024;2025;761;15260;868;812;56;48;8;0;0;791;68;632;88;3;77;59;9;9;0;440;21;23;24;18;21;16;24;30;34;25;20;41;39;37;27;23;7;9;3;428;14;25;28;23;15;20;15;28;32;22;27;42;34;38;24;15;19;5;3;38;159;96;197;378;0;823;25;6;6;8;0;381;127;146;45;35;16;12;1
2024;2025;762;15261;2304;2189;115;102;9;4;0;2149;211;1736;200;3;155;122;15;14;4;1160;63;52;62;62;46;74;70;64;65;92;76;98;78;78;64;56;36;19;5;1144;46;51;53;62;46;59;72;80;61;74;86;92;85;81;52;67;49;16;12;113;362;243;739;847;0;2172;88;6;17;20;3;1054;389;365;110;138;43;9;2
2024;2025;763;15262;1731;1621;110;82;11;17;0;1563;377;992;191;3;168;117;17;34;0;865;40;48;45;33;34;45;62;60;54;40;55;78;73;60;45;43;32;12;6;866;41;43;47;29;29;47;60;53;37;45;56;71;74;56;50;50;34;30;14;98;357;206;648;422;0;1619;81;5;7;19;0;827;343;287;67;87;33;10;2
2024;2025;766;15265;845;802;43;29;13;3;0;785;104;633;48;0;60;34;20;6;0;422;19;28;23;27;17;33;16;18;26;21;25;36;31;23;26;23;21;5;4;423;19;21;21;11;22;17;27;17;24;32;29;28;28;36;32;21;27;6;5;34;134;73;135;469;0;805;29;5;0;6;0;368;119;145;38;37;20;9;1
2024;2025;767;16651;1393;1286;107;77;25;5;0;1259;70;1052;137;0;134;70;44;15;5;714;36;34;46;36;27;48;42;54;45;54;53;59;45;42;32;24;22;7;8;679;34;39;28;39;24;36;45;51;52;44;47;44;57;41;22;25;30;15;6;75;301;196;540;281;0;1306;64;3;7;14;0;621;204;235;69;79;22;12;2
2024;2025;768;15267;13342;11377;1965;1168;342;446;9;10788;363;8381;2042;3;2554;1342;477;671;64;6634;266;307;287;342;338;355;380;436;446;386;464;556;495;423;380;339;251;131;52;6708;249;302;292;276;246;333;364;417;435;408;483;539;538;442;429;361;293;179;122;806;2825;1559;5847;2272;33;12455;558;109;116;83;21;6344;2402;2367;690;646;199;40;2
2024;2025;769;15268;2735;2440;295;209;40;46;0;2341;144;1878;319;0;394;218;74;92;10;1377;68;96;82;81;57;63;75;111;96;89;89;115;90;88;62;53;39;13;10;1358;55;73;84;77;52;52;86;101;100;97;91;105;95;82;72;50;42;29;15;170;634;393;1080;458;0;2552;145;3;18;16;3;1193;393;414;156;156;61;13;2
2024;2025;770;15637;1018;953;65;57;7;3;0;938;38;788;112;0;80;59;8;12;3;525;22;40;31;22;18;23;30;34;48;34;45;45;44;32;30;11;9;6;3;493;24;20;27;26;21;15;30;32;44;44;28;45;38;28;32;18;6;13;3;62;196;151;439;170;0;954;45;4;11;4;0;457;157;166;50;56;23;5;1
2024;2025;782;15270;241;215;26;22;3;3;0;212;12;179;20;3;29;24;5;0;0;116;3;3;5;4;6;4;6;8;6;7;4;11;10;9;14;8;5;3;3;125;3;3;3;4;6;4;10;6;9;3;10;6;8;11;11;13;6;6;4;15;27;9;92;98;0;226;7;5;0;3;3;118;45;45;12;12;4;0;1
2024;2025;783;15271;1129;947;182;133;7;42;0;908;91;488;329;0;221;128;13;80;0;553;15;35;28;48;34;20;28;24;27;31;54;31;32;32;40;33;27;12;3;576;19;25;27;56;14;22;20;40;37;40;45;34;36;38;43;40;16;19;5;76;217;84;347;405;0;1050;17;17;38;3;4;484;188;178;35;52;28;3;1
2024;2025;784;15638;1079;965;114;92;21;3;0;917;71;654;192;0;162;124;21;13;4;541;30;29;22;21;22;23;31;37;33;21;37;36;52;44;37;33;20;9;4;538;18;27;24;25;24;18;19;36;26;32;30;53;51;44;32;32;19;15;13;57;192;140;356;334;0;1012;39;5;11;11;3;513;195;189;58;46;21;4;1
2024;2025;785;15273;4814;3794;1020;834;126;60;0;3675;1269;1558;848;0;1139;752;163;213;11;2375;97;114;120;114;117;121;143;156;168;176;161;183;183;154;134;115;58;43;18;2439;100;113;117;114;111;89;141;158;166;149;160;197;203;153;145;123;97;62;41;240;988;441;2075;1066;4;4556;108;51;66;30;3;2271;878;785;263;256;70;19;2
2024;2025;786;15274;586;496;90;83;5;3;0;482;24;369;89;0;104;86;8;10;0;279;14;9;10;13;13;21;14;12;25;17;20;23;27;18;13;15;6;7;3;307;15;16;16;14;9;18;15;19;14;16;32;25;24;16;17;16;12;9;4;44;131;44;235;132;0;534;20;6;16;8;3;284;114;101;26;31;9;3;1
2024;2025;791;15275;1272;1177;95;77;8;10;0;1149;147;902;100;0;123;92;12;16;3;640;28;29;29;34;35;31;43;42;30;39;33;56;55;51;36;37;17;13;3;632;34;31;22;29;24;27;38;37;36;31;36;60;50;42;40;39;27;14;15;63;200;115;427;467;0;1201;52;5;5;8;3;575;198;222;59;56;29;11;1
2024;2025;792;15276;2322;1973;349;310;21;18;0;1929;247;1452;230;0;393;309;32;50;3;1173;44;63;66;40;53;69;70;72;78;67;84;83;87;65;77;76;54;19;6;1149;48;48;54;58;42;53;65;72;81;82;65;82;70;80;93;74;42;26;14;132;338;164;875;813;0;2174;58;18;51;20;3;1086;400;402;119;108;44;13;2
2024;2025;793;15277;1326;1209;117;102;6;9;0;1177;173;898;106;0;149;119;11;19;0;677;27;45;39;28;35;35;39;26;55;37;52;60;40;43;39;29;35;7;6;649;44;34;30;27;25;34;39;35;40;33;43;46;46;34;38;40;27;22;12;77;169;124;426;530;0;1235;48;8;19;16;0;590;219;191;79;57;27;17;1
2024;2025;794;15278;3059;2598;461;388;52;21;0;2514;1019;1131;359;5;545;422;64;57;3;1522;56;67;65;66;77;79;99;106;105;70;106;113;118;101;101;84;65;29;15;1537;57;78;59;58;70;69;83;93;93;79;103;114;115;116;98;93;91;42;26;171;555;304;1277;751;3;2876;105;14;46;15;3;1427;534;534;142;150;48;19;2
2024;2025;841;15279;1028;766;262;215;34;13;0;760;61;587;112;0;268;188;46;34;0;519;17;28;32;15;17;27;25;32;51;33;56;48;43;39;25;17;10;4;0;509;20;25;17;19;32;22;32;34;43;37;36;40;46;33;24;23;11;6;9;67;257;91;318;295;0;956;30;14;22;5;3;503;203;180;48;50;17;5;1
2024;2025;842;15280;865;743;122;91;16;15;0;710;86;565;59;0;155;90;29;32;4;404;26;21;16;26;10;19;12;24;36;36;23;37;33;26;22;20;9;6;3;461;29;32;30;21;23;19;26;30;23;33;23;28;43;21;16;29;17;5;13;49;136;63;249;368;0;810;27;4;18;6;0;359;111;122;44;46;27;9;1
2024;2025;843;15281;6924;4638;2286;1838;260;188;0;4397;1602;2038;757;0;2527;1679;322;513;13;3500;130;148;144;140;176;207;244;246;229;265;235;304;264;224;203;156;106;59;20;3424;133;138;149;153;159;172;219;212;214;221;239;278;270;217;173;170;154;85;68;468;1393;657;2431;1975;0;6417;89;104;261;49;4;3351;1474;1008;383;334;97;55;2
2024;2025;852;15283;1493;1430;63;51;8;4;0;1406;154;1006;246;0;87;60;10;17;0;737;34;36;42;39;34;25;40;40;47;53;50;68;62;61;43;32;17;7;7;756;22;37;36;45;32;31;26;43;48;52;53;85;58;53;44;42;26;16;7;68;228;137;628;431;3;1414;51;15;3;10;0;670;234;250;68;70;35;13;2
2024;2025;853;15284;1738;1663;75;63;3;9;0;1606;122;1257;227;0;132;93;17;20;3;881;36;46;47;47;19;23;47;57;67;71;60;64;66;80;65;48;23;14;3;857;25;32;48;44;26;23;37;59;83;49;49;67;84;74;58;45;27;20;7;104;338;242;706;347;3;1625;87;9;5;11;3;833;303;335;80;79;32;4;1
2024;2025;855;15476;6795;6306;489;311;60;117;3;6094;977;4237;880;0;701;390;81;210;20;3342;127;155;146;182;156;138;166;212;197;212;237;252;288;265;211;194;116;67;21;3453;144;164;143;122;130;125;192;199;209;208;234;276;330;255;209;203;161;87;62;309;1080;717;2991;1698;0;6453;229;44;20;37;12;3175;1132;1219;339;356;108;21;1
2024;2025;861;15498;11718;9651;2067;891;536;627;13;9292;1105;6702;1483;3;2426;926;620;814;66;5746;265;339;306;300;280;290;315;384;398;362;398;451;395;368;279;281;204;98;33;5972;247;256;327;282;247;239;344;399;405;395;387;453;449;386;312;336;257;166;85;654;2303;1413;5113;2233;3;10991;473;64;88;83;19;5375;1952;1917;623;618;206;59;1
2024;2025;863;15288;1069;1034;35;26;4;5;0;997;44;844;109;0;72;42;9;19;3;528;16;37;20;21;27;23;29;36;24;29;41;45;56;41;37;17;14;9;6;541;19;25;19;22;29;21;34;32;27;38;38;60;44;43;32;22;19;11;6;56;199;135;466;213;0;1011;47;5;4;3;0;485;155;198;48;58;23;3;2
2024;2025;866;15290;1301;1211;90;67;13;10;0;1176;22;1002;152;0;125;84;10;30;3;666;30;45;44;29;30;36;32;39;49;33;64;55;61;35;21;31;21;8;3;635;21;31;36;25;38;19;32;58;46;44;56;49;51;38;29;30;19;9;4;113;301;158;499;230;0;1182;93;3;13;10;0;575;182;223;61;82;21;6;1
2024;2025;867;15291;876;852;24;21;0;3;0;841;35;723;83;0;35;23;0;11;3;437;24;15;30;28;19;20;28;33;29;28;40;31;31;27;24;20;6;3;3;439;28;24;25;28;20;19;29;33;28;36;29;28;40;22;18;19;6;3;6;35;151;143;336;211;0;835;33;3;3;6;0;370;119;128;39;58;21;5;1
2024;2025;868;15292;305;296;9;6;3;3;0;292;3;258;32;0;13;7;0;6;0;153;6;19;7;3;5;6;7;10;17;19;9;11;17;8;3;4;3;3;3;152;9;12;11;6;5;11;5;11;14;12;9;16;9;6;4;4;3;4;3;15;63;53;121;53;0;289;10;3;3;3;0;127;33;50;15;20;8;3;1
2024;2025;869;15293;1101;1017;84;63;11;10;0;980;26;806;148;0;121;83;16;22;0;543;32;28;33;34;17;26;29;30;37;50;41;38;42;34;27;26;12;3;4;558;13;34;38;31;21;24;31;39;50;37;39;33;37;45;30;18;20;11;7;49;232;178;492;150;0;1045;40;7;3;7;0;450;117;169;59;71;29;5;2
2024;2025;870;15294;4670;3353;1317;435;319;556;7;3225;26;2575;622;3;1445;435;355;622;33;2289;125;144;132;125;126;140;139;163;148;155;145;174;148;104;92;88;80;42;19;2381;142;123;153;123;117;137;137;186;169;151;140;153;141;117;106;111;95;42;38;342;1208;646;1833;627;14;4276;261;48;21;53;11;1961;608;698;259;252;86;58;2
2024;2025;872;16083;1853;1730;123;103;16;4;0;1684;54;1426;204;0;169;131;19;17;3;953;38;53;51;33;47;55;55;63;64;74;73;88;74;63;35;42;20;16;9;900;30;42;42;44;47;49;44;64;81;71;63;81;51;49;40;47;26;17;12;104;404;253;667;425;0;1738;90;0;11;13;3;829;260;334;95;99;34;7;1
2024;2025;877;15301;521;491;30;22;7;3;0;479;32;388;59;0;42;27;5;10;0;259;11;12;14;8;13;7;19;9;25;19;23;26;22;12;21;10;4;3;3;262;8;14;16;11;12;13;16;15;21;13;25;18;21;18;15;10;7;3;6;43;109;80;185;104;0;475;36;5;3;3;3;232;66;105;22;29;8;3;1
2024;2025;879;16608;3184;2885;299;111;50;136;3;2795;684;1763;348;0;389;142;75;164;8;1624;82;86;75;80;84;99;104;103;116;90;100;122;125;112;94;69;49;27;7;1560;64;74;69;71;68;58;89;120;108;83;105;98;142;106;86;90;70;36;23;199;712;380;1226;624;43;2931;168;16;15;35;19;1376;448;539;161;161;51;16;1
2024;2025;880;15304;1745;1669;76;64;4;7;3;1623;125;1337;160;3;122;76;6;39;3;872;37;31;37;39;30;39;44;53;55;54;76;85;73;81;53;42;26;16;3;873;34;27;40;46;38;30;45;55;46;50;73;73;83;70;48;48;31;24;12;76;291;169;757;452;0;1659;56;10;6;11;3;827;299;326;80;90;24;8;2
2024;2025;883;15306;2188;2008;180;91;34;54;3;1938;67;1628;242;3;250;122;43;79;6;1045;34;39;54;51;58;54;56;77;55;71;71;88;79;77;63;61;37;15;5;1143;41;37;68;66;59;50;56;52;75;68;86;105;82;72;80;65;46;20;15;141;434;229;1021;363;0;2036;124;14;3;11;0;1007;338;404;111;113;32;9;2
2024;2025;884;15307;2661;2333;328;203;55;69;3;2211;46;1829;336;0;450;234;85;128;3;1309;58;84;67;55;54;57;73;70;107;89;84;107;102;83;80;74;46;14;5;1352;59;68;61;48;53;56;70;92;111;95;83;120;100;81;84;81;50;21;19;243;597;271;1199;350;3;2402;199;13;19;21;7;1210;394;468;146;151;45;6;1
2024;2025;885;15639;2176;2022;154;73;25;56;0;1955;50;1674;231;0;221;93;42;84;3;1110;48;74;69;57;58;45;60;62;77;63;94;86;84;69;62;57;33;9;3;1066;53;57;46;55;39;33;51;90;81;65;83;95;72;74;66;48;33;22;3;85;451;336;928;366;10;2069;83;5;3;16;3;952;291;367;115;129;43;7;1
2024;2025;886;15309;3230;3038;192;137;32;23;0;2945;480;2102;363;0;285;170;51;64;0;1565;79;98;86;79;78;62;81;98;115;94;97;125;111;127;94;64;46;20;11;1665;80;104;90;85;56;58;92;112;114;103;105;132;124;122;101;85;42;43;17;188;751;481;1214;596;0;3017;152;14;16;27;4;1409;460;502;190;181;45;31;1
2024;2025;888;15310;1198;1118;80;56;7;17;0;1077;48;875;153;3;121;85;6;30;0;595;22;30;36;32;22;11;28;37;41;49;47;59;44;35;36;32;22;10;3;603;22;28;34;33;30;14;28;28;40;41;57;53;34;42;40;30;27;18;4;53;208;155;542;240;0;1138;51;0;3;7;0;536;175;199;62;78;20;3;2
2024;2025;889;16128;2060;1891;169;104;33;32;0;1830;51;1533;246;0;230;131;44;54;3;994;41;54;54;42;47;46;56;73;75;46;66;83;88;66;54;51;33;14;5;1066;52;54;57;52;57;51;55;64;76;67;70;87;85;70;59;51;31;20;8;117;454;301;858;330;0;1927;103;5;6;17;3;893;258;362;101;123;36;13;1
2024;2025;901;15311;2451;2397;54;31;9;14;0;2356;247;1936;173;0;95;54;11;29;3;1249;57;75;82;80;68;52;62;66;85;81;103;81;70;94;75;56;32;23;7;1202;56;73;84;66;52;51;56;75;85;69;95;77;91;75;63;49;39;25;21;88;340;226;955;842;0;2344;75;8;4;20;0;1026;311;385;112;123;68;27;1
2024;2025;902;15312;9574;8679;895;371;194;319;11;8342;2642;4569;1130;3;1232;452;204;487;89;4684;220;225;263;235;302;289;291;310;299;292;293;319;296;306;276;229;146;66;27;4890;189;236;240;256;224;245;297;318;292;303;294;341;340;327;326;244;205;124;89;507;1807;1035;3818;2383;24;9008;385;62;42;69;8;4396;1678;1581;429;460;184;64;2
2024;2025;903;15313;2712;2578;134;90;26;18;0;2533;139;2166;228;0;179;95;27;44;13;1350;65;68;68;63;74;77;94;81;86;75;98;117;106;75;65;76;36;20;6;1362;50;74;66;72;53;87;83;81;78;94;90;114;96;95;68;59;58;32;12;153;584;341;1070;564;0;2537;127;15;7;25;3;1232;427;477;118;135;54;21;1
2024;2025;904;15314;1200;1166;34;29;3;3;0;1160;129;964;67;0;40;32;3;5;3;609;35;26;35;35;35;39;40;39;32;37;46;49;48;33;32;27;12;7;3;591;31;34;34;34;21;40;33;42;27;32;49;41;44;31;24;27;29;10;8;71;229;67;394;439;0;1114;65;5;3;15;0;513;160;199;64;43;36;11;1
2024;2025;905;15315;2390;2310;80;54;11;15;0;2271;122;1940;209;0;119;75;16;20;8;1170;49;62;67;68;63;47;62;72;70;82;82;97;89;84;63;57;31;17;8;1220;46;58;57;66;63;42;72;71;87;70;101;91;108;74;52;57;49;33;23;120;457;326;884;603;0;2260;103;11;4;11;3;1068;359;416;110;115;56;12;2
2024;2025;906;15316;924;894;30;17;5;8;0;877;82;716;79;0;47;22;8;15;3;470;31;23;27;31;22;18;24;24;35;18;39;29;38;49;23;15;13;7;4;454;24;32;28;29;19;15;22;35;29;25;26;37;35;26;23;22;12;11;4;31;82;80;254;477;0;884;22;8;3;9;0;376;113;135;34;54;32;8;1
2024;2025;907;15317;2698;2539;159;100;27;32;0;2482;176;2088;218;0;216;116;37;51;12;1349;65;60;75;65;64;70;86;78;86;76;95;125;96;84;85;67;36;25;11;1349;55;52;58;68;76;75;67;78;80;77;107;95;91;103;86;72;60;34;15;160;543;263;996;736;0;2515;129;20;10;24;0;1245;451;470;126;138;39;21;2
2024;2025;908;15318;1277;1231;46;41;3;3;0;1221;188;905;128;0;56;41;6;9;0;672;28;47;48;40;36;24;34;52;34;28;55;66;52;52;28;23;17;6;3;605;27;35;33;33;27;30;34;41;26;42;56;44;50;32;25;21;27;13;9;77;197;126;316;561;0;1197;57;12;8;3;0;509;148;184;58;66;32;21;1
2024;2025;909;15319;1510;1362;148;57;22;69;0;1318;124;1025;169;0;192;65;36;91;0;766;28;45;39;46;29;41;39;45;62;49;50;55;49;48;46;37;37;16;5;744;30;40;29;27;45;30;35;42;59;34;51;57;60;47;45;42;33;20;18;114;344;169;487;396;0;1390;84;13;13;8;3;638;205;238;70;78;34;13;2
2024;2025;921;15320;834;793;41;30;7;4;0;774;30;650;94;0;60;33;11;15;3;403;20;22;22;13;16;14;26;27;27;23;23;41;31;24;27;26;16;5;0;431;23;16;23;20;19;23;29;32;26;30;20;37;34;28;24;26;11;6;4;52;197;104;338;143;0;777;40;3;4;5;5;374;110;160;39;49;13;3;1
2024;2025;922;15321;1308;1233;75;31;21;22;3;1207;93;989;125;0;101;49;20;31;3;673;37;45;31;32;35;23;41;52;44;43;41;43;44;49;47;34;24;5;3;635;26;36;17;40;19;31;38;52;31;41;38;40;60;45;35;38;22;14;12;94;261;178;491;284;0;1207;81;6;3;12;3;562;170;221;61;76;25;9;1
2024;2025;923;15322;1552;1506;46;40;0;6;0;1477;132;1199;146;0;75;49;5;21;0;779;45;56;51;31;29;23;48;52;48;46;52;69;61;45;45;50;17;8;3;773;26;32;41;43;30;34;43;52;52;52;63;64;62;44;44;34;24;19;14;86;235;164;637;430;0;1452;76;3;4;15;3;672;204;271;76;66;40;15;1
2024;2025;924;15323;480;469;11;11;0;0;0;457;64;365;28;0;23;19;0;4;0;239;12;10;5;7;7;9;14;12;15;12;20;25;29;11;14;12;14;7;4;241;10;14;13;14;12;6;14;15;12;12;25;19;19;15;9;9;12;7;4;11;71;44;173;181;0;464;9;0;3;5;0;216;70;88;20;26;7;5;1
2024;2025;925;15324;800;778;22;13;3;7;0;764;55;646;63;0;36;15;3;18;0;401;19;22;30;17;20;18;21;25;17;36;39;28;22;28;23;15;13;3;5;399;20;17;23;19;20;16;17;23;33;27;28;38;23;17;20;25;15;12;6;30;116;118;318;218;0;766;26;3;3;4;0;341;101;133;36;55;9;7;1
2024;2025;927;15325;721;643;78;61;14;3;0;605;14;476;115;0;116;75;20;21;0;344;17;25;14;13;8;12;16;16;20;30;34;26;27;22;12;23;20;5;4;377;11;15;15;26;10;16;14;29;13;25;23;43;29;33;16;29;15;11;4;39;166;118;281;117;0;678;28;5;6;4;0;348;150;125;24;32;11;6;2
2024;2025;928;15326;7079;6124;955;507;248;194;6;5789;71;4944;771;3;1290;496;369;335;90;3499;180;206;192;168;160;206;214;248;237;233;235;217;262;204;190;168;106;48;25;3580;167;183;155;167;150;180;243;253;234;234;221;268;258;246;185;200;126;66;44;445;1700;962;2977;994;3;6567;358;31;54;69;0;3174;1054;1205;371;373;129;42;2
2024;2025;929;15327;4095;3652;443;316;64;63;0;3393;38;2624;731;0;702;423;103;174;3;1889;71;86;114;103;82;66;87;93;103;109;154;162;165;120;117;92;86;56;23;2206;66;56;97;103;90;83;98;109;137;153;152;188;182;153;146;124;132;74;63;281;909;548;1891;466;0;3803;209;43;19;20;3;1986;832;661;199;231;48;15;1
2024;2025;931;15329;500;486;14;13;0;3;0;479;27;421;31;0;21;16;3;4;0;248;10;13;20;21;19;4;11;14;17;15;29;23;15;13;7;6;5;5;3;252;11;12;19;16;13;11;9;15;20;17;22;18;22;10;7;12;5;8;5;30;77;35;207;151;0;467;27;0;3;3;0;202;61;64;22;39;12;4;2
2024;2025;932;15330;224;219;5;3;3;3;0;215;14;190;11;0;9;4;3;3;0;124;7;4;12;9;4;3;6;8;12;6;9;8;9;9;6;5;5;3;3;100;3;6;7;7;3;3;6;3;10;6;11;8;10;4;5;3;6;3;3;10;26;21;38;129;0;214;8;3;3;0;0;89;26;33;11;10;4;5;1
2024;2025;934;15331;2523;2146;377;244;75;54;4;1997;56;1475;465;3;526;299;81;140;6;1226;39;44;43;78;63;40;46;55;70;64;73;118;82;90;90;101;84;33;13;1297;35;43;41;44;46;35;46;69;76;78;97;107;118;106;102;106;77;39;32;204;571;356;1092;295;5;2307;125;57;12;16;6;1268;520;476;129;119;17;7;1
2024;2025;935;15332;473;468;5;3;3;3;0;466;39;406;21;0;7;4;3;3;0;236;15;16;10;15;17;7;15;11;21;12;13;20;16;13;8;12;9;4;3;237;8;13;23;10;10;14;16;13;15;12;16;23;15;9;11;8;11;7;3;22;82;54;148;167;0;449;21;0;3;3;0;197;64;63;26;30;9;5;1
2024;2025;936;15333;247;235;12;11;3;0;0;226;6;206;14;0;21;15;3;3;3;120;3;5;5;12;6;5;6;5;8;9;13;14;9;5;3;7;3;3;3;127;7;7;5;9;4;8;7;6;8;11;11;11;7;8;8;5;3;3;3;17;37;33;112;48;0;228;16;3;0;3;0;111;41;37;7;19;7;0;1
2024;2025;938;15335;4871;4274;597;510;32;55;0;4019;386;2894;738;3;852;605;76;161;10;2380;89;72;87;75;107;90;127;118;146;138;142;189;213;220;191;173;122;57;24;2491;62;79;55;89;91;88;103;111;122;140;159;233;238;252;205;203;123;69;69;281;954;612;1873;1151;0;4570;170;60;47;22;3;2545;1083;1036;179;169;60;18;1
2024;2025;939;16129;16581;14490;2091;1177;462;447;5;13926;467;11367;2088;4;2655;1281;569;737;68;7947;354;396;387;401;380;429;515;550;556;487;510;589;541;488;428;420;277;152;87;8634;339;357;413;358;379;472;497;591;562;506;549;638;608;561;521;525;368;236;154;1015;3750;1948;7192;2639;37;15441;825;82;90;120;23;7907;3074;2866;835;833;236;63;2
2024;2025;940;15337;154;153;3;3;0;0;0;151;14;126;11;0;3;3;3;3;0;70;0;4;3;3;4;3;3;3;8;3;3;11;7;9;5;3;4;0;0;84;5;3;5;3;3;7;4;3;5;4;5;10;9;7;5;4;3;3;3;11;32;10;59;42;0;142;10;3;0;3;0;76;29;31;7;5;4;0;1
2024;2025;941;15338;2539;2390;149;117;20;12;0;2314;50;1925;339;0;225;143;37;42;3;1254;51;65;79;83;60;51;62;66;90;76;92;117;91;76;57;75;40;16;7;1285;53;69;76;78;53;45;64;69;92;97;100;112;86;75;64;73;38;31;10;165;523;267;1196;388;0;2354;130;13;17;22;3;1086;306;439;116;158;52;15;2
2024;2025;942;15339;44125;36647;7478;4026;1852;1576;24;34411;13222;15364;5821;4;9714;4277;2500;2584;353;21072;912;937;944;979;1052;1369;1575;1535;1402;1195;1354;1474;1517;1243;1121;1073;804;386;200;23053;849;902;909;949;1033;1510;1485;1473;1434;1265;1455;1679;1669;1496;1351;1411;1075;674;434;2442;8743;5035;19018;8870;17;41368;1595;382;382;358;40;21461;8704;7729;2201;2048;603;176;1
2024;2025;943;15340;707;670;37;21;12;4;0;654;19;554;81;0;53;27;17;9;0;353;12;20;23;33;30;6;18;17;29;24;19;29;21;21;19;14;13;3;3;354;22;18;18;13;17;18;21;21;28;30;20;32;21;23;17;17;9;7;3;27;163;96;248;173;0;674;22;0;3;7;3;292;89;97;40;39;21;6;1
2024;2025;944;15341;6067;5549;518;261;140;113;4;5339;140;4513;686;0;728;320;160;212;36;2990;133;143;150;145;159;128;149;174;192;161;209;231;222;211;184;195;119;65;20;3077;125;137;139;175;117;109;158;170;184;172;198;234;257;220;207;205;151;75;44;341;1185;741;2884;915;3;5686;286;28;21;43;3;2753;927;1071;282;337;110;26;2
2024;2025;945;15342;1072;1051;21;13;3;7;0;1022;65;872;85;0;50;26;8;15;3;550;34;26;42;36;22;21;33;43;42;37;32;41;38;30;27;20;16;8;3;522;26;35;23;28;23;25;32;44;33;41;29;38;34;36;27;17;19;10;3;54;200;184;423;211;0;1005;48;3;3;15;0;459;143;168;51;68;22;7;1
2024;2025;946;15343;238;229;9;7;3;3;0;228;28;185;15;0;10;7;3;3;0;119;6;4;10;6;7;3;7;4;8;10;13;7;5;7;9;8;3;3;3;119;3;9;8;5;4;7;4;6;9;7;8;9;6;6;5;13;6;3;3;14;32;10;86;96;0;221;14;0;0;3;0;102;31;39;15;8;5;4;1
2024;2025;948;15345;779;758;21;19;0;3;0;734;18;638;78;0;45;33;3;9;0;388;16;27;28;19;13;10;30;33;21;24;33;24;33;21;25;11;11;5;4;391;18;26;23;16;14;22;13;40;28;31;24;27;29;26;12;16;11;9;6;45;163;114;292;165;0;734;42;3;3;3;0;349;117;130;38;46;12;6;1
2024;2025;951;15346;1211;1149;62;55;0;7;0;1134;53;943;138;0;77;56;3;18;0;613;30;27;29;26;36;38;43;33;33;38;48;50;43;46;33;33;13;9;5;598;29;22;21;22;30;35;31;34;38;35;42;54;51;48;37;32;16;10;11;70;275;107;501;258;0;1134;51;16;3;9;0;560;194;224;51;66;22;3;1
2024;2025;952;15347;1077;1016;61;47;9;5;0;1010;34;813;162;3;67;40;13;13;3;543;26;26;25;44;27;24;24;33;35;33;35;43;45;36;30;27;18;5;7;534;26;27;24;40;24;20;27;40;31;42;39;39;33;30;36;26;12;10;8;51;210;100;429;287;0;1019;40;8;3;9;0;466;158;172;37;57;32;10;1
2024;2025;953;15348;1337;1281;56;40;7;8;3;1256;72;894;290;0;81;54;10;17;0;678;34;38;43;35;37;30;31;39;36;39;58;71;39;48;31;38;20;8;3;659;23;24;33;33;34;32;28;40;40;40;52;56;43;50;40;36;28;17;10;61;186;132;535;423;0;1266;40;14;6;11;0;610;229;225;46;71;28;11;1
2024;2025;954;15349;5135;4337;798;444;182;172;0;4209;1054;2093;1061;3;926;417;251;236;22;2603;115;127;119;148;137;124;161;196;172;147;181;205;193;168;136;123;82;49;20;2532;108;136;118;135;129;129;140;169;139;145;153;193;179;170;144;145;96;59;45;305;1108;574;1851;1296;3;4797;134;85;80;35;4;2394;983;797;231;238;103;42;1
2024;2025;955;15350;4372;4020;352;210;61;81;0;3934;180;3333;421;0;438;230;69;124;15;2155;91;105;110;113;133;106;140;132;145;111;147;165;183;157;112;99;59;32;15;2217;122;116;103;110;100;113;126;128;126;137;148;165;200;149;115;112;69;53;25;271;1001;502;1696;902;0;4073;230;23;13;30;3;1963;668;751;208;225;75;36;2
2024;2025;956;15351;3295;3080;215;119;38;58;0;2956;179;2429;346;3;339;151;71;115;3;1609;82;88;88;88;74;85;94;101;87;108;94;127;135;111;90;75;48;18;16;1686;71;82;83;65;68;79;94;86;112;99;114;127;131;116;94;99;63;57;46;187;614;403;1399;692;0;3085;157;18;7;23;5;1488;521;556;168;157;60;26;2
2024;2025;957;15352;5209;4691;518;189;136;189;4;4584;1433;2573;578;0;625;189;125;272;39;2633;132;121;127;160;142;147;160;154;154;144;175;202;201;177;166;112;100;46;13;2576;105;128;137;116;109;113;145;157;142;148;187;189;198;189;143;130;102;90;48;283;948;494;2071;1350;63;4868;225;38;14;34;30;2308;842;846;240;237;107;36;1
2024;2025;958;15353;916;890;26;22;3;3;0;865;94;663;108;0;51;36;3;13;0;463;17;21;27;23;13;12;31;27;27;33;36;34;43;45;28;24;11;11;0;453;21;30;33;23;7;12;23;24;21;32;34;35;36;40;27;20;16;13;6;60;121;87;376;272;0;849;51;8;3;7;0;405;137;159;37;38;26;8;1
2024;2025;959;15354;555;526;29;21;6;3;0;527;25;433;69;0;28;17;5;6;0;283;11;22;14;16;18;12;13;14;24;19;12;29;22;14;18;9;9;4;3;272;22;8;10;10;14;15;17;19;17;14;22;29;20;12;12;10;8;7;6;43;86;48;213;165;0;506;22;11;7;6;3;223;63;78;28;37;10;7;2
2024;2025;960;15355;1124;1061;63;54;3;6;0;1058;79;796;183;0;66;49;6;11;0;559;28;18;34;21;36;23;26;30;27;35;42;51;46;53;30;34;13;7;5;565;38;27;32;30;18;21;34;35;27;22;45;56;46;43;29;24;13;17;8;66;165;98;436;359;0;1049;42;11;12;9;3;489;156;196;42;57;26;12;1
2024;2025;971;15356;1546;1398;148;108;29;11;0;1359;59;566;734;0;187;120;36;29;3;764;32;33;48;26;27;37;55;37;59;40;58;57;73;46;41;43;32;12;8;782;29;37;35;26;37;39;59;45;47;41;49;78;64;51;42;36;31;25;11;74;299;204;591;378;0;1459;27;40;5;15;0;730;259;282;82;79;23;5;1
2024;2025;972;15357;47;46;3;0;0;3;0;45;3;35;9;0;3;3;0;3;0;26;3;3;0;3;3;3;3;3;3;3;0;3;0;3;4;3;0;0;0;21;0;0;3;3;0;0;3;3;3;3;3;4;3;3;3;3;3;3;3;5;7;7;17;11;0;42;5;0;0;0;0;20;7;7;3;3;3;3;1
2024;2025;973;15477;692;643;49;39;5;5;0;621;31;472;118;0;71;49;10;10;3;333;15;12;14;10;22;11;18;17;23;16;20;37;24;25;35;14;12;7;3;359;13;17;20;13;9;17;27;16;28;13;24;33;32;33;20;15;17;4;8;27;185;61;319;100;0;663;20;3;4;3;0;326;115;131;32;35;12;3;1
2024;2025;975;15360;226;217;9;8;3;0;0;207;5;117;85;0;19;16;3;3;0;108;3;3;7;6;3;4;3;7;6;16;8;9;12;9;3;8;3;3;3;118;3;11;6;8;3;0;3;10;7;10;10;12;9;8;6;3;6;3;3;9;54;28;92;43;0;217;3;5;3;0;0;103;34;39;11;16;3;3;1
2024;2025;976;15361;337;307;30;27;3;3;0;297;18;217;62;0;40;29;4;7;0;177;15;6;10;10;11;5;6;7;19;11;15;15;12;10;10;9;6;0;0;160;3;12;6;8;3;6;10;14;10;12;14;14;12;16;5;6;4;3;3;12;62;48;127;88;0;323;8;3;3;3;0;151;55;53;17;14;8;4;2
2024;2025;977;15362;1219;1127;92;70;12;10;0;1104;37;804;263;0;115;69;27;19;0;616;38;34;37;28;26;26;43;38;37;38;44;50;48;46;28;28;17;7;3;603;30;35;28;24;29;26;52;42;34;36;37;48;54;35;36;24;11;14;8;72;303;161;458;225;0;1135;53;14;4;13;0;541;177;205;54;77;22;6;2
2024;2025;979;15364;7502;5910;1592;635;585;371;3;5791;922;3437;1431;3;1711;586;649;456;20;3668;183;216;178;214;190;255;259;274;256;209;230;229;239;189;180;178;122;55;12;3834;169;199;203;171;190;250;236;274;240;208;244;264;245;241;181;181;164;102;72;523;1612;942;3091;1333;3;6937;311;117;78;50;9;3463;1360;1159;351;375;169;49;2
2024;2025;980;15365;676;639;37;19;3;15;0;618;22;391;205;0;58;33;8;17;0;329;10;18;17;7;7;18;9;24;21;26;20;25;32;34;19;19;10;9;4;347;15;24;11;12;14;9;16;27;22;24;21;31;32;34;13;16;10;11;5;24;146;89;309;106;3;649;11;12;0;4;0;321;109;136;34;31;9;3;1
2024;2025;981;16130;5557;3953;1604;1032;470;102;0;3886;774;1434;1677;3;1671;811;637;211;12;2804;144;133;171;132;133;185;210;238;215;177;216;198;161;162;125;93;64;33;14;2753;149;151;118;128;145;137;190;214;230;186;182;182;201;159;130;89;78;45;39;425;1452;695;1978;1006;3;5091;118;184;100;52;12;2347;760;806;314;306;107;54;2
2024;2025;982;15367;1803;1627;176;108;42;26;0;1542;27;1142;373;0;261;124;76;54;7;872;34;47;40;51;51;54;46;51;50;64;54;75;52;53;49;55;31;10;5;931;37;41;35;53;48;53;43;52;58;54;76;72;73;64;51;62;33;17;9;110;446;257;748;242;0;1682;86;20;4;11;0;824;284;301;102;101;27;9;1
2024;2025;983;15368;1955;1584;371;260;94;17;0;1555;44;841;669;3;400;240;106;48;6;973;39;58;54;39;57;56;68;73;76;61;79;79;79;45;47;34;17;7;5;982;53;70;49;46;32;58;69;83;75;53;70;73;66;60;33;41;30;6;15;161;488;261;706;338;3;1776;75;60;25;18;3;860;274;325;113;95;31;22;1
2024;2025;985;15369;536;510;26;24;3;3;0;502;57;342;103;0;34;28;3;5;0;284;13;13;17;14;18;11;18;11;20;23;16;20;24;18;13;19;7;7;3;252;8;13;20;5;9;14;12;12;11;17;17;28;19;10;18;15;9;7;8;26;88;50;186;186;0;506;19;5;3;4;3;233;76;90;26;21;13;7;1
2024;2025;987;15370;493;462;31;29;3;3;0;442;21;229;192;0;51;39;6;6;0;250;9;16;15;12;5;10;10;13;22;14;19;24;32;7;13;9;13;5;3;243;6;12;17;6;6;3;9;20;24;23;19;19;21;17;18;10;10;3;3;36;75;75;210;97;0;455;16;17;3;3;0;231;80;89;27;25;10;0;1
2024;2025;988;15674;1599;1489;110;85;16;9;0;1461;79;1060;322;0;138;85;34;19;0;806;46;43;40;44;32;43;44;53;42;53;53;58;75;55;45;42;26;7;5;793;32;36;42;28;30;33;50;56;57;57;51;74;68;56;32;33;36;9;13;77;326;204;656;336;0;1509;53;16;7;14;0;725;244;282;84;75;27;13;2
2024;2025;989;15372;1193;1100;93;67;14;12;0;1071;29;823;219;0;122;74;22;26;0;617;25;49;37;30;27;32;34;40;39;38;39;59;50;35;27;29;13;11;3;576;24;28;29;22;26;28;40;46;36;46;42;47;51;35;24;19;18;10;5;67;286;195;427;218;0;1120;53;9;5;6;0;547;192;200;58;79;12;6;1
2024;2025;990;15373;222;198;24;21;0;3;0;192;9;97;86;0;30;24;0;6;0;105;4;6;4;3;0;5;3;7;8;8;5;12;13;5;16;3;3;3;0;117;5;4;7;6;4;5;7;6;6;8;8;6;10;9;13;4;5;3;3;8;49;28;100;37;0;212;4;3;3;3;0;110;43;42;11;10;4;0;1
2024;2025;991;15374;632;596;36;28;4;4;0;579;37;340;202;0;53;35;6;12;0;310;10;20;14;9;7;14;18;17;28;25;20;25;34;23;22;8;11;5;0;322;16;20;15;11;11;8;16;22;29;26;22;41;22;18;16;11;9;6;3;42;131;79;279;101;0;589;28;12;3;3;0;296;100;122;26;36;11;3;1
2024;2025;992;16652;2920;2394;526;299;182;45;0;2308;121;1193;994;0;612;286;208;91;27;1444;60;61;93;70;72;61;98;95;102;105;100;126;120;94;59;51;39;27;11;1476;60;68;75;65;69;77;101;94;119;102;82;111;110;100;73;63;43;40;24;182;683;413;1118;523;3;2718;86;61;33;20;3;1365;499;515;147;135;60;9;1
2024;2025;995;15377;2654;2161;493;293;128;72;0;2036;63;1055;915;3;618;281;185;136;16;1336;58;73;66;56;59;91;89;107;119;98;83;93;90;86;57;53;29;23;6;1318;73;62;83;57;55;78;74;116;113;70;87;85;93;83;67;44;30;22;26;224;681;381;908;459;3;2407;111;80;26;23;7;1243;488;404;151;151;34;15;1
2024;2025;1001;15557;824;779;45;30;15;0;0;768;52;619;97;0;56;34;16;3;3;421;20;30;23;25;31;24;27;28;30;25;34;24;29;22;14;16;14;4;3;403;21;23;27;19;21;31;28;26;26;26;26;29;28;21;16;14;9;10;3;34;127;64;271;328;0;784;27;5;3;6;0;327;96;108;35;56;21;11;1
2024;2025;1002;15561;3422;3086;336;191;73;72;0;3046;443;2157;446;0;376;187;85;101;3;1724;85;99;110;95;85;117;124;114;118;100;111;134;131;96;82;57;35;23;8;1698;87;97;84;83;93;118;95;127;105;107;103;115;136;95;68;63;52;38;32;194;566;266;1105;1280;11;3198;133;46;11;33;3;1475;509;511;149;197;76;33;2
2024;2025;1004;15543;1858;1581;277;95;49;133;0;1536;201;923;412;0;322;123;51;147;3;992;35;62;50;64;88;62;67;38;60;38;51;77;77;70;55;49;30;14;5;866;27;43;40;59;64;48;36;54;53;45;52;65;85;58;35;36;37;14;15;179;272;153;541;713;0;1671;43;26;108;10;0;740;262;248;90;78;47;15;1
2024;2025;1005;15547;1842;1712;130;82;39;9;0;1695;190;1262;243;0;147;82;45;20;0;950;45;66;39;53;60;62;68;57;58;65;64;73;80;54;31;30;20;16;9;892;65;54;43;51;44;46;49;60;58;51;60;70;63;43;31;42;26;17;19;92;317;174;608;651;0;1732;69;10;4;21;6;748;225;259;85;105;64;10;1
2024;2025;1007;15582;661;626;35;31;0;4;0;627;122;419;86;0;34;28;3;4;0;337;24;20;21;14;14;23;19;19;25;19;18;15;29;35;19;14;4;4;3;324;24;19;18;21;11;18;26;19;20;18;11;19;32;23;15;9;9;6;6;21;85;58;168;329;0;633;15;3;3;7;3;261;73;98;26;29;22;13;1
2024;2025;1008;15585;4281;3942;339;156;107;74;3;3846;435;2623;788;0;435;183;108;125;19;2116;98;132;141;113;116;138;129;132;121;109;141;137;179;140;96;81;69;30;14;2165;97;115;139;115;127;128;127;123;133;125;135;161;160;119;110;76;78;59;38;195;568;376;1437;1705;0;4060;125;51;15;30;0;1728;518;602;189;260;118;41;1
2024;2025;1009;15522;2181;1798;383;246;66;71;0;1777;130;1352;295;0;404;205;95;79;25;1122;76;61;61;68;61;68;73;86;82;72;87;73;86;56;47;28;19;15;3;1059;54;70;70;60;55;46;73;84;72;66;81;84;64;57;39;31;29;15;9;131;583;284;697;486;0;2030;83;27;14;21;6;896;273;304;101;144;54;20;1
2024;2025;1010;15518;4559;4204;355;174;101;77;3;4079;681;1715;1682;3;480;214;116;129;21;2340;112;117;112;125;126;130;142;151;149;135;159;164;189;168;148;90;64;36;23;2219;120;123;108;110;105;123;131;139;124;133;146;175;176;124;128;93;79;58;24;218;669;314;1378;1978;3;4310;89;85;32;41;3;1974;700;645;222;259;108;40;1
2024;2025;1021;15539;1453;1208;245;177;54;14;0;1179;38;535;606;0;274;180;55;32;7;744;46;38;35;33;27;45;59;54;56;49;44;57;72;44;30;25;14;14;3;709;32;36;46;26;31;36;46;50;57;40;51;61;57;41;34;33;16;10;6;130;390;251;410;272;0;1306;48;65;16;17;3;640;204;255;55;90;25;11;1
2024;2025;1023;15536;2840;2557;283;194;55;34;0;2499;74;1758;667;0;341;191;84;64;3;1442;75;74;78;80;93;80;92;77;103;89;124;106;101;85;82;42;38;18;5;1398;61;79;74;81;75;72;86;91;94;98;97;110;102;84;67;56;39;19;13;149;566;324;1144;657;0;2665;92;45;11;27;0;1200;352;445;136;179;77;11;1
2024;2025;1024;15563;32619;20051;12568;7089;4034;1421;24;20085;468;14686;4923;8;12534;5123;5072;2222;117;16557;840;865;836;860;947;1305;1437;1326;1282;1121;1025;1023;1038;845;651;510;356;182;108;16062;775;831;819;761;872;1235;1278;1161;1113;987;910;1067;1038;910;721;620;468;312;184;2092;7288;4025;12814;6392;8;30234;1062;493;492;317;21;14664;5537;4744;1753;1748;633;249;2
2024;2025;1025;15564;1044;883;161;93;46;22;0;874;27;548;299;0;170;87;42;34;7;560;24;35;47;35;35;21;25;44;36;36;35;55;38;33;27;17;11;3;3;484;11;18;20;35;30;21;21;38;27;45;39;53;47;29;15;19;8;3;5;73;244;175;365;187;0;965;40;22;10;7;0;425;112;161;59;52;32;9;1
2024;2025;1026;15560;3779;3256;523;327;131;63;3;3132;116;2207;809;0;647;316;183;147;3;1875;82;108;108;108;97;86;91;119;117;116;136;186;168;116;73;71;55;24;14;1904;82;96;114;101;93;89;101;122;132;127;158;164;143;94;89;75;52;38;34;167;823;396;1565;828;0;3595;101;44;12;24;3;1588;473;571;194;249;75;26;1
2024;2025;1030;16590;6086;4980;1106;632;309;165;0;4860;185;2660;2014;3;1226;638;313;224;51;3050;172;160;168;152;164;185;180;192;224;208;192;268;227;204;142;101;71;31;9;3036;141;166;164;180;149;170;167;212;218;188;214;238;231;190;148;106;80;47;27;315;1250;793;2413;1315;0;5723;141;109;60;51;3;2418;620;883;349;366;141;59;2
2024;2025;1031;15556;10067;7722;2345;1317;675;350;3;7662;207;5241;2213;3;2405;1113;755;507;30;5057;245;321;320;302;283;309;305;374;340;335;342;367;340;281;217;165;113;62;36;5010;203;286;267;269;221;233;331;327;340;318;336;367;357;279;253;189;188;149;97;471;1849;1458;4171;2118;0;9524;257;121;82;81;3;4193;1336;1442;478;661;215;61;1
2024;2025;1032;15597;2462;2216;246;175;58;13;0;2174;77;1433;664;0;288;182;63;42;3;1271;61;71;71;83;70;70;55;63;101;80;82;106;102;92;60;52;38;10;4;1191;44;60;92;67;58;52;60;69;85;86;94;100;91;87;57;46;17;15;11;113;466;248;1024;611;0;2333;85;18;9;16;3;956;236;354;127;133;79;27;1
2024;2025;1033;15574;2924;2506;418;283;80;55;0;2399;69;1599;731;0;525;271;125;111;18;1475;88;95;90;73;72;88;106;118;97;128;93;117;91;71;55;37;34;14;8;1449;86;98;73;82;62;91;110;111;104;128;71;102;103;65;60;44;28;17;14;151;715;384;982;692;0;2748;89;30;29;26;3;1219;371;425;148;173;77;25;1
2024;2025;1037;15590;3314;3024;290;198;43;49;0;2947;54;2205;688;0;367;197;74;88;8;1663;108;111;106;96;84;93;115;117;109;111;123;127;110;100;62;44;33;10;4;1651;100;108;99;89;76;89;125;110;105;112;145;130;114;71;58;51;34;18;17;280;698;419;1217;700;0;2987;197;63;15;51;3;1300;287;491;183;234;85;20;1
2024;2025;1039;15592;1788;1606;182;134;34;14;0;1590;72;1113;405;0;198;133;35;30;0;884;50;49;51;47;49;37;53;56;59;68;81;69;75;51;35;29;15;8;3;904;49;62;60;55;50;42;48;60;64;54;73;61;79;49;35;30;16;14;3;99;369;197;604;519;0;1676;64;24;10;14;0;721;200;261;80;101;62;17;1
2024;2025;1040;15579;7863;6920;943;584;213;143;3;6679;156;4955;1567;3;1184;589;314;250;31;3914;178;233;214;232;213;183;213;241;289;248;286;309;292;234;181;167;115;59;27;3949;168;226;195;222;197;179;205;243;293;274;287;321;270;227;230;167;130;78;37;405;1471;932;3595;1460;0;7412;271;77;43;59;3;3256;878;1226;402;552;155;43;1
2024;2025;1041;15586;1069;983;86;62;16;8;0;955;41;235;679;0;114;73;17;23;3;551;25;24;41;32;27;31;32;23;39;40;42;53;43;31;28;20;14;3;3;518;18;30;40;33;21;22;22;26;34;44;52;52;39;32;16;14;13;5;5;59;183;123;381;323;0;1004;34;23;3;7;0;452;140;161;51;66;26;8;1
2024;2025;1051;15538;5617;4860;757;538;109;110;0;4480;45;2896;1538;3;1137;636;212;283;6;2753;116;168;164;165;153;99;102;162;168;203;191;203;190;166;181;168;85;52;17;2864;118;156;161;157;129;93;123;165;190;197;195;232;200;186;184;168;108;64;38;271;1128;722;2688;802;6;5308;183;54;33;37;3;2339;631;886;307;379;107;29;1
2024;2025;1052;15532;6807;5214;1593;828;452;313;0;5018;42;3473;1503;0;1789;723;510;464;92;3403;199;195;179;217;200;208;252;240;230;208;220;268;238;203;138;100;74;26;8;3404;190;175;176;185;192;199;237;236;227;223;268;254;229;197;144;124;82;38;28;392;1634;777;2940;1064;0;6352;222;107;55;67;4;2773;720;996;416;464;132;45;1
2024;2025;1053;15535;1685;1334;351;214;98;39;0;1220;14;846;360;0;465;174;174;101;16;848;70;63;39;35;41;56;69;87;60;35;45;65;62;51;31;22;10;6;3;837;73;58;37;34;42;45;78;77;61;37;58;61;50;48;27;29;14;6;3;112;469;246;588;270;0;1551;70;21;20;23;0;674;186;219;99;122;36;12;1
2024;2025;1054;15552;14788;10924;3864;2167;1045;639;13;10007;189;6978;2838;3;4781;1932;1511;1143;195;7316;404;410;394;385;422;456;545;533;568;477;434;524;460;376;309;284;179;109;47;7472;371;415;366;351;355;507;537;569;510;493;430;479;522;400;358;296;238;178;97;1012;3463;2027;5870;2403;13;13646;535;238;208;139;22;6439;2197;2162;819;877;274;110;2
2024;2025;1055;15550;1515;1149;366;209;91;66;0;1084;3;532;550;0;431;186;147;95;3;764;50;50;46;32;30;39;44;59;62;63;68;60;50;49;29;18;8;5;3;751;54;49;42;27;33;34;51;74;64;57;55;63;49;35;28;20;8;8;0;102;455;296;475;187;0;1397;39;47;8;21;3;633;182;211;96;108;31;5;1
2024;2025;1056;15551;1219;964;255;192;39;24;0;899;30;385;484;0;320;210;52;53;5;622;30;34;31;49;36;31;25;34;36;25;54;70;46;52;31;20;16;3;0;597;22;23;30;29;32;27;23;37;42;49;62;71;46;35;31;17;13;4;4;61;316;180;465;197;0;1148;12;31;18;10;0;512;143;186;77;71;29;6;1
2024;2025;1057;15558;579;472;107;74;28;5;0;473;6;212;255;0;106;52;33;19;3;293;12;13;11;12;21;39;28;15;20;18;17;21;24;19;10;7;4;3;0;286;7;17;10;10;21;39;25;20;20;15;17;24;22;19;6;7;3;5;3;74;220;48;169;68;0;501;45;27;3;4;0;273;95;108;34;25;7;4;2
2024;2025;1058;15559;15817;12870;2947;1717;594;635;3;11871;224;7580;4066;3;3946;1951;872;1007;116;7691;366;392;340;390;362;521;540;556;572;466;538;615;520;405;329;300;244;151;84;8126;383;359;377;350;426;501;524;573;528;515;532;635;540;464;347;370;338;213;151;1193;3797;1780;6506;2540;3;14476;653;248;263;159;18;7276;2740;2470;891;888;228;59;1
2024;2025;1059;15576;30008;22661;7347;4135;1446;1749;17;21207;434;14246;6521;6;8801;3864;2088;2617;232;14769;713;782;756;778;758;1051;1118;1129;1095;960;895;972;998;733;622;560;451;275;123;15239;679;708;687;616;783;998;1121;1084;1045;890;908;1109;1096;835;747;697;583;402;251;1986;6780;3345;12487;5406;4;27802;1052;482;366;258;48;13931;5293;4764;1645;1589;498;142;1
2024;2025;1061;15600;86234;62526;23708;13051;4565;6050;42;57148;31354;6650;19133;11;29086;13070;6377;8856;783;41936;1933;1829;1749;1797;2131;3738;4238;3693;3334;2775;2590;2608;2538;1915;1600;1431;1051;664;322;44298;1786;1807;1655;1636;2328;3947;4032;3533;3243;2835;2518;2704;2631;2196;2031;1880;1598;1112;826;6105;21044;9843;34273;14914;55;79456;2220;1901;1746;774;137;43252;19760;13693;4545;3862;1047;345;2
2024;2025;1062;15578;7868;6628;1240;694;348;198;0;6487;440;4812;1233;3;1381;621;410;299;51;4001;243;217;208;226;255;261;287;289;267;252;257;303;298;221;167;121;76;33;20;3867;226;210;178;191;201;230;279;276;251;248;274;324;280;198;155;130;94;81;41;389;1488;937;2846;2197;11;7385;249;85;55;89;5;3344;1087;1122;409;509;160;57;1
2024;2025;1063;15568;7795;6307;1488;1140;180;168;0;5763;68;3542;2153;0;2032;1273;262;483;14;3765;129;189;183;200;168;163;168;199;234;245;269;297;338;253;216;216;160;90;48;4030;136;174;174;168;158;133;164;199;267;259;296;346;347;269;261;253;203;139;84;414;1703;1161;3434;1074;9;7338;220;114;73;44;6;3525;1147;1368;446;420;117;27;2
2024;2025;1064;15567;1595;1267;328;242;46;40;0;1204;12;365;827;0;391;244;60;87;0;805;42;50;64;56;43;31;27;46;65;58;86;65;53;35;30;26;19;8;3;790;42;42;46;64;39;32;32;49;67;59;78;69;49;36;31;26;16;10;3;108;377;229;593;288;0;1485;17;65;20;8;0;624;156;212;86;115;41;14;1
2024;2025;1065;15581;6064;4295;1769;934;561;271;3;4120;81;2436;1603;0;1944;773;698;466;7;3068;172;178;160;136;219;256;246;284;235;221;204;215;164;128;92;75;51;21;11;2996;180;179;152;149;159;239;260;272;229;196;171;222;160;132;95;76;58;36;31;684;1612;884;1910;974;0;5316;312;277;81;67;11;2554;766;901;342;375;124;46;1
2024;2025;1066;15584;1817;1667;150;113;21;16;0;1617;147;1115;355;0;200;123;27;47;3;914;54;54;44;56;34;37;50;61;66;54;69;89;69;60;38;37;22;13;7;903;48;57;55;44;32;40;48;70;59;62;67;68;85;42;50;34;20;8;14;86;294;183;645;608;3;1711;56;16;11;23;0;738;199;270;97;115;45;12;1
2024;2025;1067;15530;2475;2144;331;234;61;36;0;2002;43;1214;745;0;473;297;84;92;0;1234;59;87;59;71;69;48;43;72;87;88;84;114;105;80;59;51;32;19;7;1241;52;71;73;55;52;50;56;72;93;98;76;118;87;92;72;48;46;22;8;121;564;351;1025;414;0;2341;54;45;18;16;3;1024;267;378;157;162;48;12;1
2024;2025;1068;15526;1476;1030;446;374;38;34;0;938;31;397;510;0;538;393;73;70;3;762;26;28;33;29;33;50;43;49;51;50;51;81;63;51;45;42;18;13;6;714;22;44;22;21;36;28;34;51;51;47;63;63;46;49;39;39;36;14;9;140;326;220;540;250;0;1327;38;53;48;10;0;727;297;258;80;64;21;7;1
2024;2025;1069;15528;4707;3384;1323;980;125;218;0;3030;111;1381;1538;0;1677;1084;188;389;16;2348;76;87;83;102;148;129;118;134;137;124;175;197;197;186;134;135;110;54;22;2359;78;70;79;107;99;96;121;131;158;160;169;222;207;163;140;140;117;70;32;376;1165;523;1827;816;0;4299;55;155;163;34;3;2181;808;866;243;186;57;21;2
2024;2025;1081;15663;6830;5888;942;526;290;124;3;5719;258;3876;1584;3;1111;529;380;197;5;3445;163;202;237;201;196;231;243;225;229;237;246;260;220;192;128;105;61;49;20;3385;173;186;216;210;187;193;199;229;226;268;215;254;233;156;125;118;90;67;40;411;1164;858;2458;1939;0;6350;223;109;66;75;7;2772;833;924;343;432;171;69;1
2024;2025;1082;15534;2768;2005;763;389;319;55;0;1917;82;1311;523;3;851;340;420;90;3;1434;85;70;74;85;100;94;94;109;93;83;106;123;118;77;54;34;25;4;6;1334;59;56;70;76;67;88;95;97;91;86;111;130;96;60;58;37;20;21;16;186;677;430;893;582;0;2560;111;50;22;23;3;1117;319;377;159;169;67;26;1
2024;2025;1083;15533;3486;3006;480;347;99;33;3;3014;176;2328;510;0;472;281;125;66;0;1806;111;102;113;126;113;103;114;122;106;125;146;134;102;95;67;53;42;22;10;1680;83;91;97;133;96;75;106;98;112;127;126;128;109;91;67;51;41;25;24;184;623;249;1420;1006;4;3274;129;32;19;31;3;1362;365;443;200;225;103;26;1
2024;2025;1084;15554;1750;1592;158;121;26;11;0;1510;29;1007;474;0;240;154;44;41;3;880;41;36;41;45;40;41;48;64;50;57;64;81;69;65;53;41;27;13;4;870;36;36;39;36;24;50;44;68;46;64;88;91;53;65;46;36;24;18;6;167;353;156;734;340;0;1574;103;50;9;9;5;772;213;326;107;95;22;9;1
2024;2025;1085;15548;2941;2264;677;317;293;67;0;2184;46;1602;536;0;757;278;353;113;13;1481;66;91;119;85;88;76;75;100;107;114;128;96;95;69;74;57;29;11;3;1460;69;88;100;75;77;73;81;113;113;133;103;89;95;94;65;40;29;11;12;187;582;489;1109;574;0;2735;118;30;33;21;4;1153;296;384;170;215;59;29;1
2024;2025;1086;15545;3524;3001;523;250;204;69;0;2997;265;2200;532;0;527;236;206;85;0;1790;88;115;125;113;113;109;116;134;123;112;108;132;126;94;64;60;36;16;6;1734;107;98;106;102;87;113;112;114;134;97;127;124;120;90;72;50;36;30;15;195;712;415;1154;1047;3;3291;129;30;30;42;3;1411;397;481;174;232;96;31;2
2024;2025;1088;15562;2502;2218;284;213;40;31;0;2153;96;1454;603;0;349;225;61;58;5;1248;64;78;76;52;67;60;74;73;84;78;89;88;92;77;72;67;28;20;9;1254;61;89;70;52;51;54;70;83;94;93;95;96;73;77;71;58;32;21;14;128;537;394;930;512;3;2350;83;26;14;29;0;1055;292;422;121;148;55;17;1
2024;2025;1089;15575;2516;2183;333;251;55;27;0;2112;63;1478;571;0;404;226;99;72;7;1267;70;71;80;79;81;84;80;74;86;71;117;100;79;71;54;30;23;12;5;1249;60;66;69;72;68;70;93;88;99;88;96;102;72;64;45;32;32;24;9;196;571;307;965;477;0;2298;130;46;13;29;0;1040;301;358;140;170;50;21;1
2024;2025;1091;15573;1510;1367;143;106;13;24;0;1301;28;959;314;0;209;109;40;55;5;774;45;42;46;30;38;28;46;49;74;47;59;62;69;52;33;31;13;7;3;736;45;36;35;28;30;33;40;59;64;50;52;69;81;37;32;25;11;6;3;86;363;291;521;249;0;1416;57;22;6;9;0;634;176;244;75;98;32;9;1
2024;2025;1093;15570;7229;6307;922;471;340;110;3;6119;156;4628;1335;0;1110;461;398;175;76;3655;167;193;234;233;229;231;222;219;252;264;255;275;233;237;159;119;76;38;19;3574;172;193;187;183;212;193;204;258;268;254;271;267;257;214;160;123;83;45;30;332;1261;1067;2915;1653;3;6838;225;61;43;60;3;2918;801;1026;386;460;184;61;2
2024;2025;1094;15572;4120;3578;542;390;85;67;0;3426;69;2493;863;3;694;380;152;144;18;2058;126;125;122;123;129;97;109;157;147;154;150;149;148;110;83;58;37;25;9;2062;106;114;124;117;107;93;136;154;146;163;155;180;135;95;66;81;55;23;12;209;832;608;1515;952;4;3869;141;43;21;44;3;1679;495;550;208;301;104;21;1
2024;2025;1095;15569;5106;4477;629;395;145;88;3;4345;185;3075;1085;0;761;387;221;149;4;2557;136;164;150;138;127;163;204;211;198;192;175;173;152;111;100;83;50;16;14;2549;166;142;136;133;96;171;212;190;213;187;162;168;117;123;131;84;63;35;20;325;1169;851;1800;958;3;4724;219;71;25;62;5;2084;578;724;291;361;105;25;1
2024;2025;1097;15520;3884;3038;846;515;258;73;0;3014;103;1710;1201;0;870;461;266;131;12;1958;100;140;108;85;106;147;116;156;166;134;116;141;133;113;75;57;32;17;16;1926;94;132;118;113;104;123;126;143;144;114;110;142;136;85;78;58;39;44;23;350;909;534;1254;837;0;3506;166;124;50;37;3;1586;448;558;217;253;81;29;1
2024;2025;1098;15580;7541;6644;897;518;110;267;3;6500;381;5107;1007;5;1041;494;172;335;40;3848;206;201;205;235;215;243;265;247;266;243;274;307;269;233;168;129;75;42;25;3693;185;223;211;203;169;211;255;228;236;228;263;302;266;197;182;136;91;68;39;386;1388;715;2702;2350;0;7100;246;66;64;58;7;3089;892;1111;380;437;203;66;2
2024;2025;1099;15664;3117;2882;235;192;22;21;0;2762;52;1993;717;0;355;215;61;75;4;1564;87;99;82;86;54;75;81;116;127;104;107;141;131;81;84;52;41;12;4;1553;76;92;81;74;75;68;102;130;103;115;104;136;130;75;69;61;37;14;11;166;672;407;1250;622;0;2924;113;35;16;28;3;1305;341;506;172;211;65;10;1
2024;2025;1100;15588;1008;916;92;68;22;3;0;888;67;631;190;0;120;79;34;7;0;525;31;37;36;37;22;27;26;40;37;37;42;45;32;21;23;16;6;6;4;483;22;31;37;28;21;25;27;42;44;39;21;44;28;29;18;9;12;4;3;56;220;125;322;284;3;940;35;14;7;12;0;388;90;134;46;89;25;4;1
2024;2025;1102;15587;4380;3960;420;306;75;38;3;3824;88;2758;978;0;556;319;99;109;29;2141;96;119;139;151;119;120;137;133;141;143;140;144;156;117;107;83;58;30;8;2239;110;103;126;144;103;119;134;145;155;159;155;163;145;135;120;100;63;39;21;385;702;436;1918;937;3;3955;272;81;21;46;5;1809;502;638;253;305;89;22;1
2024;2025;1103;15529;11029;8994;2035;1045;605;379;6;8564;3588;2670;2305;3;2465;1054;783;534;94;5434;276;303;268;240;251;459;518;454;388;351;308;346;328;287;215;174;163;75;30;5595;304;244;252;233;281;488;514;421;389;299;299;390;325;307;258;216;189;115;71;928;2905;1585;3734;1876;3;10010;606;220;89;99;5;5048;1846;1770;599;567;208;58;2
2024;2025;1104;15599;4923;3541;1382;673;585;121;3;3616;279;2391;945;3;1307;536;590;173;8;2529;152;154;138;133;165;160;186;176;173;147;173;209;172;122;113;79;40;25;12;2394;134;134;141;123;117;148;174;157;160;163;170;179;154;128;106;73;65;43;25;316;950;551;1799;1307;0;4558;168;93;48;55;3;1951;578;627;252;290;136;68;1
2024;2025;1107;15525;4747;3462;1285;683;375;227;0;3446;1554;1348;542;3;1301;554;369;278;100;2455;119;150;153;138;164;172;161;170;180;165;166;183;155;130;93;69;46;27;14;2292;115;129;110;136;128;174;148;136;161;166;154;157;131;148;97;67;62;38;35;400;1014;517;1687;1128;3;4315;243;54;88;41;6;1995;658;665;246;268;105;53;1
2024;2025;1121;15537;735;624;111;61;41;9;0;617;18;449;150;0;118;52;37;22;7;368;16;17;22;14;24;31;30;26;31;24;26;30;31;19;10;6;8;3;3;367;21;19;25;14;17;27;31;28;29;22;24;30;30;23;5;8;8;3;3;49;194;123;254;115;0;677;33;6;9;10;0;320;92;126;41;42;17;3;1
2024;2025;1122;15540;1014;881;133;94;35;4;0;849;66;307;476;0;165;90;57;13;5;499;24;23;26;33;28;33;32;34;25;34;34;51;39;33;17;18;11;4;0;515;32;18;34;30;23;26;39;25;38;29;39;44;47;23;17;21;19;9;3;72;174;93;377;298;0;936;23;38;10;6;3;422;120;148;60;71;18;5;1
2024;2025;1123;16131;2057;1650;407;286;67;54;0;1654;101;1066;487;0;403;238;90;70;5;1062;49;64;67;74;60;61;90;75;81;72;77;69;85;50;28;28;18;12;3;995;51;55;69;58;50;72;71;85;76;66;72;66;64;41;27;31;21;11;9;128;459;190;662;618;0;1913;66;35;24;19;0;791;187;281;124;131;48;20;2
2024;2025;1125;15593;6004;4875;1129;733;311;85;0;4824;302;2962;1560;0;1180;608;320;165;87;3107;185;174;177;161;138;210;243;255;229;215;220;220;220;146;116;87;61;41;9;2897;164;184;156;134;138;204;248;230;208;169;197;172;181;165;100;103;67;47;30;405;1205;676;2139;1576;3;5532;239;105;45;72;11;2529;773;888;323;371;136;38;1
2024;2025;1127;15555;1664;1422;242;124;78;40;0;1372;46;968;358;0;292;125;102;58;7;852;50;42;52;46;34;48;56;58;61;62;49;82;73;58;32;34;11;3;3;812;36;50;44;31;34;52;53;46;71;56;59;73;87;46;29;24;11;7;3;74;481;227;589;293;0;1571;54;13;5;19;3;709;214;264;86;94;34;17;2
2024;2025;1128;15594;2904;2534;370;236;68;65;3;2494;114;1885;495;0;410;204;106;81;19;1447;67;93;87;89;79;83;95;89;112;110;101;117;101;81;63;39;23;10;8;1457;64;100;95;89;64;73;98;101;108;95;104;103;103;80;53;50;39;28;10;160;597;385;1044;718;0;2722;109;26;20;23;4;1182;375;379;142;186;69;31;1
2024;2025;1129;15546;724;628;96;71;21;4;0;632;38;321;273;0;92;52;21;18;3;380;12;18;22;23;23;26;21;19;29;20;37;32;31;23;13;13;4;11;3;344;15;10;24;20;16;28;21;19;22;25;23;33;29;18;8;15;11;5;3;54;153;85;231;200;3;664;30;19;3;7;3;300;91;112;34;32;22;9;1
2024;2025;1131;15544;920;778;142;100;37;5;0;763;59;320;384;0;157;101;44;11;3;468;21;13;20;29;29;26;40;29;23;34;36;34;46;30;22;17;11;7;3;452;21;16;22;22;22;39;31;21;27;28;35;43;44;21;24;12;9;9;6;64;201;88;330;232;5;844;44;16;3;13;0;379;104;139;58;56;13;9;2
2024;2025;1132;15565;1944;1777;167;119;36;12;0;1761;212;1338;211;0;183;108;53;22;0;1003;54;54;58;70;61;50;54;61;72;72;60;78;65;56;60;42;18;12;6;941;41;64;63;45;50;43;48;60;67;61;67;66;62;55;47;42;22;22;16;66;258;162;602;853;3;1860;43;13;9;19;0;751;195;255;94;127;63;17;1
2024;2025;1135;15577;1240;1151;89;82;3;6;0;1148;183;650;315;0;92;77;5;10;0;639;24;30;30;36;40;43;50;30;37;36;49;58;46;45;23;33;14;13;3;601;27;39;44;38;25;31;23;43;35;33;45;44;49;31;26;22;26;16;4;49;174;83;362;572;0;1183;23;21;5;8;0;487;137;174;61;61;40;14;1
2024;2025;1136;15566;3149;2709;440;225;134;81;0;2659;229;2014;416;0;490;217;154;93;26;1667;85;105;99;102;92;108;104;102;117;107;120;143;108;89;67;51;42;17;9;1482;75;72;97;87;69;100;81;91;97;101;108;117;103;75;67;47;47;35;13;140;661;320;1029;999;0;2977;97;25;13;33;4;1253;364;424;150;187;87;41;2
2024;2025;1137;15571;2941;1913;1028;643;253;131;3;1963;55;1328;580;0;978;492;281;161;44;1508;83;79;98;95;89;107;106;118;123;110;110;84;83;80;62;39;24;12;6;1433;66;76;91;66;76;71;107;116;95;110;104;96;103;94;65;42;29;13;13;236;669;353;1105;577;3;2684;150;43;39;22;3;1198;343;407;168;187;64;29;1
2024;2025;1139;15591;2777;2236;541;374;140;27;0;2189;81;740;1368;0;588;329;174;74;11;1419;84;78;80;62;77;85;97;118;108;104;80;115;92;92;52;42;31;17;5;1358;75;83;74;56;60;76;90;112;112;88;84;98;91;93;59;39;44;16;8;161;663;420;914;605;14;2573;40;91;31;33;9;1194;397;413;148;152;58;26;1
2024;2025;1140;15596;7674;5417;2257;1221;827;209;0;5438;290;2425;2720;3;2236;951;837;306;142;3982;215;231;202;220;198;261;266;310;305;287;262;285;276;205;141;150;87;56;25;3692;179;195;182;163;197;240;254;281;275;233;243;289;233;208;155;137;105;81;42;508;1724;893;2918;1631;0;7108;236;153;111;64;3;3249;1024;1143;412;436;158;76;2
2024;2025;1142;15583;791;728;63;51;7;5;0;716;28;277;411;0;75;50;6;18;3;378;19;17;18;15;22;31;26;32;23;16;24;43;37;24;8;12;5;3;4;413;29;30;19;21;22;25;30;25;35;16;35;35;29;22;13;3;12;6;7;37;184;107;228;235;0;747;23;9;3;8;3;333;92;133;40;44;18;6;1
2024;2025;1143;15521;4964;3878;1086;569;399;118;0;3852;147;2684;1021;0;1112;490;399;185;38;2508;129;164;190;142;128;176;188;216;173;173;144;189;176;127;64;62;37;24;6;2456;155;135;149;141;123;166;177;202;180;155;156;203;146;105;95;74;47;31;16;293;1143;688;1656;1184;0;4619;200;54;32;55;4;2022;626;644;244;338;131;39;1
2024;2025;1145;15531;919;849;70;41;18;11;0;846;78;332;436;0;73;40;14;15;4;480;18;32;22;26;25;29;32;32;33;24;40;43;38;25;18;19;11;7;6;439;16;20;29;25;28;26;20;32;23;31;32;37;33;22;16;18;18;9;4;38;177;82;327;295;0;876;16;22;0;5;0;378;110;140;46;48;23;11;1
2024;2025;1146;15527;2660;2050;610;329;231;50;0;1971;50;1358;559;4;689;283;306;94;6;1315;78;62;75;65;41;91;103;118;94;98;88;90;97;79;59;42;26;6;3;1345;80;78;62;62;60;92;100;103;88;113;92;79;93;87;60;50;21;19;6;181;790;390;830;469;0;2450;110;45;24;29;3;1099;290;433;135;156;68;17;2
2024;2025;1147;15523;1503;1198;305;175;83;47;0;1190;51;314;824;3;313;169;93;49;3;756;29;50;39;50;27;41;36;47;54;70;57;62;53;44;43;25;19;10;0;747;31;47;48;41;33;25;34;47;58;58;60;66;48;41;39;31;17;15;8;73;299;218;613;284;16;1410;20;45;7;8;13;643;219;227;61;83;31;22;2
2024;2025;1150;15524;2205;1887;318;155;84;79;0;1862;122;1058;681;3;343;139;126;76;3;1118;56;58;68;57;66;89;76;70;73;60;85;74;80;70;41;44;26;18;7;1087;61;49;52;62;62;67;70;73;67;62;70;93;79;59;51;37;37;26;10;138;456;236;800;575;0;2052;83;37;10;18;5;901;264;317;117;127;48;28;1
2024;2025;1151;16591;9242;7829;1413;662;448;302;3;7686;707;5504;1474;3;1556;608;540;328;80;4699;230;250;313;272;259;250;297;307;283;279;319;381;332;274;213;201;133;72;34;4543;195;243;264;234;238;241;252;271;307;291;327;320;315;281;233;209;148;106;68;392;1520;913;3660;2751;6;8783;252;74;49;73;11;3907;1286;1323;469;504;242;83;2
2024;2025;1201;11773;10459;8430;2029;1157;405;448;19;8185;4877;1175;2131;3;2274;1076;568;560;70;5176;246;219;260;284;284;397;382;404;334;337;325;333;337;292;263;202;163;79;35;5283;226;234;236;258;292;341;371;358;322;308;341;383;336;347;279;247;192;129;83;789;2129;1190;3980;2371;0;9588;320;287;148;102;14;4814;1787;1714;547;537;185;44;2
2024;2025;1202;11784;1578;1104;474;379;45;50;0;1035;169;489;377;0;543;378;55;103;7;847;42;18;24;23;48;64;71;66;57;35;53;76;80;59;52;32;30;15;3;731;39;28;24;19;35;52;57;49;45;34;57;64;52;38;54;31;26;20;7;144;384;168;484;398;0;1427;19;55;66;11;0;835;397;279;74;60;19;6;1
2024;2025;1203;11678;1787;1683;104;86;8;10;0;1673;208;1173;292;0;114;75;11;28;0;931;45;67;51;56;66;48;56;53;58;63;68;74;72;41;42;32;22;13;4;856;46;44;56;50;49;43;55;59;51;57;71;65;49;53;35;31;22;9;11;65;280;216;645;581;0;1703;47;15;3;19;0;706;185;256;88;107;49;21;1
2024;2025;1205;11506;3901;3615;286;176;35;73;3;3561;586;2337;638;0;340;180;54;101;5;1958;94;89;87;105;122;127;103;123;130;112;128;182;133;141;100;77;58;31;16;1943;106;112;97;91;108;113;111;110;121;110;149;152;137;121;86;81;64;45;29;216;519;387;1442;1337;0;3656;147;47;13;36;3;1634;500;590;191;238;93;22;1
2024;2025;1206;12238;3961;3001;960;556;172;232;0;3003;402;1935;666;0;958;481;206;257;14;2041;115;103;103;111;100;117;121;144;130;116;142;164;147;110;110;85;63;36;24;1920;111;103;86;103;90;93;118;119;110;111;127;125;126;119;100;79;101;64;35;188;730;419;1395;1229;0;3736;111;34;37;41;3;1756;663;574;193;207;76;43;1
2024;2025;1207;11940;2071;1701;370;203;96;67;4;1622;231;964;427;0;449;207;108;106;28;1079;47;34;54;71;62;66;78;66;57;79;95;75;75;71;51;45;29;18;6;992;46;34;38;44;56;64;58;64;54;73;69;73;70;60;67;47;44;22;9;141;443;219;703;563;3;1912;72;44;20;19;4;925;329;345;84;113;34;20;1
2024;2025;1208;12032;458;324;134;128;4;3;0;320;49;184;87;0;138;124;4;10;0;252;8;10;3;11;14;17;18;12;12;25;17;25;16;16;20;10;10;5;5;206;9;7;5;5;8;13;15;14;7;10;18;11;17;16;17;11;10;4;9;57;79;34;159;128;3;397;11;19;24;3;4;227;97;88;19;14;9;0;1
2024;2025;1209;11941;487;438;49;34;13;3;0;433;110;235;88;0;54;36;14;4;0;265;4;3;11;17;18;10;12;8;3;20;22;34;23;27;26;16;7;3;3;222;5;4;6;9;13;8;8;6;12;14;18;25;31;14;8;19;12;7;3;30;67;14;174;202;0;456;16;11;3;3;0;240;96;95;19;17;10;3;2
2024;2025;1210;12213;180;133;47;46;3;0;0;129;27;67;35;0;51;48;3;3;0;100;3;3;5;3;7;8;6;7;11;5;5;12;11;3;4;4;4;3;3;80;3;4;4;0;3;7;5;3;7;3;8;10;6;5;4;7;3;3;3;16;33;17;48;66;0;163;7;3;7;3;0;84;36;24;9;10;3;3;1
2024;2025;1211;12661;459;448;11;11;0;0;0;445;102;280;62;3;14;11;0;3;3;233;12;14;11;11;16;19;10;15;17;10;9;19;16;21;11;10;7;4;3;226;16;15;11;12;13;14;12;13;12;10;16;15;22;12;6;11;10;3;3;9;30;19;127;274;0;444;3;4;3;7;0;162;34;52;23;30;15;8;1
2024;2025;1212;13165;149;119;30;27;3;0;0;113;26;58;29;0;36;26;4;6;0;84;4;3;3;3;3;5;6;5;4;11;5;7;4;7;10;4;3;3;0;65;3;3;3;3;3;3;3;5;3;4;6;6;6;3;11;4;3;3;0;15;19;21;43;51;0;133;3;4;8;3;3;77;36;26;4;11;0;0;1
2024;2025;1213;13055;5501;4886;615;358;143;114;0;4755;617;3150;986;3;746;363;224;142;17;2824;120;163;167;161;153;138;155;160;184;192;199;195;197;176;165;157;92;36;14;2677;135;142;134;134;111;118;149;157;182;181;193;178;203;178;163;149;84;52;34;244;892;687;1992;1685;3;5221;146;69;25;38;3;2300;619;921;274;344;107;35;2
2024;2025;1214;16592;2058;1882;176;137;15;24;0;1846;125;1326;395;0;212;141;23;46;3;1025;36;57;76;84;51;46;41;61;74;81;85;67;63;72;47;46;22;11;5;1033;47;67;79;70;45;37;52;61;81;79;63;69;73;67;45;38;36;17;7;68;405;210;788;587;0;1975;37;22;9;15;0;814;217;287;86;154;55;15;1
2024;2025;1215;12950;736;609;127;110;10;7;0;583;77;57;449;0;153;116;12;22;3;380;11;15;15;14;16;7;11;24;23;14;27;36;46;43;45;21;8;4;0;356;8;12;13;15;10;8;15;16;17;32;26;37;35;33;23;25;21;4;6;32;168;93;255;188;0;701;0;30;3;4;0;384;180;129;28;32;11;4;1
2024;2025;1216;12985;2037;1889;148;98;38;12;0;1860;374;1166;319;3;177;110;40;24;3;1052;50;52;41;53;63;56;65;73;64;59;63;77;99;69;65;45;34;14;10;985;60;50;31;45;47;47;67;74;46;55;60;91;80;72;56;37;43;14;10;82;285;205;686;779;0;1937;51;19;11;18;3;858;250;330;109;110;43;16;2
2024;2025;1217;12981;395;276;119;96;12;11;0;277;39;100;138;0;118;88;11;18;3;214;10;9;5;10;15;13;21;14;25;11;15;11;22;12;10;3;5;3;3;181;9;8;8;7;11;6;14;10;22;9;15;19;13;7;8;7;5;3;3;29;99;49;110;108;0;363;5;13;11;3;0;187;78;61;21;13;10;4;1
2024;2025;1218;10364;881;855;26;18;4;4;0;855;201;520;134;0;26;18;4;4;0;457;24;29;25;15;33;25;31;27;12;20;29;37;45;29;22;30;17;4;3;424;36;22;11;26;31;33;23;31;16;28;22;32;28;29;20;16;7;9;4;26;117;79;222;437;0;846;19;6;0;10;0;342;86;132;36;49;28;11;1
2024;2025;1219;10869;746;736;10;9;3;0;0;729;132;505;92;0;17;15;3;0;0;384;25;22;24;21;19;21;27;25;32;18;15;26;24;22;19;28;11;4;3;362;28;27;22;16;18;27;19;30;19;15;26;26;22;22;19;11;7;3;5;29;80;59;208;370;0;707;23;3;3;10;3;283;70;103;31;41;32;6;1
2024;2025;1220;10442;431;297;134;106;15;13;0;305;54;172;79;0;126;88;18;19;3;230;9;7;11;14;17;12;16;14;13;16;22;17;14;12;9;8;14;4;3;201;7;7;16;8;12;9;10;10;12;15;13;13;13;12;10;11;5;11;7;31;91;29;145;135;0;396;16;7;6;4;3;190;72;66;22;18;8;4;2
2024;2025;1301;12152;16532;13511;3021;1809;673;537;3;13233;7160;1195;4874;4;3299;1795;695;716;93;8276;358;414;389;473;457;466;486;590;533;501;557;733;669;547;403;326;237;88;49;8256;376;396;367;439;378;449;469;555;565;501;612;667;676;527;401;359;253;170;96;634;2475;1688;6191;5534;10;15766;210;288;121;141;6;7313;2524;2594;847;927;314;107;2
2024;2025;1311;12033;2462;1730;732;549;91;92;0;1611;173;720;717;3;851;580;119;149;3;1277;42;48;55;42;53;68;67;75;84;83;106;123;106;107;96;63;37;15;7;1185;46;34;47;56;48;39;57;89;88;73;77;119;117;89;68;49;48;23;18;200;561;319;750;632;0;2248;68;97;31;17;3;1200;457;478;117;102;31;15;2
2024;2025;1321;12007;5600;4131;1469;1127;170;172;0;3620;142;928;2549;3;1980;1246;301;423;10;3032;109;129;145;127;133;140;135;200;223;237;272;320;294;183;141;110;93;31;10;2568;105;110;126;96;106;116;125;193;190;220;227;235;197;161;115;113;69;47;17;401;1420;831;1958;988;3;5166;110;191;86;35;12;2490;803;919;336;304;101;27;1
2024;2025;1322;11961;17028;11691;5337;3419;1081;835;3;10738;304;2848;7585;3;6290;3407;1299;1563;21;9026;352;363;386;408;366;419;546;659;655;677;784;907;750;549;402;378;240;129;56;8002;359;367;375;332;317;354;479;592;564;604;650;671;584;430;384;344;299;183;114;1144;3998;2330;6710;2846;0;15766;236;661;223;138;4;7557;2503;2706;1023;975;262;88;2
2024;2025;1323;10314;7596;5543;2053;1448;328;277;0;4820;110;874;3832;4;2776;1561;489;686;40;4060;142;177;171;202;171;175;230;237;250;279;378;419;369;260;238;176;124;45;17;3536;130;157;163;156;140;149;177;223;260;241;299;298;299;234;218;176;117;62;37;591;1985;1063;2986;970;3;6966;168;326;80;46;10;3343;1043;1238;472;419;138;33;2
2024;2025;1331;14470;14148;10398;3750;2511;779;459;3;10089;524;1411;8152;3;4059;2299;965;778;17;7258;355;356;316;366;338;359;434;520;503;503;507;657;585;402;364;332;198;98;65;6890;319;339;292;324;303;333;412;475;517;488;489;582;504;420;366;280;214;141;92;710;2743;1570;5391;3728;6;13306;73;478;155;129;7;6219;2070;2203;804;800;276;66;2
2024;2025;1341;11774;7426;5720;1706;1137;348;221;0;5344;219;2067;3057;3;2082;1143;456;477;6;3821;186;183;186;167;158;232;243;294;276;272;301;339;291;222;171;146;75;53;26;3605;178;164;161;147;166;191;253;263;284;241;291;281;282;223;165;141;85;57;32;435;1737;1066;2833;1350;5;6929;153;221;60;60;3;3244;995;1214;440;440;113;42;2
2024;2025;1342;12075;5463;4229;1234;772;311;151;0;4166;199;2055;1911;3;1297;695;331;267;4;2797;126;144;154;157;139;177;189;199;197;198;221;236;191;146;108;98;78;29;10;2666;108;148;133;150;116;157;170;194;190;219;201;216;169;139;124;113;67;35;17;314;1294;725;2023;1107;0;5119;151;102;57;33;3;2377;738;862;299;347;101;30;1
2024;2025;1343;12658;191;176;15;11;3;3;0;173;17;98;58;0;18;14;4;0;0;92;3;0;3;5;4;3;5;5;6;7;9;11;14;4;3;7;5;3;0;99;3;4;4;10;5;8;5;3;5;7;7;10;8;7;5;4;3;3;3;17;26;17;59;72;0;174;15;3;0;0;0;84;30;26;12;8;8;0;1
2024;2025;1344;12607;9529;6464;3065;1865;785;409;6;6381;2622;456;3301;3;3148;1681;807;650;10;4777;267;254;221;179;185;247;377;406;375;328;329;407;315;255;195;187;136;73;41;4752;254;230;251;195;152;261;338;381;354;353;330;313;312;263;248;201;167;88;61;541;2346;1369;3477;1796;0;8894;159;263;100;105;8;4340;1564;1461;573;547;154;41;2
2024;2025;1345;13181;4153;3065;1088;610;382;96;0;3031;141;1269;1621;0;1122;558;382;152;30;2166;120;121;109;123;103;122;176;183;183;173;153;161;154;99;72;58;27;20;9;1987;100;136;114;100;84;109;175;153;143;149;137;145;138;96;65;52;39;27;25;251;970;623;1387;922;0;3852;101;104;43;50;3;1703;498;566;243;270;88;38;2
2024;2025;1346;12968;9757;6495;3262;1566;1309;386;3;6805;197;3541;3066;3;2952;1315;1123;501;13;5038;281;291;245;256;270;353;389;362;381;346;328;354;337;305;239;141;91;43;26;4719;230;256;240;231;235;315;325;350;347;319;328;325;345;284;222;166;86;71;44;665;2149;1254;3735;1954;0;8999;291;230;127;103;7;4150;1373;1350;555;586;204;82;2
2024;2025;1347;10859;3469;2798;671;403;159;109;0;2747;140;1179;1427;3;722;367;184;169;3;1759;85;84;93;63;90;99;125;147;149;119;133;133;137;107;71;57;37;20;10;1710;81;86;102;75;86;110;127;131;118;108;122;128;117;97;69;73;43;26;11;216;723;446;1184;900;0;3229;93;90;30;26;3;1519;488;545;193;207;64;22;1
2024;2025;1348;10371;1035;915;120;93;16;11;0;887;115;497;275;0;148;107;25;15;3;561;28;22;20;15;27;47;28;41;42;35;29;49;55;40;40;21;14;5;3;474;31;21;22;13;22;24;30;37;25;29;31;46;41;38;22;19;11;7;5;59;184;91;347;354;0;962;37;16;5;15;0;477;168;170;66;49;16;8;1
2024;2025;1349;10471;5583;4605;978;617;248;113;0;4473;183;2243;2047;0;1110;642;250;203;15;2811;139;137;128;125;134;162;217;190;188;195;183;223;244;180;142;102;72;37;13;2772;151;145;122;108;111;137;189;191;196;170;207;247;221;175;125;111;78;56;32;361;1271;749;2086;1116;0;5178;186;117;46;48;8;2414;761;879;306;357;93;18;2
2024;2025;1361;11778;632;567;65;54;7;4;0;546;34;318;194;0;86;67;7;12;0;317;14;5;7;15;19;23;19;14;22;17;30;38;38;22;14;11;4;4;3;315;11;13;18;16;18;23;16;17;11;32;27;33;18;21;15;12;7;4;3;32;148;57;202;193;0;597;17;10;4;3;3;305;112;120;36;20;14;3;1
2024;2025;1362;11670;12524;8729;3795;1934;1371;489;3;8901;385;2981;5533;3;3623;1664;1220;672;67;6382;311;307;348;319;336;389;481;487;477;439;468;476;442;374;252;199;149;82;46;6142;328;330;304;275;305;369;445;470;432;435;401;467;402;320;282;221;174;94;88;659;2173;1481;4666;3538;7;11769;181;328;143;100;3;5345;1731;1801;709;766;256;82;2
2024;2025;1363;12192;822;783;39;21;8;10;0;783;184;477;122;0;39;19;9;11;0;420;17;28;24;26;23;26;36;31;30;24;31;30;35;24;14;12;5;3;3;402;15;33;32;22;26;17;26;28;31;20;24;32;30;24;12;8;12;3;7;20;89;62;169;482;0;799;7;10;3;3;3;316;103;89;34;44;35;11;1
2024;2025;1364;12657;9548;7365;2183;1326;513;344;0;7228;343;3863;3020;3;2320;1201;530;490;99;4669;212;201;226;230;253;259;335;302;293;327;312;366;341;311;233;232;137;67;32;4879;175;178;213;211;222;266;282;307;331;290;312;355;379;292;283;260;238;171;114;584;1790;1095;4017;2059;3;8892;258;214;101;72;11;4319;1595;1547;499;477;162;39;2
2024;2025;1365;12634;1149;987;162;127;23;12;0;966;58;510;398;0;183;129;30;23;3;595;30;34;42;30;38;22;27;50;42;42;48;51;43;34;17;22;12;7;4;554;25;37;44;23;30;24;31;51;34;48;42;47;32;37;17;19;7;4;3;76;212;132;394;335;0;1065;30;35;11;8;0;458;121;160;53;84;34;6;2
2024;2025;1366;12371;1378;1026;352;274;22;56;0;999;61;502;436;0;379;260;30;89;0;754;36;26;41;37;40;40;59;56;57;45;53;89;59;48;27;21;12;8;0;624;29;33;27;26;34;34;41;36;60;42;56;56;54;37;18;17;8;14;3;175;357;149;420;267;10;1181;65;75;39;15;3;597;208;214;60;86;21;8;1
2024;2025;1367;12362;3583;3296;287;151;103;32;3;3321;751;2058;512;0;262;139;70;45;8;1851;83;107;99;121;99;134;101;122;121;129;121;146;114;103;107;67;44;20;13;1732;105;98;97;92;112;95;111;114;122;99;95;134;109;113;76;63;47;31;19;112;393;211;778;2089;0;3440;60;30;12;38;3;1485;464;506;187;202;90;36;1
2024;2025;1368;12475;916;792;124;90;21;13;0;755;83;329;343;0;161;110;28;20;3;486;12;19;19;23;13;9;18;27;29;31;36;37;50;41;44;48;22;5;3;430;11;17;25;19;15;15;12;25;27;26;24;36;39;43;34;32;15;6;9;51;175;107;312;271;0;862;20;22;7;4;3;469;206;172;30;37;21;3;1
2024;2025;1369;12894;85;81;4;4;0;0;0;79;10;46;23;0;6;6;0;0;0;43;3;4;3;3;8;3;3;3;0;3;3;3;4;3;3;3;3;0;0;42;3;3;3;8;3;4;3;3;3;3;3;4;3;0;3;3;3;3;3;3;3;4;19;58;0;83;3;0;0;3;0;27;9;3;5;3;3;4;1
2024;2025;1370;12853;2595;2135;460;261;163;35;3;2135;167;1304;664;0;460;232;167;58;3;1337;82;70;76;91;72;85;92;103;96;88;96;111;94;68;47;36;16;11;3;1258;61;64;82;79;73;80;79;110;91;80;97;89;89;57;40;46;19;13;9;113;506;236;783;956;3;2458;67;33;13;24;0;1055;333;330;127;162;77;26;2
2024;2025;1371;13022;2066;1739;327;250;49;28;0;1706;195;768;743;0;360;248;59;49;4;1091;64;52;66;63;65;35;84;71;82;74;81;106;88;59;34;27;23;11;6;975;50;62;43;47;43;54;62;74;74;66;73;83;78;50;41;31;16;15;13;122;429;216;665;634;0;1930;49;53;17;16;3;886;293;309;96;117;53;18;1
2024;2025;1372;12955;16446;12876;3570;1947;1071;552;0;12903;7406;976;4519;3;3543;1669;1066;740;68;8318;395;393;410;418;472;581;637;607;553;536;592;597;597;475;362;295;221;114;63;8128;356;329;341;383;466;559;578;514;557;523;520;624;619;485;391;351;243;171;118;914;3065;1679;5383;5400;5;15405;359;345;176;140;21;7335;2712;2437;851;893;337;105;2
2024;2025;1373;10594;3774;3352;422;260;91;71;0;3274;189;1729;1356;0;500;279;115;96;10;1902;107;116;79;104;128;113;98;133;135;125;133;157;159;96;93;53;35;26;12;1872;89;104;90;125;108;101;103;147;109;130;129;167;140;99;74;69;40;33;15;159;769;424;1408;1010;4;3584;79;53;23;32;3;1555;466;520;224;231;81;33;1
2024;2025;1374;10571;965;861;104;77;21;6;0;846;50;453;343;0;119;81;23;15;0;505;37;24;24;28;27;38;37;27;24;28;35;45;38;34;18;21;10;5;5;460;21;25;24;23;22;28;30;32;18;36;35;37;44;26;15;17;12;11;4;63;165;98;330;309;0;896;28;30;4;7;0;392;108;154;48;44;23;15;1
2024;2025;1375;10865;2476;2195;281;214;30;37;0;2152;230;1335;587;0;324;224;37;60;3;1274;57;61;61;53;61;75;76;87;83;83;90;115;108;103;70;46;31;11;3;1202;62;64;63;55;64;67;72;77;64;81;66;116;114;79;57;49;29;13;10;111;398;283;757;927;0;2348;58;25;24;19;3;1144;428;402;119;129;51;15;2
2024;2025;1401;11753;6511;5321;1190;788;280;122;0;5218;336;2252;2630;0;1293;711;373;198;11;3328;171;189;188;148;158;191;218;270;222;209;235;296;231;192;151;121;70;49;19;3183;155;171;161;144;162;184;224;242;226;209;216;252;249;183;125;127;76;46;31;385;1222;761;2389;1754;0;6077;117;190;66;55;6;2838;916;994;373;406;109;40;2
2024;2025;1402;12287;4416;3077;1339;1085;128;126;0;2891;423;112;2356;0;1525;1086;184;255;0;2290;68;80;88;99;99;162;149;155;159;161;166;184;192;162;117;115;69;40;25;2126;80;82;98;81;110;118;137;139;129;142;144;168;172;134;119;105;75;57;36;333;936;561;1612;974;0;4064;7;152;164;23;6;2189;974;721;189;220;52;33;2
2024;2025;1403;12063;3988;3406;582;343;162;77;0;3372;339;1806;1227;0;616;327;165;120;4;2011;110;105;107;110;97;119;104;145;146;113;122;157;166;143;107;71;47;30;12;1977;101;94;102;111;102;100;129;123;152;111;141;141;174;132;92;56;54;45;17;178;751;414;1335;1310;0;3779;80;59;27;32;11;1674;512;615;194;240;89;24;1
2024;2025;1404;12688;6514;5728;786;523;116;147;0;5622;369;2956;2296;3;892;543;141;198;10;3295;134;191;198;187;176;190;205;244;235;235;209;257;219;214;155;135;64;37;10;3219;161;173;191;172;172;156;178;239;236;220;234;231;225;182;152;127;74;47;49;304;998;681;2203;2328;0;6165;126;125;48;48;3;2689;815;946;321;417;141;49;1
2024;2025;1405;12718;2072;1825;247;189;30;24;4;1790;236;956;598;0;282;196;38;44;4;1057;46;46;45;61;48;62;61;59;61;74;92;95;78;60;57;54;37;11;10;1015;37;54;54;68;38;52;50;51;65;72;65;75;76;60;55;53;39;34;17;81;270;190;692;839;0;1979;22;36;20;12;3;939;339;352;84;102;47;15;1
2024;2025;1406;12859;5299;4608;691;516;96;79;0;4468;302;2282;1884;0;831;530;152;128;21;2597;126;147;129;133;137;135;157;174;157;168;175;206;191;152;152;108;78;40;32;2702;120;130;144;144;127;128;177;176;180;166;188;231;204;170;118;134;75;53;37;230;953;572;2044;1500;0;5016;98;108;22;55;0;2250;683;821;288;300;120;38;1
2024;2025;1407;13009;10862;8938;1924;1205;382;327;10;8643;4552;384;3705;3;2219;1163;555;492;9;5470;238;277;259;264;279;270;357;378;361;354;351;447;423;339;315;252;191;81;34;5392;241;284;240;237;224;261;317;371;355;303;376;411;409;344;333;290;185;124;87;540;1959;1277;4244;2842;0;10238;197;213;122;87;5;4801;1673;1656;560;648;193;71;2
2024;2025;1501;11792;3712;3199;513;403;48;62;0;3088;308;1474;1306;0;624;422;72;129;3;1872;70;96;101;82;93;81;107;108;128;119;135;162;171;119;107;82;71;29;11;1840;81;83;100;100;66;71;117;102;133;122;143;158;145;117;90;95;71;32;14;151;605;452;1417;1084;3;3527;58;66;23;34;4;1683;572;627;190;212;68;14;2
2024;2025;1502;11465;5483;4534;949;495;297;155;3;4380;201;2264;1914;3;1103;493;377;222;11;2797;118;152;140;126;134;164;192;199;175;187;191;202;232;190;132;126;76;39;22;2686;104;121;119;144;128;136;158;186;174;164;182;239;202;173;151;112;100;61;32;270;1053;617;2280;1260;3;5188;119;86;58;26;6;2434;803;891;300;302;116;22;1
2024;2025;1503;11568;1871;1671;200;123;51;25;3;1633;73;979;581;0;238;142;48;47;3;977;46;43;57;47;52;71;49;70;55;63;54;90;83;67;48;38;24;12;8;894;46;39;47;46;48;45;55;51;61;50;59;80;76;55;42;33;27;20;14;100;338;238;660;535;0;1751;50;34;13;21;3;801;247;289;102;107;42;14;1
2024;2025;1504;12290;1668;1342;326;255;48;23;0;1247;79;496;672;0;421;289;65;65;3;879;39;44;32;27;25;34;62;66;56;54;59;83;84;71;65;49;18;7;4;789;35;34;32;21;29;32;60;65;46;51;50;74;85;67;42;35;17;8;6;114;445;207;553;346;3;1546;40;45;25;11;3;823;327;316;75;74;23;8;1
2024;2025;1505;12276;5327;4285;1042;724;171;145;3;4110;156;1931;2022;3;1217;729;245;237;6;2723;109;132;94;111;137;162;175;202;170;177;140;221;206;199;169;144;93;54;28;2604;121;119;107;99;108;118;161;162;169;156;162;227;211;193;149;153;103;53;33;326;1260;684;2002;1050;5;4954;90;118;116;48;3;2503;898;941;286;291;71;16;1
2024;2025;1506;12275;2338;2076;262;156;59;46;3;1988;56;1035;897;0;350;196;76;75;3;1192;66;70;62;50;64;75;67;82;79;81;99;102;85;71;49;58;21;7;4;1146;52;63;65;61;56;59;76;90;80;75;91;95;88;75;37;40;22;14;7;147;465;278;873;575;0;2174;78;52;12;18;4;980;289;365;110;148;52;16;1
2024;2025;1507;12300;6296;4710;1586;1080;263;243;0;4322;200;1043;3078;3;1974;1140;352;470;12;3347;147;125;107;145;163;164;203;242;249;180;236;306;307;244;167;157;129;56;20;2949;114;108;95;114;117;130;195;195;204;204;236;245;260;185;159;159;105;83;41;398;1591;837;2382;1087;3;5842;66;211;109;61;7;2931;1030;1121;373;296;82;29;2
2024;2025;1508;12556;3099;2776;323;178;86;59;0;2698;126;1568;1004;0;401;205;92;102;3;1555;71;71;87;93;81;79;90;98;91;104;116;136;117;107;81;57;46;16;14;1544;70;74;81;90;84;59;101;94;88;103;113;129;116;94;79;70;46;40;13;135;569;353;1241;798;3;2945;81;42;7;20;4;1323;424;477;142;186;75;19;2
2024;2025;1509;10576;8508;6976;1532;811;301;414;6;6746;3278;269;3197;3;1762;807;437;508;10;4242;164;212;208;202;244;279;282;296;263;255;265;332;333;247;221;220;131;63;25;4266;186;163;185;199;214;249;288;273;283;237;287;365;308;252;255;200;174;98;50;493;1697;992;3679;1638;9;7962;217;177;86;58;8;3781;1292;1381;462;479;133;34;1
2024;2025;1510;10577;4922;3846;1076;780;163;132;3;3594;75;1279;2240;0;1328;814;249;255;10;2517;107;118;88;77;99;121;173;179;158;154;164;190;213;207;160;130;103;53;23;2405;92;101;89;67;71;128;142;167;166;129;171;189;201;176;166;123;135;66;26;312;1204;670;1977;759;0;4582;96;148;17;36;43;2416;903;952;269;217;63;12;1
2024;2025;1511;10357;2121;1855;266;174;59;33;0;1840;159;1153;528;0;281;165;63;51;3;1102;47;62;55;73;71;74;69;77;58;66;72;80;78;73;50;48;26;14;9;1019;40;54;66;63;60;43;67;62;63;75;65;61;87;60;60;43;24;15;11;94;333;192;687;815;0;2019;42;32;15;10;3;869;267;294;97;130;61;20;1
2024;2025;1630;15479;19810;14216;5594;3385;1559;650;0;14249;1063;7052;6131;3;5561;2859;1668;891;143;10071;481;556;521;511;523;624;755;791;802;697;688;697;642;554;447;371;246;117;48;9739;502;528;495;463;453;593;704;733;705;623;604;679;663;547;453;382;304;181;127;975;3822;2312;10613;2088;0;18672;211;574;167;178;8;8615;2945;2884;1124;1146;380;136;2
2024;2025;1631;15478;9675;7760;1915;1278;351;285;3;7455;682;4003;2769;3;2220;1348;411;414;47;4929;190;243;213;188;204;253;258;317;325;279;314;365;452;407;340;272;164;103;42;4746;151;237;201;199;187;192;246;264;303;268;297;385;454;369;330;246;206;117;94;464;1809;1119;5503;776;4;9166;179;188;76;54;12;4547;1796;1620;526;382;167;56;2
2024;2025;1632;15480;12886;9089;3797;2083;1099;610;5;9161;5800;402;2956;3;3725;1881;1033;735;76;6412;268;333;314;363;372;398;426;484;508;408;398;495;433;356;316;244;162;94;40;6474;278;343;312;304;322;364;386;467;422;388;421;463;470;415;323;295;235;153;113;684;2312;1332;7301;1256;3;12124;286;224;128;101;23;5858;2323;1815;715;694;238;73;2
2024;2025;1701;11711;25004;17137;7867;4888;1676;1300;3;16084;4183;5290;6606;5;8920;4441;2305;2065;109;12652;597;680;636;587;563;716;913;990;1027;919;945;1042;914;630;495;438;324;166;70;12352;568;628;579;593;566;663;871;935;951;892;888;938;843;615;515;497;401;267;142;1566;4994;3429;10025;4988;3;23239;624;534;368;227;12;10887;3615;3670;1509;1496;479;118;2
2024;2025;1702;11397;18273;13218;5055;2898;1240;915;3;12246;2870;3799;5575;3;6027;2832;1604;1500;91;9230;490;510;489;515;392;512;644;780;708;662;699;747;647;481;323;306;190;102;33;9043;458;491;510;448;361;529;583;721;688;648;666;657;605;472;346;337;220;178;125;1383;4029;2620;7073;3167;3;16742;593;514;245;165;14;7688;2321;2642;1059;1243;331;92;2
2024;2025;1703;12176;8972;7154;1818;1145;351;322;0;6679;89;3417;3172;3;2293;1209;470;594;20;4514;183;237;262;263;261;220;229;296;297;294;356;410;361;215;207;168;152;76;27;4458;217;223;236;285;225;194;215;309;290;314;340;371;331;225;207;223;149;74;30;527;1792;1096;4074;1483;0;8380;225;177;109;76;5;3595;918;1253;567;604;204;49;2
2024;2025;1704;12389;4700;3625;1075;602;258;215;0;3395;132;1765;1498;0;1305;659;295;324;27;2353;112;124;101;122;118;151;140;147;141;163;168;237;180;149;103;71;80;27;19;2347;95;107;106;104;126;113;141;143;161;160;163;221;158;124;105;103;97;75;45;367;914;587;1756;1075;3;4303;148;141;65;32;11;1934;616;681;265;254;86;32;1
2024;2025;1705;12517;2527;1856;671;393;142;136;0;1787;55;1005;727;0;740;382;136;197;25;1317;71;78;84;69;67;66;63;88;102;101;110;110;100;65;60;47;25;9;3;1210;66;80;61;61;61;54;59;84;101;85;95;98;84;70;64;42;27;12;6;162;614;429;929;392;3;2341;80;46;32;26;3;997;254;342;147;169;66;19;2
2024;2025;1706;12551;6578;4531;2047;1305;418;323;3;4252;268;2075;1907;3;2326;1339;411;557;19;3275;135;156;159;198;158;128;160;207;200;227;274;311;289;228;169;139;70;42;25;3303;136;152;190;202;145;121;173;203;209;246;291;285;267;194;171;129;94;60;35;390;1515;956;2373;1341;3;6145;151;129;92;53;8;2763;832;977;395;403;112;44;2
2024;2025;1707;12931;11674;8399;3275;1881;834;559;3;7950;77;3816;4057;0;3724;1714;1008;864;138;5973;314;307;306;299;297;374;488;486;503;414;436;467;383;301;232;181;121;46;18;5701;308;277;273;265;299;358;477;488;415;409;436;385;401;286;249;160;121;59;35;846;2468;1579;4546;2234;3;10719;288;371;156;127;13;4929;1510;1696;749;706;213;55;2
2024;2025;1708;10598;10399;7559;2840;1708;753;379;0;7169;64;4037;3066;3;3230;1544;964;674;48;5202;266;263;278;257;265;267;367;407;453;338;337;391;365;281;232;207;129;70;29;5197;246;317;233;270;196;250;339;394;416;321;347;402;354;307;236;241;164;104;60;596;2189;1423;4469;1722;0;9718;250;226;97;95;13;4476;1377;1571;604;701;176;47;1
2024;2025;1709;10844;9495;6886;2609;1548;534;525;3;6518;476;3418;2622;3;2977;1581;605;760;31;4749;197;262;280;263;268;196;266;299;327;343;368;407;371;251;206;169;161;75;40;4746;196;244;246;244;237;207;218;306;326;340;400;391;369;248;222;211;182;99;60;669;1897;1268;3717;1944;0;8753;292;221;131;82;16;4093;1398;1361;491;614;184;45;2
2024;2025;1710;10457;3995;2540;1455;1002;269;184;0;2255;84;1107;1062;3;1740;982;343;407;8;2062;86;98;108;97;90;91;90;123;122;148;152;231;181;128;113;83;64;40;17;1933;79;82;100;83;91;81;85;101;131;160;173;165;167;112;103;92;68;39;21;261;1061;536;1419;718;0;3707;98;86;70;31;3;1702;495;647;228;239;70;23;1
2024;2025;1711;10323;32122;20081;12041;7390;2695;1951;5;18061;4682;4963;8416;0;14061;7003;3447;3423;188;16433;763;772;797;776;744;821;1178;1408;1360;1361;1353;1306;1118;758;601;535;467;207;108;15689;749;760;762;761;617;736;1088;1259;1332;1207;1179;1164;950;728;690;628;518;353;208;2322;8133;4657;11913;5095;3;29597;605;919;698;257;46;14318;5283;4643;1950;1811;505;126;2
2024;2025;2008;11419;528;487;41;33;5;3;0;447;3;160;285;0;81;50;12;19;0;256;12;14;21;11;16;17;14;17;15;18;16;29;21;8;13;9;3;3;3;272;15;15;24;17;9;13;11;28;18;23;25;11;22;8;19;9;3;3;3;35;123;86;207;77;0;488;17;16;3;6;0;207;51;71;30;38;14;3;1
2024;2025;2011;14510;2030;1604;426;337;75;14;0;1555;49;612;893;3;475;311;80;79;5;1024;56;70;56;67;60;70;88;69;81;59;75;82;46;46;33;29;24;9;4;1006;69;50;57;55;54;67;85;72;69;61;72;77;56;34;31;48;28;14;7;111;562;256;563;538;0;1899;51;52;7;21;0;846;283;234;138;139;31;21;1
2024;2025;2016;11974;1284;1043;241;214;11;16;0;1010;32;348;629;3;274;195;19;52;8;647;32;46;39;43;47;51;54;49;46;39;36;50;34;22;14;21;18;5;3;637;37;28;32;27;45;46;53;50;47;51;46;47;42;19;28;21;10;4;4;172;314;193;364;241;0;1100;87;63;17;16;3;543;157;191;80;92;18;5;1
2024;2025;2022;12055;1161;985;176;161;7;8;0;933;18;247;668;0;228;162;17;44;5;593;27;48;41;40;25;13;19;57;46;41;39;40;44;45;29;23;11;3;3;568;26;38;28;26;21;22;34;46;36;42;40;49;44;44;27;20;13;7;5;82;311;198;384;186;0;1073;36;33;12;6;3;477;121;184;53;93;21;5;1
2024;2025;2025;14526;1226;1003;223;169;36;18;0;971;11;323;637;0;255;163;38;52;3;581;30;37;31;40;31;26;48;43;46;39;58;50;27;27;16;16;13;3;0;645;30;49;44;38;39;35;44;44;46;42;69;32;34;31;20;20;14;7;7;86;340;154;459;187;0;1130;51;30;4;10;3;493;141;155;67;97;28;5;1
2024;2025;2027;12387;445;368;77;64;6;7;0;360;15;130;215;0;85;57;8;18;3;216;13;13;9;20;14;3;16;14;15;23;14;13;14;12;6;10;6;0;3;229;15;18;21;14;10;7;15;19;15;27;14;14;10;6;10;8;3;3;3;31;94;97;117;106;0;412;12;13;4;3;3;163;32;55;26;35;10;5;1
2024;2025;2029;14475;3037;2363;674;578;64;32;0;2358;82;1191;1085;0;679;478;81;115;5;1534;124;96;89;75;79;106;118;130;124;94;92;89;104;60;62;42;32;10;8;1503;91;89;90;80;89;117;119;121;112;74;92;92;93;68;53;55;22;26;20;247;826;434;926;604;0;2757;150;60;26;37;7;1243;380;399;186;177;67;34;1
2024;2025;2035;12549;498;417;81;78;3;3;0;406;14;121;271;0;92;69;7;14;3;263;18;27;25;11;12;17;14;15;15;15;18;19;26;13;6;8;3;3;0;235;18;17;11;14;7;13;19;9;19;18;16;22;19;12;5;8;4;3;3;19;145;75;146;113;0;475;8;10;0;5;0;194;52;64;25;32;17;4;1
2024;2025;2038;13105;113;96;17;16;0;3;0;95;4;11;80;0;18;14;3;3;0;63;6;3;3;3;6;3;5;6;6;5;6;3;4;3;3;0;3;0;3;50;3;3;3;3;4;3;7;5;3;7;6;3;3;3;3;3;3;0;0;27;37;9;18;22;0;85;3;25;0;3;0;49;16;13;9;11;0;0;1
2024;2025;2041;13702;2030;1537;493;408;59;26;0;1518;45;613;860;0;512;356;67;73;16;1024;61;54;47;64;61;57;102;73;70;78;82;80;68;39;29;32;18;7;3;1006;58;51;54;58;49;66;85;77;67;75;74;73;56;43;31;41;25;18;5;188;536;287;632;387;0;1822;100;57;27;24;0;842;242;293;125;126;39;17;1
2024;2025;2043;12991;318;256;62;48;10;4;0;245;3;108;136;0;73;53;7;12;3;162;4;7;8;6;18;12;20;7;9;11;14;12;14;9;4;4;3;0;3;156;7;7;10;5;11;13;15;9;11;11;10;12;11;7;4;5;4;3;3;22;91;38;119;48;0;296;16;4;3;3;0;132;39;46;17;21;5;4;1
2024;2025;2044;16593;1220;1043;177;154;10;13;0;993;64;274;654;3;227;146;20;59;3;628;33;31;32;42;33;34;39;43;38;49;41;59;47;44;22;20;17;3;3;592;27;34;38;26;33;31;43;36;31;48;41;48;53;28;20;20;14;15;6;81;306;158;406;269;0;1130;40;29;12;9;0;500;146;178;63;73;28;12;2
2024;2025;2045;10944;534;419;115;102;3;10;0;418;11;132;273;3;116;89;7;20;0;272;25;19;15;15;20;22;22;20;18;13;20;13;17;7;13;7;5;0;3;262;13;16;7;13;18;20;23;22;16;23;21;15;11;14;14;7;6;3;3;61;196;56;148;72;3;467;33;23;5;6;0;234;84;70;34;32;10;4;1
2024;2025;2050;14474;1572;1294;278;244;19;15;0;1257;50;466;741;0;315;232;25;57;3;791;39;40;40;48;30;45;65;60;55;70;62;61;48;37;29;35;15;9;3;781;46;41;52;52;48;43;54;58;61;55;61;53;48;26;31;26;15;8;3;121;420;167;525;339;0;1440;60;41;15;14;3;666;233;187;102;97;37;10;1
2024;2025;2051;14511;1319;1100;219;199;10;10;0;1053;34;351;668;0;266;198;17;49;3;659;26;38;39;31;23;34;41;48;57;46;52;44;52;47;28;23;19;8;3;660;28;36;37;28;25;35;42;51;45;50;44;48;64;44;21;27;18;11;6;70;399;176;440;234;0;1238;27;33;9;11;3;578;193;197;82;76;21;9;1
2024;2025;2053;15675;6148;4424;1724;1344;286;94;0;4490;168;2079;2243;0;1658;1065;292;245;56;3097;216;187;179;169;201;234;243;257;214;202;190;229;155;120;113;100;50;34;4;3051;199;189;177;168;183;220;264;217;229;197;196;199;163;131;110;95;60;34;20;465;1512;894;1960;1317;0;5603;257;141;55;87;5;2520;787;740;412;390;150;41;1
2024;2025;2054;15689;10623;8134;2489;1839;355;295;0;7781;1485;1659;4636;3;2842;1700;383;708;51;5297;265;317;307;295;273;364;398;380;385;366;352;399;322;272;201;197;127;56;21;5326;244;318;265;252;292;353;369;360;366;329;383;402;323;287;253;244;162;81;43;819;2421;1445;3945;1985;8;9736;292;356;151;80;8;4645;1666;1437;645;606;219;72;2
2024;2025;2055;15690;2487;2114;373;324;16;33;0;1993;31;448;1514;0;494;330;38;126;0;1244;53;75;69;73;57;48;67;89;107;90;76;109;95;75;65;49;32;9;6;1243;52;71;67;48;59;63;82;84;92;76;99;102;87;77;71;59;32;13;9;137;639;439;880;392;0;2334;37;76;20;18;3;1081;332;381;153;168;41;6;1
2024;2025;2061;11680;281;260;21;20;0;3;0;251;5;82;164;0;30;26;3;3;0;140;6;11;7;9;6;5;6;12;9;11;12;13;13;5;7;4;3;3;0;141;6;12;10;9;6;5;5;11;8;13;10;8;14;6;6;6;3;3;0;14;58;36;116;57;0;266;0;14;0;3;0;113;33;34;15;22;8;3;1
2024;2025;2063;14103;903;716;187;134;19;34;0;699;189;268;242;0;204;122;28;54;0;454;22;26;18;31;25;34;29;37;32;28;34;28;26;30;21;18;10;3;3;449;22;26;18;30;22;32;44;35;24;28;30;33;34;18;22;11;9;6;5;107;319;85;268;124;0;788;69;20;12;8;6;384;143;108;47;62;19;5;1
2024;2025;2066;11444;341;315;26;26;0;0;0;292;9;102;181;0;49;38;3;8;0;166;8;8;10;11;13;8;7;11;11;8;14;15;10;13;6;6;6;3;0;175;6;13;6;10;13;8;8;10;12;16;14;14;7;14;6;9;5;3;3;21;83;42;129;66;0;320;6;13;3;0;0;136;29;58;15;24;8;3;1
2024;2025;2067;12611;364;328;36;27;6;3;0;327;10;265;52;0;37;22;6;9;0;200;8;9;16;13;13;11;8;10;12;15;11;22;14;15;6;8;4;3;3;164;3;7;12;9;12;11;8;11;9;11;15;8;17;7;8;6;7;3;3;29;34;37;129;135;0;331;27;3;0;4;0;137;33;44;26;21;7;6;1
2024;2025;2068;11420;860;678;182;140;17;25;0;674;32;382;259;3;186;113;29;40;4;425;20;18;21;27;30;45;41;22;18;23;37;31;28;24;12;10;13;4;3;435;17;13;25;29;40;43;27;29;26;28;34;33;24;13;8;20;10;6;10;57;224;107;285;187;0;795;44;10;3;8;0;357;109;116;54;54;21;3;1
2024;2025;2072;13211;398;328;70;55;13;3;0;314;4;98;212;0;84;59;14;11;0;197;11;15;11;6;5;10;16;24;14;13;15;14;13;12;8;4;3;3;3;201;12;10;14;13;10;13;20;19;15;14;14;11;15;11;4;3;3;4;0;31;125;38;136;68;0;366;10;18;3;3;3;154;33;57;29;22;10;3;1
2024;2025;2079;12113;212;186;26;18;6;3;0;185;12;124;49;0;27;20;3;5;0;112;8;14;14;4;3;7;3;9;10;9;9;3;8;4;3;3;3;0;0;100;6;6;10;3;7;6;8;8;13;5;7;5;6;3;3;4;3;3;0;11;50;35;67;49;0;198;9;3;0;3;0;85;30;19;13;13;7;3;1
2024;2025;2086;12734;596;513;83;67;8;8;0;507;18;354;135;0;89;59;8;22;0;306;25;24;15;17;20;18;18;24;18;23;18;17;14;25;11;13;3;3;3;290;15;20;10;28;15;16;18;21;19;21;17;13;28;21;12;5;5;0;6;50;142;56;163;185;0;544;35;8;3;5;3;232;60;73;40;40;14;5;1
2024;2025;2087;14476;1163;948;215;189;15;11;0;919;33;650;236;0;244;159;16;63;6;566;34;28;28;39;25;42;51;34;30;41;33;39;43;41;22;12;13;7;4;597;36;21;39;28;35;54;52;33;29;39;37;48;44;34;20;25;13;9;3;97;298;145;410;213;0;1057;61;15;17;13;0;493;143;174;82;66;22;6;1
2024;2025;2089;12340;554;437;117;111;3;5;0;421;7;86;328;0;133;106;8;19;0;282;22;24;14;13;14;14;21;28;24;17;18;18;17;12;7;10;3;3;3;272;22;21;14;11;7;14;30;22;21;20;25;24;16;5;6;7;3;5;0;38;208;50;178;80;0;507;11;16;9;11;0;211;42;76;38;39;9;7;1
2024;2025;2096;13663;6124;3427;2697;1905;407;381;4;3480;65;2328;1086;3;2644;1484;441;692;27;3033;147;151;197;180;207;254;265;225;222;219;229;225;140;97;90;89;57;28;11;3091;177;156;152;188;192;262;208;229;229;219;228;177;163;109;118;110;82;54;38;634;1755;766;1883;1082;4;5434;322;149;146;63;10;2690;1027;759;372;362;124;46;1
2024;2025;2097;14140;1618;1353;265;237;9;19;0;1309;31;409;868;3;309;227;23;56;3;828;48;45;57;41;40;45;55;68;74;63;59;53;50;44;46;21;6;10;3;790;40;41;49;37;36;38;59;53;74;49;60;73;68;36;23;21;15;10;8;99;420;238;556;305;0;1502;42;43;12;17;3;688;211;228;104;106;33;6;1
2024;2025;2099;14477;2675;2097;578;512;29;37;0;2081;88;1313;680;0;594;429;46;111;8;1351;69;96;80;80;73;107;105;110;99;86;83;75;82;84;41;47;21;6;7;1324;84;74;94;70;72;85;103;112;85;93;90;88;71;53;42;41;30;24;13;255;681;262;875;602;0;2407;123;59;66;14;6;1096;332;356;156;157;72;23;1
2024;2025;2102;15500;3502;2818;684;574;60;50;0;2767;88;1215;1463;3;735;521;62;137;15;1727;101;94;122;119;93;105;134;132;124;125;112;113;112;80;59;44;28;23;7;1775;108;121;107;97;102;104;134;134;119;133;120;112;99;93;61;51;40;26;14;197;881;541;1238;645;0;3259;83;88;26;46;0;1404;394;441;223;244;76;26;1
2024;2025;2113;14480;2383;2123;260;231;8;21;0;2088;111;1418;559;0;295;210;17;68;0;1200;54;87;77;66;72;61;74;96;80;80;91;78;69;67;64;35;29;15;5;1183;57;71;86;69;74;64;66;82;102;78;70;84;65;61;52;36;37;17;12;138;461;312;783;689;0;2226;98;29;9;20;3;948;263;305;134;164;62;20;1
2024;2025;2114;14137;1546;1362;184;158;6;20;0;1321;64;987;270;0;225;148;16;59;3;775;39;47;51;48;40;35;46;52;56;53;50;60;62;47;34;25;16;11;3;771;42;43;45;48;46;55;50;54;59;47;54;56;51;35;18;26;24;14;4;113;320;228;492;393;0;1420;78;21;9;14;4;624;188;208;75;107;37;9;1
2024;2025;2115;14478;1095;929;166;134;24;8;0;915;13;585;317;0;180;111;31;38;0;551;23;33;35;52;33;38;30;43;42;38;37;36;31;30;16;20;10;3;3;544;23;32;28;31;33;33;38;32;44;41;43;36;38;27;28;21;6;8;3;104;262;142;372;215;0;987;74;11;15;4;4;447;136;142;56;80;24;9;1
2024;2025;2117;16132;2409;1947;462;347;66;49;0;1926;58;1314;554;0;483;288;86;104;5;1241;50;81;85;86;76;71;86;96;74;89;100;59;83;62;64;44;23;8;4;1168;51;59;91;90;64;55;69;89;86;90;82;69;73;69;54;37;18;13;9;180;586;365;824;454;0;2211;122;34;17;23;3;974;298;298;154;157;51;16;1
2024;2025;2121;14362;1774;1441;333;288;25;20;0;1415;91;953;371;0;359;269;36;51;3;905;63;64;45;55;38;49;56;67;79;51;40;61;65;62;41;25;24;13;7;869;65;60;57;30;34;44;60;79;53;39;42;62;72;60;34;33;18;18;9;146;422;229;512;465;0;1610;89;28;28;19;0;748;270;225;91;92;51;19;2
2024;2025;2122;14368;2038;1704;334;278;31;25;0;1661;33;1282;346;0;377;264;33;79;3;1053;59;48;65;58;70;72;70;66;62;86;87;82;55;57;49;29;24;11;3;985;51;43;58;57;42;63;71;70;81;73;73;82;55;42;39;42;20;14;9;177;505;247;712;397;0;1847;139;14;14;20;4;852;255;295;115;132;46;9;1
2024;2025;2123;14530;759;621;138;125;11;3;0;595;14;444;136;3;164;119;18;23;4;396;28;25;24;23;19;11;39;33;30;23;28;29;24;21;21;11;5;3;0;363;25;29;20;17;21;11;31;34;22;18;30;20;28;25;13;7;5;5;3;53;272;102;206;126;0;699;36;8;7;8;3;296;69;103;41;58;22;3;1
2024;2025;2124;11871;2848;1869;979;753;145;81;0;1896;27;1435;434;0;952;627;145;170;10;1384;65;71;73;69;89;89;94;113;102;108;104;99;72;78;58;51;31;9;9;1464;81;73;76;80;91;93;110;92;108;97;85;96;86;90;79;44;37;30;16;267;812;407;976;373;13;2557;167;26;63;26;9;1282;513;379;156;150;62;22;2
2024;2025;2125;14528;27101;15173;11928;8400;1790;1728;10;15607;371;11585;3648;3;11494;6615;1917;2804;158;13356;708;772;778;791;1050;1097;1171;1012;917;903;861;852;712;503;406;388;248;128;59;13745;671;683;716;693;1134;1123;1063;976;903;864;875;868;745;618;521;503;397;241;151;2129;7760;3793;8954;4452;13;24753;856;549;668;239;36;11657;4453;3445;1641;1413;512;193;2
2024;2025;2128;11424;358;283;75;71;3;3;0;263;3;179;82;0;95;79;3;14;0;183;7;11;9;4;13;9;14;23;17;10;14;13;17;4;5;5;5;3;0;175;14;11;8;7;9;6;8;17;13;14;15;13;12;8;7;9;3;3;0;23;137;51;87;60;0;333;12;5;4;4;0;156;54;46;26;23;5;3;2
2024;2025;2129;15481;1042;889;153;133;8;12;0;864;14;665;184;3;178;128;10;37;3;521;43;30;32;24;30;20;36;39;38;42;41;39;35;18;18;26;7;3;0;521;29;35;24;33;23;26;45;43;43;35;34;34;20;31;28;21;10;6;3;42;279;198;294;229;0;988;27;11;3;13;0;425;117;138;72;71;16;11;1
2024;2025;2130;11533;486;400;86;76;7;3;0;375;4;280;91;0;111;86;10;15;0;252;18;16;15;7;7;6;17;21;24;12;23;16;19;11;14;12;11;3;3;234;10;23;12;3;4;7;19;18;15;18;13;14;19;13;18;13;7;4;4;38;149;92;138;69;0;443;24;6;8;5;0;225;90;77;18;22;14;4;1
2024;2025;2131;12135;846;713;133;117;9;7;0;678;21;518;139;0;168;117;13;35;3;423;20;19;20;24;33;30;30;29;28;25;37;45;23;14;16;14;11;4;3;423;18;23;17;29;23;26;38;27;32;33;36;36;18;22;13;14;12;5;3;67;212;94;314;159;0;774;50;6;8;6;3;352;95;125;51;62;18;3;1
2024;2025;2134;12106;903;779;124;108;12;4;0;756;44;591;120;3;147;104;14;28;3;458;24;32;37;32;23;26;27;30;30;36;35;29;32;18;14;17;11;3;3;445;24;34;24;23;29;25;22;28;36;30;34;32;36;18;16;13;10;7;4;70;164;113;328;228;0;826;50;15;4;8;0;360;111;99;48;80;17;5;1
2024;2025;2135;11958;2339;1782;557;489;34;34;0;1739;51;1307;381;0;600;446;45;104;5;1212;71;93;62;72;55;77;92;94;84;89;112;70;72;55;38;34;27;10;5;1127;57;79;57;62;69;68;84;88;96;85;72;70;63;40;51;41;22;11;12;174;660;354;754;397;0;2141;119;22;28;24;5;997;331;305;146;158;40;17;1
2024;2025;2137;12247;744;642;102;83;7;12;0;626;10;473;143;0;118;71;9;38;0;377;25;35;20;25;24;16;13;37;28;28;30;24;26;21;11;4;8;3;0;367;19;29;22;23;20;23;24;29;39;20;26;23;20;21;11;8;8;3;3;44;208;108;229;155;0;693;32;5;6;8;0;283;71;92;41;47;23;9;1
2024;2025;2138;12668;657;614;43;26;12;5;0;604;104;370;130;0;53;31;13;9;0;330;15;11;16;19;24;22;16;24;13;23;17;21;21;28;22;12;12;9;5;327;20;13;17;23;16;17;15;16;21;15;20;19;22;32;17;17;15;5;7;28;88;40;105;396;0;618;14;8;5;12;0;269;77;105;30;29;19;9;1
2024;2025;2140;14135;2130;1751;379;318;36;25;0;1681;18;1302;361;0;449;334;39;72;4;1092;69;68;71;89;66;74;77;61;76;81;86;78;64;45;31;29;14;10;3;1038;63;59;48;53;90;69;87;67;78;70;73;72;77;40;25;29;18;15;5;155;617;260;740;354;4;1952;107;19;26;25;3;815;218;245;119;162;55;16;2
2024;2025;2143;12369;771;659;112;91;15;6;0;627;20;483;124;0;144;97;19;27;3;366;20;25;13;19;24;18;21;32;30;18;35;26;22;26;11;13;9;3;3;405;22;20;12;23;31;25;22;39;24;28;26;33;23;26;18;16;11;3;3;73;221;75;256;146;0;688;57;12;3;10;3;319;86;111;51;55;12;4;1
2024;2025;2145;12618;1386;1111;275;243;15;17;0;1081;17;816;248;0;305;234;15;53;3;721;43;55;52;37;43;48;49;45;58;44;50;51;45;31;32;21;10;6;3;665;32;45;41;31;32;30;42;51;55;45;44;57;49;28;23;29;19;6;6;83;341;297;478;187;0;1289;59;18;4;16;0;557;160;176;80;102;34;5;1
2024;2025;2147;13080;606;532;74;66;3;5;0;506;16;408;81;3;100;73;4;23;0;315;12;13;19;22;19;23;21;17;32;12;23;24;25;24;10;9;6;3;3;291;10;19;8;12;19;19;24;15;25;21;22;24;25;14;18;5;6;4;3;31;128;76;186;185;0;571;26;4;3;4;0;241;46;107;34;36;11;7;1
2024;2025;2148;12909;2932;2352;580;435;116;29;0;2252;673;1151;428;0;680;414;150;107;9;1437;74;95;109;74;81;77;94;111;125;103;93;101;86;65;52;46;29;15;7;1495;62;91;93;99;67;74;113;113;131;105;103;84;102;91;57;50;33;23;4;222;658;628;972;452;0;2685;148;42;30;27;0;1203;363;376;170;205;66;23;1
2024;2025;2149;12574;1959;1626;333;279;20;34;0;1585;54;1250;281;0;374;263;26;84;3;984;53;75;59;42;59;66;68;73;76;67;73;67;56;53;43;29;17;5;3;975;57;59;57;55;51;57;57;76;70;75;61;67;69;53;32;31;29;14;5;180;493;288;521;477;0;1760;132;30;13;22;3;818;263;262;100;131;44;18;1
2024;2025;2152;14138;1467;1317;150;128;15;7;0;1316;54;1048;214;0;151;105;17;28;3;735;44;50;46;42;43;53;51;52;44;40;53;54;49;42;31;23;10;6;3;732;47;50;42;38;48;50;59;49;46;42;45;54;50;30;24;26;16;6;10;75;226;141;556;469;0;1380;55;11;7;13;3;567;141;192;79;99;47;9;1
2024;2025;2153;10416;1103;976;127;109;12;6;0;930;35;709;186;0;173;123;12;36;3;568;27;29;32;36;38;25;24;38;38;48;59;44;40;27;26;21;11;3;3;535;28;36;37;26;39;18;29;36;40;40;45;38;37;19;24;20;10;10;3;76;232;152;416;227;0;1024;54;14;5;5;3;451;137;140;65;77;25;7;1
2024;2025;2155;10906;1130;923;207;145;46;16;0;911;27;702;182;0;219;126;48;41;4;575;38;27;26;22;38;40;54;40;35;40;38;44;36;29;23;16;18;7;4;555;30;28;30;34;28;48;38;42;29;38;43;34;35;26;22;20;14;11;5;89;271;138;308;323;3;1030;58;12;17;10;3;458;122;158;78;71;22;7;1
2024;2025;2160;10373;2579;2074;505;405;50;50;0;2015;57;1536;422;0;564;370;57;126;11;1308;60;69;79;89;79;85;101;101;81;106;92;104;80;66;49;26;30;7;4;1271;63;83;72;68;90;61;112;78;98;82;107;85;73;63;42;38;26;16;14;185;606;358;915;511;4;2366;115;27;38;30;3;1063;341;320;147;174;62;19;1
2024;2025;2162;14479;1726;1368;358;317;19;22;0;1372;42;1032;298;0;354;286;19;49;0;887;66;45;67;37;39;54;99;64;64;55;57;65;47;44;28;30;18;6;3;839;39;52;47;49;39;63;77;65;65;57;57;61;48;25;32;32;19;8;4;125;561;261;420;359;0;1586;79;18;26;17;0;764;292;235;87;102;33;15;2
2024;2025;2163;15640;2729;2218;511;417;39;53;3;2094;137;1452;505;0;635;468;46;117;4;1402;73;69;62;67;65;69;92;96;79;87;98;104;101;96;89;65;58;23;9;1327;57;63;63;50;51;59;73;88;88;76;91;99;108;96;84;85;51;29;16;223;676;304;894;628;4;2486;132;38;45;19;9;1258;497;411;147;141;45;17;1
2024;2025;2173;11657;840;691;149;115;22;12;0;677;22;522;133;0;163;98;26;38;3;431;26;34;16;23;21;33;27;35;29;29;30;32;27;23;14;21;7;3;3;409;25;22;21;26;20;20;28;35;28;21;42;36;27;22;14;11;7;3;3;83;208;103;256;190;0;751;64;12;5;7;3;343;106;111;50;47;16;13;2
2024;2025;2174;14143;1949;1503;446;295;65;86;0;1421;12;1092;317;0;528;277;84;164;3;963;51;45;66;50;73;60;50;63;69;68;68;83;62;46;45;24;22;13;5;986;50;60;57;55;65;47;56;77;69;64;76;90;56;48;44;36;19;8;9;147;421;257;828;296;0;1790;105;12;22;18;3;783;222;230;137;149;36;9;1
2024;2025;2175;15676;3452;2232;1220;795;259;166;0;2210;28;1701;480;3;1242;599;379;261;3;1718;96;111;109;117;121;117;126;99;136;131;135;100;94;55;61;50;32;21;7;1734;92;99;110;126;123;98;115;122;120;143;116;95;92;72;72;54;46;20;19;216;917;485;1317;515;3;3216;121;35;50;23;7;1359;395;404;196;235;96;33;1
2024;2025;2177;11502;886;715;171;135;26;10;0;703;10;524;169;0;183;108;40;35;0;433;28;31;37;18;18;29;28;27;43;37;19;37;29;18;11;16;5;3;0;453;25;42;32;25;17;32;30;37;45;26;24;34;23;19;13;10;10;4;5;82;217;175;269;143;0;794;63;6;12;11;0;339;80;105;60;67;24;3;1
2024;2025;2183;15692;3029;2527;502;409;33;60;0;2404;17;1862;525;0;625;381;87;149;8;1518;94;101;94;93;96;59;78;103;123;100;99;128;100;74;79;49;28;13;7;1511;90;100;85;85;72;62;87;98;122;117;121;121;91;82;75;49;27;13;14;241;765;528;1110;385;0;2760;192;24;20;32;3;1174;279;360;219;247;55;14;1
2024;2025;2186;11540;1529;1237;292;223;47;22;0;1203;37;913;253;0;326;200;52;69;5;765;33;35;54;67;65;42;39;39;47;60;53;58;36;41;33;29;21;11;3;764;31;34;53;54;48;36;37;50;54;65;60;55;35;36;43;27;24;14;8;104;332;169;654;270;0;1419;72;18;11;8;3;594;155;190;88;113;31;17;1
2024;2025;2194;11978;248;203;45;37;0;8;0;197;3;165;31;0;51;33;0;18;0;124;4;5;11;7;8;7;9;6;3;9;6;13;10;8;7;4;5;0;3;124;5;3;4;6;8;8;8;6;8;9;12;17;9;5;8;7;3;0;0;12;64;34;111;27;0;234;10;3;0;3;0;100;18;44;18;16;3;3;1
2024;2025;2196;11954;39151;23790;15361;8325;2574;4435;27;22351;13552;2471;6319;9;16800;7325;2942;6368;165;19546;905;980;957;1100;1231;2003;2003;1569;1433;1270;1216;1105;1052;749;629;570;438;227;109;19605;840;912;886;905;1299;1833;1738;1475;1358;1194;1126;1172;1035;857;757;821;657;438;302;2880;10684;4774;12869;7874;70;35931;1249;699;860;353;59;18421;8501;4989;2204;1791;660;276;1
2024;2025;2197;12060;3457;2009;1448;976;299;173;0;1974;7;1605;361;3;1483;827;348;285;23;1726;86;112;102;105;121;122;143;137;148;119;117;103;99;76;42;53;29;9;3;1731;99;102;93;107;89;117;118;134;121;138;121;116;111;72;65;59;37;23;9;433;995;478;1096;450;5;2990;307;38;80;35;7;1324;416;367;229;230;62;20;1
2024;2025;2198;12111;3983;2538;1445;883;219;343;0;2440;3;1903;532;3;1543;716;333;473;21;2052;131;138;119;125;113;183;196;146;166;144;128;136;112;67;67;30;32;14;5;1931;121;111;120;110;111;170;171;144;161;136;110;127;110;73;68;34;26;16;12;323;1169;658;1238;582;13;3608;217;43;45;50;20;1698;589;489;262;242;84;32;1
2024;2025;2200;14129;2113;1571;542;402;87;53;0;1534;7;1178;349;0;579;355;102;115;7;1051;59;58;52;54;60;86;93;70;82;67;64;86;67;44;34;49;16;8;3;1062;43;60;49;55;79;89;63;66;85;61;78;93;68;42;49;34;30;11;7;117;613;208;864;299;12;1978;82;17;16;15;5;878;263;281;158;123;37;16;1
2024;2025;2206;13249;9242;6249;2993;1644;543;801;5;5883;67;4442;1372;3;3359;1454;656;1203;46;4475;228;255;254;261;304;340;301;301;289;247;283;290;287;204;221;176;146;60;28;4767;197;235;243;269;276;311;297;323;306;285;315;348;303;263;227;227;182;101;59;697;2580;1101;3556;1297;11;8484;441;97;135;63;22;3963;1355;1279;579;532;149;69;1
2024;2025;2208;12744;1906;1407;499;327;67;103;3;1308;8;1041;259;0;598;286;85;214;13;941;56;44;48;68;69;79;72;68;62;47;48;66;66;53;38;33;14;8;3;965;52;37;52;55;62;86;76;65;58;77;61;66;74;51;35;25;16;11;6;275;540;180;689;222;0;1616;176;33;32;17;32;766;229;240;137;106;37;17;1
2024;2025;2211;12521;2869;2262;607;481;80;46;0;2149;16;1650;483;0;720;439;121;154;6;1436;86;99;82;97;87;88;98;102;102;86;111;109;93;64;45;43;25;14;5;1433;86;98;78;79;76;77;100;102;105;96;110;114;97;63;51;48;22;19;12;191;831;323;1045;479;0;2654;150;19;15;26;5;1139;302;363;178;210;68;18;1
2024;2025;2216;13141;150;134;16;14;0;3;0;126;3;82;41;0;24;18;3;5;0;79;5;6;3;0;8;5;4;5;3;3;6;7;3;5;4;8;3;0;3;71;6;3;3;3;6;3;8;4;3;3;4;8;3;7;4;5;3;3;3;0;22;24;68;36;0;148;0;0;0;3;0;54;11;18;13;5;4;3;1
2024;2025;2217;13662;788;701;87;75;9;3;0;680;20;526;134;0;108;66;18;24;0;415;26;24;28;41;20;26;20;29;24;24;31;32;28;20;16;12;8;5;3;373;21;21;20;27;25;18;25;29;27;36;19;31;23;12;20;8;6;4;3;28;171;103;330;156;0;754;23;4;3;6;0;292;61;91;53;63;16;8;1
2024;2025;2220;14369;3354;2760;594;461;66;65;3;2654;69;2126;459;0;700;454;87;155;4;1684;87;101;79;89;99;96;85;123;108;100;113;142;132;106;94;61;45;17;7;1670;72;86;101;104;104;88;99;113;85;93;139;153;114;90;93;63;31;31;11;231;779;374;1369;601;0;3102;143;39;43;22;5;1400;437;454;204;200;73;32;1
2024;2025;2226;10889;1642;1409;233;203;8;22;0;1390;73;1103;214;0;252;176;14;62;0;829;54;57;56;34;43;44;63;74;67;43;53;65;48;40;34;25;13;9;7;813;51;49;47;31;50;45;52;74;57;47;52;66;48;40;34;22;24;15;9;104;431;184;495;428;0;1518;79;8;16;20;3;666;194;204;112;114;31;11;1
2024;2025;2228;10162;12507;8109;4398;2449;816;1127;6;7827;37;5933;1855;3;4680;2123;925;1554;78;6138;323;374;369;362;392;440;434;440;377;418;437;392;392;297;218;209;158;76;30;6369;295;362;355;345;361;401;458;425;431;410;437;442;394;294;277;294;205;101;82;820;3128;1557;5025;1959;18;11578;524;118;153;118;16;5329;1846;1610;776;727;273;97;2
2024;2025;2230;10165;69;54;15;13;0;3;0;56;0;46;10;0;13;7;3;5;0;37;3;3;3;3;3;3;3;3;3;3;3;6;4;6;3;0;0;0;0;32;3;3;0;3;0;3;5;0;3;0;3;3;5;3;4;0;0;0;0;3;15;12;23;16;0;65;3;0;0;3;0;30;7;14;4;4;3;0;1
2024;2025;2233;14141;2694;2234;460;343;47;70;0;2184;5;1763;416;0;510;307;66;133;4;1349;64;55;88;103;101;84;86;89;84;85;108;96;96;68;47;49;31;10;5;1345;70;72;86;85;76;83;81;92;100;92;95;110;90;50;57;52;25;14;15;160;643;301;1100;490;0;2518;123;9;17;23;4;1093;334;349;155;175;58;22;2
2024;2025;2234;14136;2208;1893;315;225;45;45;0;1871;41;1423;407;0;337;203;49;84;3;1121;70;63;58;74;92;70;70;72;57;71;96;83;78;55;43;32;23;9;5;1087;47;57;63;69;61;77;92;68;64;86;82;90;57;57;37;38;25;14;3;133;574;260;807;434;0;2057;90;23;13;19;6;899;252;299;124;167;48;9;1
2024;2025;2235;14481;1458;1228;230;213;9;8;0;1180;8;936;236;0;278;208;22;48;0;740;51;57;34;41;44;58;46;63;67;48;54;54;40;34;23;12;8;4;3;718;56;38;43;49;37;45;58;62;60;44;51;54;34;24;23;17;15;7;3;147;408;202;426;275;0;1291;115;13;13;21;5;566;140;184;83;117;33;9;1
2024;2025;2236;15677;8393;6813;1580;1279;195;106;0;6755;151;5270;1334;0;1638;1119;223;289;7;4241;244;231;256;242;271;305;329;305;297;288;305;326;279;174;147;125;68;34;15;4152;224;232;244;254;244;316;290;295;276;293;330;298;285;189;148;101;69;37;27;679;1822;1010;3112;1768;3;7643;479;89;78;92;12;3467;1023;1101;549;577;175;42;1
2024;2025;2237;16133;2465;2035;430;352;50;28;0;2038;54;1503;481;0;427;264;78;84;3;1252;77;85;82;79;63;84;96;104;95;84;92;77;62;55;52;29;21;11;4;1213;67;74;84;74;70;59;101;82;103;86;79;79;66;57;58;27;24;15;8;158;608;403;771;525;0;2286;115;20;16;26;3;967;254;300;141;206;55;11;1
2024;2025;2238;16594;2422;2022;400;329;29;42;0;1986;41;1636;309;0;436;307;40;88;3;1223;68;92;82;72;80;70;69;95;87;80;79;82;81;61;39;44;26;13;3;1199;60;79;84;61;65;65;90;91;85;72;77;78;95;52;51;39;35;15;5;162;627;364;819;450;0;2241;117;26;14;21;3;959;267;294;151;165;61;21;1
2024;2025;2250;11534;1458;1033;425;310;94;21;0;1004;9;403;590;3;454;259;132;59;4;746;27;37;49;40;46;50;39;47;49;58;63;55;59;48;32;21;10;12;4;712;27;42;47;44;32;30;37;44;55;52;56;65;53;40;34;19;20;10;5;87;367;174;620;210;0;1360;62;15;6;13;3;585;146;199;109;94;26;11;1
2024;2025;2254;15693;5772;3547;2225;1804;210;211;0;3655;54;2506;1093;3;2117;1366;260;455;36;2960;160;169;174;180;189;186;177;201;230;254;255;228;192;111;100;77;42;26;9;2812;136;179;161;186;170;168;174;200;213;221;206;200;176;114;110;83;55;34;26;342;1441;763;2177;1049;0;5388;203;52;77;49;3;2333;662;713;425;371;118;44;1
2024;2025;2257;11522;1109;800;309;244;35;30;0;805;17;439;349;0;304;200;45;58;3;556;34;32;29;34;32;35;34;36;41;44;41;31;52;19;27;18;9;6;3;553;34;29;42;41;24;23;33;36;55;47;31;44;37;24;19;16;10;5;3;60;306;162;369;212;0;1033;38;15;7;16;0;442;121;135;71;87;20;8;1
2024;2025;2258;11969;445;409;36;29;4;3;0;398;4;55;339;0;47;29;7;11;0;232;7;10;13;12;8;13;11;15;13;18;14;22;24;25;12;9;3;3;3;213;8;7;13;7;8;10;12;17;14;15;8;25;30;20;6;4;4;3;3;19;82;48;213;83;0;424;9;9;3;3;0;194;51;83;28;23;6;3;1
2024;2025;2261;12078;176;151;25;19;5;3;0;135;0;34;101;0;41;26;6;9;0;80;3;3;3;5;3;5;3;4;3;7;13;6;6;13;4;3;3;0;3;96;4;4;8;10;5;7;3;3;3;9;7;9;11;5;5;3;3;3;3;23;47;9;84;13;0;152;16;6;3;3;0;73;17;36;5;8;5;3;1
2024;2025;2262;14514;4675;4089;586;408;138;40;0;3964;161;1691;2112;0;711;420;163;105;23;2377;112;174;162;121;114;98;125;138;184;144;168;214;181;163;97;95;59;22;6;2298;109;143;118;114;110;99;120;183;173;133;189;195;175;150;113;72;54;24;24;206;961;630;1851;1027;0;4446;110;77;17;24;3;1904;479;711;276;315;93;30;1
2024;2025;2265;12689;5466;3773;1693;1168;436;88;3;3842;243;558;3040;3;1624;907;528;179;10;2745;161;163;130;126;158;181;213;222;169;188;189;221;178;144;102;109;50;28;13;2721;162;169;117;131;161;167;177;236;179;168;178;208;182;163;108;81;74;38;22;282;1273;743;2165;1000;3;5126;84;144;45;61;6;2263;652;790;314;351;113;43;2
2024;2025;2266;12700;705;654;51;40;3;8;0;627;16;241;370;0;78;46;6;20;6;350;20;20;20;14;10;15;15;21;27;29;25;34;26;24;18;20;9;3;3;355;14;20;26;16;17;12;18;25;28;23;27;27;36;19;25;14;6;3;0;27;113;145;287;133;0;673;13;9;5;5;0;277;59;101;48;49;18;3;1
2024;2025;2271;12437;569;527;42;34;6;3;0;491;76;79;336;0;78;55;10;12;3;281;12;12;15;9;15;16;6;14;20;19;20;24;33;17;17;14;11;3;4;288;8;11;14;16;15;10;10;12;23;10;26;32;31;20;14;15;11;4;6;43;117;57;242;110;0;524;29;13;3;3;0;243;69;95;28;39;8;4;1
2024;2025;2272;14096;2404;1649;755;593;115;47;0;1688;26;1230;432;0;716;501;104;101;10;1229;84;74;75;90;67;86;125;72;81;92;81;89;57;64;39;26;16;11;0;1175;77;74;66;56;68;86;97;90;76;95;94;72;59;51;37;32;24;8;13;177;725;363;694;445;0;2203;119;41;11;25;5;967;283;286;164;154;57;23;1
2024;2025;2274;12361;982;891;91;80;7;4;0;810;9;203;598;0;172;123;19;29;3;480;11;31;29;22;29;11;24;28;18;30;35;52;33;37;33;32;14;9;3;502;12;25;20;20;30;15;20;26;41;30;42;51;45;31;40;22;21;7;4;80;188;129;474;111;0;897;48;22;10;5;0;450;153;172;43;60;21;3;1
2024;2025;2275;16614;9552;7607;1945;1191;603;150;3;7319;244;2311;4764;0;2233;1175;670;367;21;4675;222;241;258;228;249;243;288;296;311;334;341;391;349;290;210;177;137;78;32;4877;208;249;245;241;234;229;270;308;318;321;353;408;343;307;235;256;171;103;78;542;2077;1301;3927;1702;3;8948;226;214;79;74;11;4266;1521;1428;572;493;193;59;2
2024;2025;2276;14529;1237;1029;208;175;29;4;0;1020;17;211;791;3;217;169;30;17;3;657;25;38;32;31;41;45;38;45;50;48;48;52;50;32;36;21;16;6;3;580;23;22;20;28;39;37;41;36;38;34;46;64;35;28;31;22;22;8;6;130;274;144;429;260;0;1099;61;47;20;8;3;529;146;214;62;71;32;4;1
2024;2025;2278;10856;425;408;17;15;3;0;0;392;8;67;317;0;33;18;7;8;0;219;9;11;10;8;8;10;10;14;12;19;24;21;16;14;10;15;6;3;3;206;3;9;3;15;8;10;7;13;14;14;28;26;19;9;8;11;3;3;5;29;72;59;202;63;0;393;17;12;0;3;0;194;56;85;28;20;3;3;1
2024;2025;2284;15679;4561;3723;838;724;39;75;0;3568;52;984;2530;3;993;703;86;191;13;2285;121;101;99;118;91;136;150;179;142;129;170;201;191;141;119;96;57;31;13;2276;116;89;74;96;94;120;153;177;144;153;166;191;210;140;112;99;73;48;21;304;1249;679;1569;760;0;4213;69;195;33;49;3;2106;744;741;284;252;64;21;2
2024;2025;2292;11473;724;699;25;25;0;0;0;690;17;500;173;0;34;30;3;3;0;376;31;18;19;16;8;31;23;28;28;25;30;29;22;28;18;11;7;3;3;348;26;20;11;20;13;19;25;26;15;28;21;38;23;25;14;13;5;3;5;47;175;68;249;185;0;663;44;3;3;14;0;312;96;114;39;44;14;5;1
2024;2025;2293;12204;9116;7576;1540;739;582;219;0;7253;363;4225;2663;3;1863;691;704;397;71;4566;235;227;209;214;235;308;391;302;303;271;272;362;309;268;246;176;142;73;23;4550;256;190;181;207;228;303;334;297;269;239;311;354;303;284;282;203;157;109;43;535;2060;909;3410;2199;3;8484;296;171;55;103;7;4054;1346;1505;480;512;158;53;1
2024;2025;2294;12024;1703;1513;190;136;24;29;3;1461;58;1119;284;0;242;130;42;66;4;858;31;53;47;43;45;45;53;45;63;59;75;79;61;54;37;31;21;11;5;845;33;54;39;44;41;37;43;61;65;57;76;60;57;46;45;37;28;13;9;119;332;217;663;372;0;1577;83;23;5;11;4;724;234;236;103;110;30;11;1
2024;2025;2295;13193;3360;3003;357;264;62;31;0;2911;127;790;1994;0;449;260;82;93;14;1688;87;78;106;81;90;76;88;109;111;83;125;135;143;117;101;81;49;24;4;1672;69;67;83;79;68;78;92;101;104;113;133;132;142;141;89;88;48;34;11;159;552;370;1510;769;0;3174;64;75;16;30;3;1456;412;588;174;222;45;15;1
2024;2025;2296;12260;1404;1309;95;78;8;9;0;1275;45;624;606;0;129;82;21;26;0;725;46;41;46;34;31;41;48;35;42;42;56;56;57;59;28;33;18;9;3;679;26;31;33;45;26;36;30;43;44;45;54;60;73;41;23;28;22;13;6;61;207;149;601;386;0;1337;28;23;5;9;3;594;171;220;77;95;22;9;1
2024;2025;2299;15694;3693;3351;342;240;69;33;0;3305;358;2072;875;0;388;230;72;76;10;1834;83;69;84;87;97;85;111;119;97;110;121;188;146;128;128;78;68;25;10;1859;76;94;80;85;99;79;102;120;113;93;150;187;132;130;96;81;75;39;28;155;627;407;1402;1102;0;3511;98;30;21;29;4;1715;629;618;205;183;67;13;2
2024;2025;2300;13218;1088;982;106;66;22;18;0;946;93;647;206;0;142;88;22;31;3;548;26;29;26;23;24;30;38;47;32;25;43;37;44;35;34;25;24;3;3;540;36;24;20;26;18;25;34;30;34;32;42;49;52;31;27;28;18;7;7;73;214;120;330;351;0;1002;49;8;15;13;3;498;185;169;52;70;19;3;1
2024;2025;2301;13175;1165;1093;72;49;10;13;0;1083;52;800;231;0;82;44;12;25;3;579;27;20;24;30;27;32;29;35;37;42;42;42;55;32;35;36;21;10;3;586;33;22;25;32;24;19;37;39;30;37;49;50;42;38;31;39;18;9;12;47;193;138;369;418;0;1106;36;7;3;13;0;537;192;194;59;71;16;5;1
2024;2025;2303;10378;1064;962;102;70;15;17;0;925;51;698;176;0;139;86;22;31;0;521;24;21;17;26;29;27;34;28;24;39;37;58;49;33;25;27;12;10;3;543;31;21;24;27;29;33;29;23;24;43;36;67;38;30;25;30;18;11;4;82;199;92;399;292;0;972;56;15;6;14;3;460;134;174;69;61;17;5;1
2024;2025;2304;10380;1419;1251;168;107;23;38;0;1222;36;860;326;0;197;102;27;65;3;718;32;38;47;36;33;45;46;42;50;50;56;56;51;46;24;33;18;12;3;701;30;33;41;29;37;33;52;45;49;42;54;56;55;42;36;22;20;14;11;69;344;190;497;319;0;1341;52;7;9;9;3;587;171;204;94;85;23;10;2
2024;2025;2305;13041;4285;3730;555;283;180;92;0;3604;111;1801;1692;0;681;284;189;170;38;2178;100;110;128;111;135;147;122;132;154;120;166;170;160;126;106;98;54;23;16;2107;103;111;102;107;101;125;127;144;131;146;154;172;147;115;93;78;72;56;23;187;892;403;1825;976;3;4078;92;58;23;29;5;1800;513;651;252;287;75;22;1
2024;2025;2306;16595;8026;6896;1130;571;407;152;0;6783;709;4041;2032;3;1243;526;387;283;47;4018;206;227;216;236;194;216;246;230;260;256;318;297;298;234;212;158;135;54;25;4008;187;191;199;203;200;233;262;231;273;263;272;306;272;265;215;186;128;77;45;398;1549;1033;3164;1882;0;7556;247;90;38;82;13;3441;1075;1236;450;459;166;55;2
2024;2025;2307;10559;1382;1224;158;112;26;19;3;1164;28;915;221;0;218;113;43;57;5;679;32;32;23;31;39;37;49;45;35;54;43;54;56;47;36;27;24;9;6;703;36;42;34;30;36;34;51;47;54;38;43;68;50;46;32;22;22;11;7;100;330;182;540;230;0;1276;79;9;9;9;0;621;214;211;91;78;19;8;1
2024;2025;2308;10848;2433;2314;119;93;3;24;0;2248;127;628;1493;0;185;123;11;50;3;1216;63;48;46;86;68;55;66;67;86;70;93;106;94;75;72;57;37;17;10;1217;58;57;48;69;61;49;69;74;86;72;108;101;87;71;68;60;42;24;13;125;388;185;978;757;0;2293;48;65;6;20;3;1068;341;384;138;158;36;11;1
2024;2025;2309;13232;5814;4519;1295;562;562;171;0;4342;90;1421;2829;3;1472;513;543;312;104;2963;158;155;158;174;162;211;182;223;182;169;192;223;256;171;136;101;60;36;14;2851;165;151;137;124;143;185;197;199;173;175;195;205;234;151;127;130;77;50;33;369;1124;680;2308;1333;0;5399;143;172;44;50;6;2415;772;802;302;330;138;71;1
2024;2025;2321;11676;3693;3009;684;587;56;41;0;2843;73;658;2109;3;850;579;90;175;6;1849;113;123;135;124;102;89;111;160;140;123;133;147;109;84;62;42;31;15;6;1844;106;105;97;99;96;78;122;146;139;153;127;146;118;89;69;67;35;29;23;213;915;512;1450;600;3;3444;97;81;30;36;5;1484;412;451;255;279;68;19;1
2024;2025;2323;11799;1593;1195;398;326;46;26;0;1126;23;258;845;0;467;300;60;107;0;802;37;63;54;56;46;52;50;65;61;67;72;50;41;32;21;18;13;3;3;791;32;42;44;55;51;45;51;71;57;57;64;57;50;32;30;24;17;8;4;136;449;201;568;239;0;1449;43;70;19;11;3;647;202;180;106;115;36;8;1
2024;2025;2325;11426;8786;5945;2841;2405;242;194;0;5853;939;1221;3692;3;2933;2126;308;481;18;4406;254;277;237;235;247;313;392;402;364;289;289;306;242;169;146;121;87;23;13;4380;242;219;219;210;227;323;428;375;306;294;314;286;265;192;148;133;110;55;34;783;2685;1062;2635;1621;0;7899;237;365;162;117;6;4021;1529;1207;589;527;141;28;2
2024;2025;2328;12120;977;840;137;110;18;9;0;783;24;207;552;0;194;124;25;45;0;496;30;37;18;22;39;21;31;32;35;35;41;45;31;28;15;15;15;3;3;481;23;25;20;33;36;28;26;38;29;37;41;40;32;19;14;17;13;5;5;59;254;99;409;156;0;910;28;24;5;10;0;396;119;116;61;73;20;7;1
2024;2025;2333;13172;1427;1136;291;255;22;14;0;1112;14;378;720;0;315;207;42;62;4;703;49;54;43;35;38;47;60;65;57;41;43;44;32;34;29;18;10;3;3;724;53;58;42;37;35;49;70;57;65;35;54;44;30;28;38;19;3;3;6;217;404;184;354;268;0;1193;108;94;12;19;3;568;137;198;90;106;33;4;1
2024;2025;2335;14484;1043;925;118;111;5;3;0;874;27;388;459;0;169;117;9;43;0;516;23;29;32;34;20;27;36;31;38;33;49;45;38;38;15;16;3;6;3;527;19;39;32;25;28;31;43;35;33;39;44;39;32;28;17;19;13;7;4;85;228;96;384;250;0;949;40;30;12;10;3;426;119;142;66;72;18;9;1
2024;2025;2336;13207;1568;1370;198;187;4;7;0;1312;45;651;616;0;256;199;11;43;3;790;47;45;50;46;45;42;64;49;58;59;68;61;39;35;35;24;17;5;3;778;31;44;45;51;47;39;53;50;58;57;61;45;45;44;41;35;14;14;4;92;408;161;535;372;0;1466;54;27;7;11;3;676;230;210;99;100;28;9;2
2024;2025;2337;14482;1211;1056;155;130;8;17;0;1023;29;465;528;3;188;124;22;41;3;584;24;22;40;47;38;33;35;37;44;32;43;44;41;39;30;15;13;7;0;627;28;37;46;47;30;30;43;41;42;42;49;47;52;31;17;18;15;9;3;65;233;145;509;259;0;1134;29;30;5;12;3;485;142;148;79;75;28;13;2
2024;2025;2338;14483;1350;1158;192;165;12;15;0;1122;30;688;403;3;228;156;21;51;0;688;40;51;39;41;49;47;43;49;58;31;54;61;50;20;16;17;15;5;3;662;34;38;38;46;29;42;46;53;49;51;51;53;42;23;20;21;12;9;5;79;364;122;426;359;0;1258;53;17;7;14;3;548;160;173;83;93;31;8;1
2024;2025;2401;13703;4311;2691;1620;651;732;236;3;2759;153;1270;1333;3;1552;466;752;284;50;2221;133;129;118;110;108;140;192;183;185;136;149;145;137;113;89;81;40;21;12;2090;119;120;114;93;109;133;163;178;139;118;130;135;124;129;94;83;51;34;24;301;1186;583;1365;864;12;3956;164;81;45;51;14;1832;629;586;232;241;98;46;2
2024;2025;2402;13704;1781;1468;313;175;93;45;0;1422;81;640;701;0;359;152;121;79;7;924;62;46;44;47;42;50;88;81;68;63;55;67;61;56;46;23;17;6;3;857;41;51;48;37;41;43;83;57;55;71;58;56;70;54;35;27;17;7;6;124;496;245;600;316;0;1644;93;23;7;14;0;769;222;303;90;108;33;13;1
2024;2025;2403;13705;1884;1692;192;110;60;21;3;1661;136;739;785;3;223;116;55;39;13;955;48;42;67;61;46;44;52;52;61;65;82;69;74;58;39;33;37;15;10;929;43;47;50;50;51;38;55;61;63;66;69;72;67;52;42;36;32;18;17;97;319;187;743;538;0;1773;55;32;9;14;3;807;249;288;102;125;34;9;1
2024;2025;2404;13706;2396;2000;396;253;110;33;0;1964;148;923;893;0;432;202;163;58;9;1196;54;77;68;53;61;68;67;87;96;81;93;101;79;88;48;38;24;10;3;1200;47;75;57;64;69;75;79;73;82;94;95;98;72;75;56;35;31;12;11;136;621;258;900;480;3;2242;71;49;14;19;3;1045;346;354;143;146;45;11;2
2024;2025;2405;13707;1341;1063;278;160;70;48;0;1079;89;500;490;0;262;124;66;66;6;663;31;34;29;39;30;47;53;48;45;45;56;51;45;38;24;22;14;9;3;678;32;44;33;28;31;33;62;48;57;45;42;48;49;42;28;22;15;13;6;110;349;199;402;281;0;1221;61;27;16;14;3;602;195;228;81;63;27;8;1
2024;2025;2406;13708;2406;1634;772;408;259;105;0;1693;81;761;851;0;713;333;214;138;28;1242;60;54;65;75;83;75;86;89;98;78;91;109;87;70;52;31;21;15;3;1164;72;57;54;55;59;63;97;78;91;76;91;98;72;67;46;37;31;9;11;185;570;343;837;465;6;2192;91;62;31;27;3;1018;297;380;143;141;33;24;1
2024;2025;2407;13709;6817;4067;2750;1275;1074;399;3;4288;149;1751;2384;4;2529;947;1065;442;75;3537;197;202;173;190;180;252;304;290;269;248;230;235;232;153;138;124;60;41;19;3280;171;180;173;153;169;219;266;282;218;200;227;237;197;141;165;114;88;50;30;471;1608;918;2547;1272;3;6289;190;184;70;66;18;2945;1006;960;397;382;135;65;2
2024;2025;2408;13710;2443;2160;283;171;86;26;0;2102;185;796;1119;3;341;185;81;58;17;1193;57;64;58;57;37;63;80;72;101;86;75;93;91;89;59;58;31;17;5;1250;63;73;68;67;51;66;64;92;92;80;85;76;99;75;63;47;42;24;23;135;463;320;860;665;0;2287;75;45;13;22;3;1055;316;407;132;138;46;16;2
2024;2025;2421;13711;593;553;40;22;6;12;0;540;54;200;286;0;53;28;8;17;0;320;13;18;13;26;17;15;19;23;14;10;18;26;30;28;26;13;6;3;4;273;13;10;12;14;9;13;18;16;17;15;12;29;31;23;20;8;4;7;3;31;103;77;170;212;0;559;19;8;3;4;3;241;52;110;24;34;18;3;1
2024;2025;2422;13712;6560;4154;2406;1228;785;393;0;4352;360;1809;2180;3;2208;919;791;422;76;3424;146;192;206;172;183;189;242;249;244;239;233;260;227;192;151;148;79;43;29;3136;141;162;191;200;149;132;188;231;222;210;216;215;205;181;155;141;79;67;51;398;1454;774;2493;1441;0;6127;135;115;123;43;17;2851;1003;935;348;353;153;59;2
2024;2025;2424;13714;608;530;78;71;4;3;0;523;66;193;263;3;85;64;8;13;0;329;21;17;15;20;12;12;15;23;27;26;20;30;19;20;15;10;20;6;3;279;14;10;15;11;13;12;19;20;23;16;14;24;19;13;13;9;15;11;8;54;138;65;190;161;0;548;25;20;7;7;3;248;72;93;35;27;15;6;1
2024;2025;2425;13715;779;603;176;122;33;21;0;575;26;185;364;0;204;126;43;30;5;401;20;13;15;24;32;27;18;22;24;32;36;35;33;23;16;13;8;10;0;378;15;14;19;19;21;26;24;29;21;27;29;27;35;22;13;16;6;5;10;88;207;93;248;143;0;689;20;36;15;3;16;367;147;122;48;29;12;9;2
2024;2025;2426;13716;1880;1619;261;163;72;22;4;1607;185;706;714;3;273;153;66;42;12;963;58;54;58;55;56;52;55;70;64;49;65;57;70;64;62;34;19;10;11;917;44;50;49;48;37;42;57;61;75;53;67;59;75;47;55;39;27;16;16;100;344;208;686;542;0;1767;61;32;3;15;3;772;209;293;99;117;37;17;1
2024;2025;2427;13717;1409;1255;154;114;22;18;0;1227;116;495;616;0;182;107;41;33;3;720;42;38;31;30;38;28;45;49;50;54;45;51;73;51;37;26;18;12;3;689;33;37;39;28;33;22;45;55;38;47;33;66;61;53;33;23;19;14;10;89;259;162;531;368;0;1311;37;38;11;11;3;579;152;222;82;87;24;12;1
2024;2025;2428;13718;2481;2104;377;283;65;29;0;2084;495;696;893;0;397;252;90;52;3;1265;58;57;60;60;72;56;88;98;65;88;89;101;94;93;65;51;36;23;11;1216;65;58;59;53;56;62;84;83;61;67;90;94;108;81;51;53;38;37;16;145;410;229;774;923;0;2317;52;59;28;20;5;1088;357;403;142;110;59;17;1
2024;2025;2430;16596;1209;1017;192;129;14;49;0;1000;117;377;506;0;209;129;16;63;3;627;29;35;29;21;38;33;32;45;42;38;35;57;57;52;34;23;13;12;3;582;20;25;23;21;25;21;38;43;37;32;38;49;51;48;30;22;21;17;21;78;290;143;368;330;0;1125;40;26;9;8;3;550;193;210;56;55;29;7;1
2024;2025;2445;11911;345;329;16;14;0;3;0;321;5;125;191;0;24;18;4;3;0;179;11;12;9;16;8;3;7;12;8;13;14;12;11;12;11;8;9;3;0;166;6;4;9;9;5;3;11;11;15;17;11;10;10;19;10;13;3;3;3;9;79;25;134;98;0;333;3;7;0;3;0;148;44;63;12;20;3;6;2
2024;2025;2455;13187;902;826;76;56;17;3;0;809;23;424;362;0;93;59;22;10;3;443;17;25;23;19;26;18;21;32;29;29;35;42;29;25;30;24;13;4;3;459;28;26;25;23;16;20;18;32;38;31;33;35;22;24;29;27;14;12;6;34;230;156;327;155;0;863;20;11;3;6;0;388;111;159;41;56;16;5;1
2024;2025;2457;15380;1498;1428;70;48;18;4;0;1383;71;286;1025;3;115;59;29;26;3;775;28;44;54;45;41;38;33;47;53;47;56;66;69;58;33;28;21;6;8;723;25;42;38;32;30;35;38;44;49;37;57;56;72;46;36;31;27;19;9;65;261;166;495;511;0;1426;16;43;4;7;3;632;181;249;72;83;38;9;1
2024;2025;2461;13039;1176;1088;88;61;12;15;0;1053;24;265;764;0;123;75;18;30;0;590;27;38;33;33;22;20;31;29;51;40;50;47;58;39;21;30;12;6;3;586;26;25;30;23;25;28;33;37;41;56;46;50;48;22;26;28;13;21;8;74;235;161;422;284;0;1096;29;42;3;6;0;515;151;190;76;87;9;3;2
2024;2025;2463;10868;225;214;11;9;3;0;0;211;3;72;136;0;14;9;3;4;0;107;6;4;8;3;3;3;9;8;5;13;4;14;11;5;6;3;4;0;0;118;7;6;9;3;4;7;9;5;9;8;9;16;8;6;4;3;3;3;0;10;34;34;57;90;0;214;3;6;0;3;0;95;20;44;16;11;3;3;1
2024;2025;2464;15602;1144;1047;97;80;6;11;0;962;87;531;344;0;182;143;10;27;3;568;23;30;36;31;33;23;31;42;34;33;38;50;43;30;38;34;10;6;3;576;28;30;28;41;27;11;27;40;24;47;43;55;57;31;24;33;13;9;8;44;197;180;479;244;0;1097;22;19;3;4;0;487;157;171;57;60;32;10;2
2024;2025;2465;16653;2964;2792;172;134;24;14;0;2714;157;1102;1452;3;250;178;26;46;0;1446;61;62;59;71;55;69;82;93;91;104;110;129;138;86;91;74;30;28;13;1518;45;70;65;69;59;67;71;102;117;103;130;136;133;96;76;69;48;43;19;166;563;361;1237;637;0;2781;66;83;16;18;0;1352;406;588;164;137;41;16;2
2024;2025;2471;11696;1192;1004;188;128;48;12;0;932;6;38;888;0;260;159;63;37;3;582;26;22;22;38;40;30;17;30;47;33;39;48;62;42;39;24;16;5;3;610;22;42;25;38;35;18;24;41;35;41;40;66;61;36;32;24;18;7;5;66;250;142;579;155;0;1120;17;40;9;6;0;491;120;184;86;73;22;6;1
2024;2025;2472;11510;1077;915;162;97;42;23;0;874;30;36;808;0;203;112;50;39;3;523;24;29;37;22;23;26;19;38;38;33;45;48;47;29;25;20;12;3;5;554;25;34;38;24;34;22;34;38;44;30;49;39;38;31;26;17;16;10;5;56;208;176;427;210;0;1011;13;36;6;11;0;452;124;156;76;75;19;3;1
2024;2025;2473;12219;6901;4901;2000;1269;349;378;4;4525;271;201;4052;3;2376;1389;412;552;23;3311;151;162;175;183;179;165;180;180;229;179;262;249;269;209;185;149;111;60;34;3590;139;178;165;185;165;138;198;211;251;212;269;289;296;217;195;177;164;86;55;446;1600;929;2938;987;3;6423;56;257;124;39;3;3142;1230;983;383;376;118;52;2
2024;2025;2474;12103;934;785;149;112;26;11;0;715;10;57;648;0;219;150;33;35;3;467;18;20;36;41;23;13;24;19;26;42;34;35;39;28;20;28;11;6;4;467;14;21;28;19;22;17;14;26;37;43;30;37;48;38;25;20;17;7;4;28;222;114;411;159;0;900;5;17;6;6;0;390;113;137;51;61;24;4;1
2024;2025;2475;12134;1282;1137;145;116;19;10;0;1060;44;81;935;0;222;153;23;46;0;646;30;32;34;30;26;27;29;30;36;30;47;60;55;76;36;32;20;11;5;636;26;22;38;32;23;14;25;36;46;34;39;70;51;72;40;26;26;8;8;64;206;173;568;271;0;1214;3;55;6;4;0;550;154;224;69;68;22;13;1
2024;2025;2476;13684;3402;2717;685;401;151;132;3;2559;45;119;2393;3;843;448;168;223;4;1683;73;94;93;81;86;62;61;87;109;120;121;164;145;119;95;76;64;20;13;1719;71;83;86;113;69;59;65;96;116;122;143;149;156;110;83;77;70;38;13;147;762;400;1568;525;0;3238;36;95;15;18;0;1420;355;545;223;236;46;15;2
2024;2025;2477;14469;988;846;142;94;30;15;3;791;43;54;694;0;197;118;36;38;5;513;27;30;21;23;20;18;15;26;28;27;42;53;54;39;34;22;13;13;8;475;11;29;23;25;16;12;20;28;37;29;24;54;52;34;36;15;21;6;3;55;192;134;402;205;0;924;12;38;4;9;3;435;139;165;54;60;13;4;1
2024;2025;2478;12545;1553;1373;180;119;40;20;3;1290;83;50;1157;0;263;145;50;68;0;782;34;43;34;32;37;37;40;43;40;54;51;62;79;60;47;52;24;8;5;771;32;31;27;37;32;31;33;49;42;57;46;74;77;66;46;49;23;13;6;58;294;182;763;256;0;1488;8;40;9;8;0;673;174;296;76;97;23;7;1
2024;2025;2479;12940;1408;1221;187;116;58;13;0;1121;24;44;1053;0;287;164;72;50;3;662;22;39;34;25;39;21;30;30;38;51;31;39;64;57;55;45;22;17;3;746;28;36;49;38;28;26;21;46;41;45;39;58;66;66;57;53;30;14;5;45;329;195;665;174;0;1358;7;31;6;6;0;583;144;242;80;67;39;11;1
2024;2025;2480;12990;1088;948;140;88;37;15;0;909;55;115;739;0;179;103;48;25;3;537;27;20;24;20;31;24;28;39;30;33;37;49;59;43;28;24;10;8;3;551;17;34;30;20;19;23;23;44;29;24;50;60;41;42;26;30;18;12;9;75;222;110;378;303;0;1002;35;33;4;13;3;504;182;183;55;65;15;4;2
2024;2025;2481;10352;1500;1215;285;193;67;25;0;1158;11;49;1097;3;342;206;70;65;3;746;30;38;42;40;42;39;40;45;49;32;42;79;56;40;52;32;27;14;7;754;38;41;36;26;36;22;38;46;57;46;48;82;69;42;39;33;29;16;10;81;354;165;702;198;0;1408;15;61;5;11;0;620;165;229;88;100;30;8;1
2024;2025;2491;11985;341;301;40;30;7;3;0;294;16;147;131;0;47;28;8;11;0;186;11;10;13;9;10;9;11;9;8;8;21;15;13;12;8;11;4;4;0;155;6;5;4;12;8;3;9;11;12;10;20;14;9;10;6;10;3;0;3;32;67;44;141;57;0;307;15;13;3;4;3;137;32;56;20;16;8;5;1
2024;2025;2492;12691;526;454;72;60;7;5;0;444;26;77;341;0;82;64;7;11;0;276;15;11;18;17;14;8;13;14;26;19;25;19;25;20;9;13;7;3;3;250;10;11;17;8;9;7;10;21;21;20;19;15;31;15;5;14;11;6;0;20;115;61;165;165;0;502;0;19;0;5;0;211;55;79;27;31;14;5;1
2024;2025;2493;12808;4129;3619;510;386;80;44;0;3497;171;1533;1791;3;632;395;126;102;9;2094;95;129;118;102;118;81;89;104;148;122;164;196;185;115;111;106;64;31;16;2035;90;88;91;82;96;94;90;112;148;127;166;204;157;120;125;93;84;38;30;221;739;510;1938;720;3;3885;112;84;22;24;3;1809;530;731;215;246;69;18;2
2024;2025;2495;12559;4255;2873;1382;750;474;155;3;2965;130;1038;1794;3;1290;556;488;220;26;2176;125;118;121;99;124;140;137;168;161;137;108;167;144;128;104;84;63;33;15;2079;94;108;116;90;93;127;137;144;140;130;149;147;161;137;95;81;72;28;30;279;983;484;1689;820;0;3939;118;110;44;39;5;1814;589;625;243;221;95;41;1
2024;2025;2497;12462;2490;1756;734;368;294;62;10;1797;75;810;911;3;693;281;276;119;17;1235;65;47;69;64;58;87;76;76;72;84;66;95;102;80;68;58;36;23;9;1255;59;57;48;46;73;66;80;89;77;68;91;96;88;73;76;62;54;31;21;195;677;301;957;360;0;2282;116;54;18;17;3;1144;446;381;131;118;42;26;2
2024;2025;2499;16597;1259;1128;131;106;18;7;0;1090;48;449;591;3;169;109;34;23;3;623;33;33;41;23;25;26;24;41;53;38;39;54;45;46;41;30;21;10;0;636;33;31;24;32;31;24;31;57;42;42;59;43;50;43;33;26;19;8;8;73;273;141;528;244;0;1182;31;31;8;7;0;529;135;219;57;93;18;7;1
2024;2025;2500;10894;6854;3837;3017;1377;837;795;8;4034;628;1646;1759;3;2820;1015;894;875;36;3458;191;185;173;182;189;253;280;276;276;228;219;239;210;169;135;118;73;47;15;3396;162;195;173;161;184;221;249;271;228;194;219;207;232;180;147;151;100;64;58;623;1665;867;2514;1183;3;6167;252;199;149;71;16;3061;1178;941;406;337;137;62;2
2024;2025;2501;10348;2053;1674;379;205;108;66;0;1658;66;851;740;3;395;173;119;98;5;1034;61;47;60;45;47;58;72;60;68;68;68;80;72;61;65;53;28;17;4;1019;41;54;56;34;52;45;54;56;78;71;69;78;71;69;73;56;30;21;11;120;521;270;825;317;0;1917;51;41;28;16;0;946;337;352;92;115;41;9;1
2024;2025;2502;10349;438;403;35;26;7;3;0;387;13;176;198;0;51;38;4;9;0;218;8;9;8;9;7;6;12;14;15;14;14;23;28;23;10;9;4;4;3;220;11;12;9;9;7;6;17;11;14;16;12;26;20;22;10;8;4;3;4;41;89;57;181;70;0;395;17;21;0;4;3;201;54;96;24;20;3;4;1
2024;2025;2503;14531;3736;3036;700;471;153;69;7;2957;146;511;2296;4;779;431;194;147;7;1808;96;101;106;98;102;94;90;133;127;133;120;154;113;111;76;74;46;21;13;1928;88;121;93;92;81;83;107;141;171;122;119;133;153;87;114;96;61;26;40;216;801;534;1570;615;0;3491;46;143;19;33;4;1671;602;544;210;231;57;27;1
2024;2025;2511;15508;1328;1212;116;100;10;6;0;1175;33;443;699;0;153;107;15;28;3;668;30;33;32;22;28;20;29;44;53;50;52;51;54;55;45;38;15;13;4;660;32;37;27;17;25;30;42;45;54;48;37;48;59;56;50;25;11;9;8;74;324;165;549;216;0;1250;43;26;3;6;3;600;170;264;75;68;23;0;2
2024;2025;2513;13722;9545;6891;2654;1170;824;648;12;6991;311;3880;2798;3;2554;956;837;716;45;4717;239;240;227;249;256;335;357;347;277;324;290;347;336;271;203;191;121;75;32;4828;230;229;238;203;278;314;296;340;315;306;288;330;355;284;251;200;182;120;69;721;2287;1246;3752;1536;3;8735;441;196;70;92;11;4312;1572;1477;552;466;176;69;1
2024;2025;2514;13723;577;535;42;37;0;5;0;518;3;230;287;0;59;42;3;13;3;305;9;14;22;16;24;15;9;16;21;20;26;31;26;24;11;10;7;3;3;272;5;10;15;19;10;4;11;15;18;25;24;41;20;23;14;8;8;3;3;11;94;83;289;100;0;563;7;3;3;3;0;237;48;108;26;41;14;0;1
2024;2025;2516;13725;2338;2024;314;211;51;52;0;1986;118;1131;737;0;352;196;62;86;8;1192;38;60;55;60;69;52;80;76;87;73;86;90;93;75;63;58;53;20;4;1146;52;59;45;67;51;48;54;82;71;54;87;119;77;72;69;62;47;20;10;119;491;237;967;524;0;2204;70;30;14;15;5;1026;308;380;151;144;35;8;2
2024;2025;2517;13726;7133;4802;2331;1166;807;357;3;4863;97;2879;1887;0;2270;880;828;483;79;3524;183;161;177;187;204;244;286;236;228;235;233;249;271;206;144;132;86;41;21;3609;155;167;143;155;203;215;250;235;236;209;257;293;296;207;187;174;119;64;44;627;1853;994;2635;1024;0;6464;385;163;65;49;7;3273;1216;1133;399;355;120;50;2
2024;2025;2518;13727;1069;928;141;98;27;16;0;907;35;474;398;0;162;83;31;46;3;531;34;35;26;16;18;31;37;55;41;40;40;37;26;29;17;31;12;3;3;538;37;35;31;28;25;22;40;43;39;39;30;30;35;29;30;18;15;9;3;67;312;161;333;196;0;990;35;32;0;12;0;453;130;170;58;73;11;11;1
2024;2025;2519;13728;5859;3391;2468;985;1036;447;0;3564;67;1940;1557;0;2295;744;1047;467;37;3006;165;180;164;179;189;202;230;204;237;200;176;205;198;144;111;98;64;46;14;2853;138;149;155;140;183;205;182;196;225;169;175;197;180;151;117;112;80;60;39;419;1527;811;2134;968;0;5387;205;135;67;58;7;2516;945;743;312;305;134;77;2
2024;2025;2520;13729;841;765;76;56;12;8;0;753;31;433;289;0;88;51;19;18;0;432;20;18;21;26;21;19;19;22;29;21;39;37;39;27;21;19;22;9;3;409;12;17;17;18;14;10;15;27;22;36;20;41;42;35;21;29;16;10;7;29;132;69;456;155;0;809;19;8;0;5;0;367;103;151;51;46;14;3;2
2024;2025;2523;13732;943;872;71;39;21;11;0;856;8;478;370;0;87;42;29;15;3;468;19;24;38;33;28;20;20;31;29;36;38;30;38;25;22;17;13;4;3;475;29;36;32;18;19;15;26;35;36;37;30;27;43;27;20;19;13;11;3;80;222;98;377;166;0;850;55;21;4;13;0;370;83;145;49;61;26;6;1
2024;2025;2524;13733;161;155;6;6;0;0;0;149;8;73;68;0;12;10;3;0;0;82;6;7;3;3;3;3;4;5;5;4;9;8;5;6;6;3;4;3;0;79;3;5;8;4;4;3;3;6;3;6;9;7;4;5;6;3;3;3;0;3;30;56;46;26;0;155;3;3;0;3;0;64;12;29;5;15;3;3;1
2024;2025;2525;13734;1446;1248;198;131;42;25;0;1206;21;632;553;0;240;117;71;45;7;713;27;43;36;42;24;39;54;57;49;41;56;38;47;50;39;40;20;11;0;733;36;38;35;31;30;32;50;41;48;57;47;43;69;58;36;39;27;8;8;70;371;174;625;205;3;1366;45;18;7;10;0;625;191;238;81;79;23;13;2
2024;2025;2526;13752;2947;2654;293;200;61;32;0;2570;41;1313;1215;3;377;218;77;80;3;1451;64;76;77;59;73;64;90;84;96;107;87;109;105;111;82;73;61;29;4;1496;71;70;56;54;68;74;82;80;100;118;73;130;119;112;95;97;45;35;17;151;612;408;1341;435;0;2775;79;55;15;22;3;1310;380;542;165;178;37;8;1
2024;2025;2527;13736;3724;2871;853;483;258;112;0;2815;74;1652;1087;3;909;415;303;178;13;1890;94;75;109;109;99;86;126;126;138;120;135;154;137;99;97;90;53;28;15;1834;64;97;73;99;80;103;102;128;118;125;120;144;131;113;109;78;75;50;25;306;891;400;1562;564;3;3397;179;67;51;27;3;1722;632;616;184;212;54;24;1
2024;2025;2528;13737;1266;1088;178;118;49;11;0;1053;26;571;456;0;213;117;68;23;5;617;35;34;31;25;27;25;32;45;47;33;52;50;44;38;27;37;24;9;3;649;28;27;33;27;30;36;54;48;46;49;43;43;50;32;36;27;22;9;9;79;323;167;522;174;3;1175;55;18;3;12;3;539;161;210;67;73;22;6;1
2024;2025;2529;13738;894;834;60;42;13;5;0;808;23;482;303;0;86;49;17;14;6;452;17;23;29;30;21;19;20;32;34;28;32;23;44;32;24;20;15;8;3;442;18;25;27;18;28;22;23;22;31;36;35;32;28;33;24;13;18;5;4;58;152;131;392;161;0;831;39;16;3;6;3;366;93;146;43;61;16;7;1
2024;2025;2530;13739;2202;1890;312;178;105;29;0;1853;39;957;857;0;349;163;127;56;3;1082;57;62;60;43;44;46;78;84;74;64;63;76;91;96;51;52;24;11;6;1120;52;64;59;41;40;55;63;83;90;70;60;86;96;79;66;55;32;21;8;116;558;323;874;330;3;2066;64;46;5;21;0;961;264;417;112;123;30;15;1
2024;2025;2532;13741;3299;2698;601;305;223;73;0;2666;67;1574;1025;0;633;265;237;127;4;1648;83;85;86;79;90;85;95;107;104;88;125;151;143;100;89;78;27;21;12;1651;68;84;82;64;81;99;96;95;115;101;128;147;136;121;86;55;38;35;20;197;698;451;1395;557;3;3068;126;44;24;36;3;1478;487;551;180;188;52;20;1
2024;2025;2534;13743;9616;5265;4351;1924;1524;892;11;5793;72;3532;2187;3;3823;1422;1317;968;116;4810;248;240;215;221;267;376;435;403;366;329;295;321;308;226;201;149;121;68;21;4806;232;244;215;198;248;396;391;375;335;257;296;340;297;270;229;187;130;106;60;846;2417;1163;3595;1595;0;8686;444;209;160;95;22;4719;2113;1442;478;456;166;64;2
2024;2025;2535;15603;732;676;56;46;7;3;0;666;15;325;326;0;66;42;11;13;0;370;18;16;18;13;21;14;14;24;25;18;40;33;36;29;19;15;9;4;4;362;16;21;14;14;12;11;12;35;30;25;25;34;28;36;18;14;8;9;0;32;114;101;364;121;0;696;18;8;3;5;3;320;85;138;38;44;12;3;2
2024;2025;2541;11702;230;193;37;10;4;23;0;179;5;88;86;0;51;17;6;28;0;133;7;5;7;10;7;8;4;6;10;4;4;10;16;14;7;9;3;3;0;97;6;5;3;3;3;6;3;4;7;5;5;12;8;11;7;6;3;3;0;18;32;26;109;38;7;205;6;15;0;3;3;84;16;42;8;15;3;3;1
2024;2025;2542;11878;5556;3809;1747;820;588;336;3;3865;63;2485;1314;3;1691;665;609;391;26;2752;156;172;145;119;140;135;171;213;203;148;149;191;200;145;172;131;93;44;25;2804;145;136;118;108;141;152;177;192;199;161;155;195;196;169;177;158;118;69;38;392;1304;607;2361;892;0;5111;233;93;54;57;8;2521;908;878;305;313;81;36;2
2024;2025;2543;11908;4987;3974;1013;578;267;167;3;3869;79;2429;1360;3;1118;505;306;280;27;2549;90;127;106;126;112;107;173;160;181;159;201;222;200;183;131;112;83;55;21;2438;95;112;134;96;105;104;137;155;171;162;157;192;186;174;128;126;104;70;30;266;1004;551;2259;907;0;4698;124;79;54;26;6;2335;863;835;278;260;79;20;1
2024;2025;2544;11986;1071;924;147;111;28;8;0;885;3;479;404;0;186;110;35;36;5;544;34;17;21;15;21;27;33;37;35;33;40;46;54;38;29;20;27;9;8;527;24;28;17;20;16;23;27;37;26;40;44;44;33;40;35;24;23;13;13;88;285;155;435;108;0;976;61;19;4;8;3;499;166;199;64;51;17;3;1
2024;2025;2545;11937;1052;879;173;118;20;35;0;861;36;491;333;3;191;105;42;43;3;513;23;29;10;23;25;27;45;41;32;30;37;53;42;23;23;23;18;7;3;539;29;24;22;19;25;33;41;29;37;32;36;57;45;30;18;22;23;9;8;75;260;145;403;167;3;968;53;14;7;10;0;499;173;195;64;54;10;3;1
2024;2025;2546;12076;18602;11120;7482;3802;2361;1295;24;11551;2753;3564;5219;15;7051;2833;2508;1677;33;9379;427;456;442;434;527;610;694;688;672;616;600;702;672;533;461;373;262;139;71;9223;409;396;427;374;479;578;618;655;595;570;558;658;636;540;540;405;360;241;184;1198;4098;2291;7243;3771;3;17278;312;540;288;147;37;8895;3837;2720;1008;867;323;140;2
2024;2025;2547;11923;1205;1124;81;64;6;11;0;1087;55;620;412;0;118;84;12;21;3;604;19;33;32;27;21;25;34;39;45;38;44;49;56;53;32;25;20;9;3;601;26;28;22;19;27;19;32;45;45;35;51;44;55;46;28;26;27;19;7;64;228;144;546;222;3;1132;40;19;3;8;3;573;207;218;63;64;17;4;1
2024;2025;2548;12215;719;662;57;38;8;11;0;635;19;371;245;0;84;48;18;18;0;355;19;16;28;18;13;11;11;13;27;25;29;30;31;30;27;16;7;3;3;364;7;23;22;24;12;15;13;18;26;22;27;27;38;31;27;15;7;5;5;49;115;71;377;107;0;666;23;18;7;4;3;286;58;124;40;48;9;7;1
2024;2025;2549;12650;32;30;3;3;0;0;0;28;3;16;11;0;4;4;0;0;0;16;3;0;3;3;0;0;3;3;3;0;0;3;0;3;3;3;3;0;0;16;0;0;0;3;0;0;4;3;3;3;0;3;3;3;3;0;3;0;3;3;17;0;10;4;0;30;0;3;0;3;0;15;5;6;3;0;3;0;1
2024;2025;2550;12626;3883;3168;715;402;186;127;0;2996;65;1841;1090;0;887;436;240;199;12;1856;73;88;119;86;88;72;95;109;113;122;112;147;162;133;117;89;80;29;22;2027;65;72;93;114;96;71;96;106;113;140;146;158;161;138;137;115;91;70;45;293;843;473;1793;481;0;3578;191;56;30;22;6;1847;723;652;188;210;58;16;2
2024;2025;2551;12803;1618;1457;161;116;26;19;0;1412;50;863;499;0;206;117;46;40;3;808;29;56;42;46;43;20;40;50;58;48;58;66;66;56;48;41;26;13;3;810;40;38;50;39;19;26;27;66;61;49;59;71;57;67;51;40;24;21;5;58;336;221;731;272;0;1548;40;11;3;15;3;687;183;280;81;106;26;11;2
2024;2025;2553;12502;1818;1671;147;111;16;20;0;1560;51;956;552;3;258;161;34;61;3;892;47;56;48;48;31;31;32;58;58;47;53;69;87;79;53;37;32;17;9;926;27;49;45;58;32;37;39;58;66;50;80;80;87;65;48;42;26;19;18;67;395;253;821;282;0;1739;48;16;3;12;3;785;234;296;95;122;31;7;1
2024;2025;2554;15482;2310;2029;281;177;66;38;0;1932;59;1158;714;3;378;225;75;69;9;1132;43;64;61;63;48;40;33;78;85;83;86;104;81;85;67;42;40;26;3;1178;45;51;72;71;45;39;47;74;71;96;95;92;91;78;69;61;39;26;16;118;396;300;1114;382;0;2182;81;27;8;12;0;982;269;392;126;141;38;16;2
2024;2025;2555;12879;1532;1402;130;59;37;34;0;1350;79;771;500;0;182;86;45;49;3;764;30;47;43;45;28;24;26;46;51;58;51;56;61;62;48;37;23;20;8;768;29;35;36;41;23;27;30;55;56;53;51;58;55;59;45;42;40;21;12;84;323;196;664;265;0;1443;54;26;3;7;0;702;250;260;79;78;24;11;1
2024;2025;2556;13003;3690;3006;684;392;158;133;3;3022;100;1895;1026;3;668;310;158;187;13;1870;109;104;93;97;106;101;112;127;139;131;135;122;130;105;90;74;58;28;9;1820;82;87;94;87;100;85;106;119;141;107;127;143;133;88;90;98;65;38;30;208;759;478;1416;821;8;3453;124;74;7;30;3;1624;531;589;211;208;57;28;2
2024;2025;2571;11789;813;649;164;99;38;27;0;646;3;316;327;0;167;85;43;37;3;398;27;17;28;18;23;21;23;31;27;28;26;31;39;30;18;6;3;3;3;415;24;30;16;24;18;13;31;29;31;26;31;44;43;19;13;11;5;4;3;59;227;100;266;161;0;749;32;20;7;5;0;357;125;126;34;43;23;6;1
2024;2025;2572;11580;3073;2277;796;392;316;87;3;2303;73;937;1293;0;770;291;327;124;28;1600;76;81;79;85;74;85;111;105;133;100;113;127;114;107;64;66;41;23;16;1473;75;66;61;55;81;76;95;118;100;80;89;122;116;107;84;65;35;31;17;185;751;368;1252;517;0;2868;80;68;21;24;12;1376;472;490;174;161;54;25;1
2024;2025;2573;12199;5450;2960;2490;1088;1160;241;3;3316;124;1596;1594;3;2134;746;869;380;139;2750;136;144;129;138;148;200;197;244;193;183;150;204;179;168;110;117;63;35;12;2700;143;150;118;118;153;156;174;201;176;148;170;184;202;166;129;108;89;70;45;437;1348;657;2095;912;3;4967;189;144;92;52;6;2383;891;737;299;282;114;60;2
2024;2025;2574;12309;340;206;134;84;36;14;0;208;3;54;151;0;132;67;40;24;3;188;11;7;12;7;12;17;16;13;11;12;13;17;10;7;8;9;4;3;0;152;5;7;8;7;6;13;11;13;10;13;10;5;15;7;6;8;5;0;3;51;92;38;114;44;3;286;16;17;15;5;3;164;70;53;18;13;6;4;2
2024;2025;2575;12092;1821;1610;211;132;55;24;0;1558;86;614;858;0;263;142;65;55;3;912;43;46;56;48;44;32;45;67;71;54;74;79;61;67;51;33;32;6;3;909;45;52;55;40;36;40;50;58;62;71;73;61;72;56;45;49;24;13;7;86;366;224;752;393;0;1722;34;42;7;13;3;801;273;271;90;123;36;8;1
2024;2025;2576;13230;2789;2090;699;416;225;57;3;2141;61;688;1391;3;648;312;221;103;12;1385;48;79;87;67;82;70;73;108;101;90;91;105;94;102;73;57;37;13;8;1404;66;75;100;59;71;56;83;101;101;80;95;96;112;113;78;58;34;17;9;189;556;412;1215;417;0;2585;68;87;31;16;3;1192;372;433;135;169;60;23;2
2024;2025;2578;11936;1696;1438;258;179;61;18;0;1381;42;679;660;0;315;158;105;46;6;868;40;47;42;38;42;40;46;62;63;61;53;65;75;78;50;32;21;9;4;828;36;43;40;30;24;29;53;52;69;60;69;68;63;65;47;34;20;15;11;77;349;240;735;295;0;1612;47;18;8;11;0;768;258;280;101;98;27;4;1
2024;2025;2579;12003;5299;3861;1438;714;533;190;3;3756;146;1904;1705;3;1543;634;567;321;21;2711;120;141;168;172;136;140;160;195;216;192;201;205;201;133;109;106;66;31;19;2588;99;161;148;136;116;120;142;193;196;196;182;191;154;136;126;123;85;50;34;372;1146;744;2167;862;8;4890;205;97;57;38;12;2241;731;758;280;318;109;45;2
2024;2025;2580;12651;3562;2610;952;472;360;120;0;2618;64;1334;1218;3;944;401;332;166;45;1747;101;103;91;84;77;84;117;131;150;99;94;140;134;109;90;64;52;20;7;1815;87;118;104;90;84;80;144;139;123;104;105;131;127;110;95;75;52;27;20;262;928;521;1306;545;0;3268;151;65;27;37;14;1522;459;553;204;220;61;25;2
2024;2025;2581;12486;19051;12951;6100;2743;1675;1658;24;12835;4279;2171;6382;3;6216;2350;1615;2174;77;9476;466;408;385;388;448;864;996;909;742;526;570;631;577;469;333;300;238;151;75;9575;444;421;351;318;505;868;983;774;639;570;540;594;572;479;415;335;321;264;182;1611;4632;2426;7099;3280;3;17273;527;689;364;184;14;9661;4474;3029;986;829;265;78;1
2024;2025;2582;12905;1211;939;272;141;92;39;0;929;14;452;463;0;282;135;98;45;4;608;23;33;34;28;24;34;50;48;38;44;46;40;38;51;33;19;13;10;3;603;40;22;19;23;22;45;42;42;37;41;43;46;55;37;35;25;20;9;0;79;395;188;423;126;0;1124;52;18;9;8;0;546;170;230;60;65;16;5;1
2024;2025;2583;12971;5337;3261;2076;1191;653;231;3;3414;137;904;2373;0;1923;873;620;364;66;2667;145;142;153;148;156;162;182;192;182;175;179;183;178;149;134;86;71;41;9;2670;128;139;133;111;139;192;176;183;176;155;191;185;195;154;124;106;77;63;43;462;1287;649;2141;798;0;4838;140;210;95;42;12;2355;863;735;318;288;100;51;2
2024;2025;2584;10578;1980;1589;391;191;154;46;0;1561;16;815;727;3;419;176;167;72;4;1002;49;55;72;47;56;63;64;71;54;63;76;75;70;59;38;46;27;16;3;978;60;47;51;34;57;51;63;60;65;66;68;78;75;56;44;43;34;16;10;135;567;215;807;256;0;1832;81;34;15;18;0;851;252;299;128;135;26;11;1
2024;2025;2585;10469;772;665;107;69;27;11;0;658;23;125;510;0;114;55;34;24;3;382;18;14;18;20;16;17;27;23;22;29;27;30;41;23;19;25;6;3;5;390;19;20;19;26;17;18;18;26;27;28;25;26;36;28;22;11;10;8;6;69;172;92;298;141;0;694;5;61;3;9;0;335;111;118;37;52;10;7;1
2024;2025;2586;10472;5532;3960;1572;852;491;228;3;3888;200;1887;1798;3;1644;691;585;352;16;2750;150;153;137;132;134;167;196;222;201;196;180;205;201;158;115;96;54;28;25;2782;128;156;152;140;147;148;198;191;217;165;166;209;196;173;134;95;67;59;41;366;1469;720;2057;920;0;5126;175;120;53;51;7;2450;860;802;317;343;96;32;2
2024;2025;2601;10384;16847;13054;3793;1790;1004;993;6;12609;5796;1600;5206;7;4238;1871;1124;1228;15;8168;352;363;340;339;409;681;774;670;595;519;489;554;517;467;344;322;249;109;75;8679;316;337;351;330;392;727;721;693;539;527;489;574;568;522;449;391;344;234;175;1243;4097;2070;6924;2508;5;15481;619;410;189;136;12;8737;4236;2691;803;709;223;75;2
2024;2025;2611;11690;796;698;98;68;17;13;0;676;71;100;505;0;120;78;18;24;0;423;12;11;24;22;15;8;16;18;33;28;29;41;48;38;30;31;11;4;4;373;10;15;19;7;14;10;18;11;28;26;31;26;39;31;38;20;15;8;7;44;124;76;341;211;0;749;9;29;3;3;5;367;112;166;38;37;10;4;2
2024;2025;2612;11876;262;226;36;27;8;3;0;222;12;94;116;0;40;29;8;3;0;139;3;6;10;8;6;10;3;10;11;9;16;6;9;11;8;5;4;3;3;123;3;9;8;4;7;5;11;7;8;6;9;3;11;9;8;8;3;3;3;14;63;25;72;88;0;247;3;5;6;3;0;105;40;30;8;10;12;5;2
2024;2025;2613;11822;4366;3207;1159;641;272;246;0;3088;671;228;2188;3;1278;605;353;286;34;2128;117;110;116;120;91;136;135;142;153;115;119;162;170;126;117;78;68;38;15;2238;98;113;112;95;116;130;146;141;133;128;133;182;178;142;104;106;78;59;44;290;1163;500;1724;688;3;4045;105;150;27;36;3;1904;645;672;231;227;90;39;2
2024;2025;2614;11511;2450;2029;421;250;112;59;0;1999;63;598;1338;0;451;227;129;91;4;1236;50;63;60;58;69;88;70;80;81;91;82;117;102;69;61;47;30;13;5;1214;65;60;62;58;57;80;68;72;89;75;78;113;86;77;58;48;30;24;14;167;539;308;927;509;0;2274;54;87;20;14;3;1078;356;383;140;148;36;15;1
2024;2025;2615;12274;967;800;167;82;66;19;0;798;43;277;478;0;169;76;72;20;3;501;29;31;26;24;24;21;18;35;28;17;31;41;46;52;31;17;15;8;7;466;23;27;21;29;18;16;23;36;27;24;26;39;50;35;19;21;11;10;11;54;198;134;318;262;3;907;28;18;4;6;4;395;101;163;47;47;24;13;1
2024;2025;2616;11988;600;574;26;22;3;3;0;544;26;180;338;0;56;39;7;10;0;297;18;11;18;19;16;13;13;16;15;18;23;23;35;19;11;9;13;5;3;303;4;11;13;16;22;12;13;19;21;25;25;26;25;21;8;15;17;8;3;26;106;45;269;154;0;567;10;14;3;7;3;262;78;100;38;32;10;4;1
2024;2025;2617;12009;519;450;69;50;5;14;0;438;35;105;298;0;81;46;13;21;3;263;11;18;8;12;10;15;12;14;15;19;11;22;30;27;15;12;7;3;3;256;11;4;15;11;7;13;11;14;17;14;19;30;26;26;9;13;4;6;6;31;99;70;190;129;0;485;10;17;4;3;0;229;72;88;33;25;8;3;1
2024;2025;2618;12154;964;828;136;102;29;5;0;789;30;114;645;0;175;120;32;23;0;490;15;21;16;36;19;21;14;34;29;21;45;50;44;41;34;27;16;6;3;474;26;28;22;16;13;8;20;31;26;24;45;41;54;39;23;24;21;7;6;41;219;113;423;168;0;919;12;24;5;4;0;430;140;174;46;41;15;14;1
2024;2025;2619;12692;1197;1029;168;110;44;14;0;1014;88;148;778;0;183;109;47;27;0;596;17;21;31;22;36;22;30;36;37;27;40;52;58;48;49;26;19;18;7;601;25;30;26;18;24;24;31;36;28;32;38;56;58;50;39;31;30;15;10;55;192;144;456;350;0;1134;16;33;4;10;0;566;198;225;65;54;19;5;1
2024;2025;2620;12385;631;572;59;51;7;3;0;556;29;204;323;0;75;60;12;3;0;321;8;13;16;14;17;13;19;19;20;26;22;33;31;24;20;11;9;3;3;310;14;18;18;14;11;9;9;16;25;22;21;33;28;24;14;18;7;6;3;25;104;84;195;223;0;604;10;10;5;3;0;281;85;113;43;24;12;4;1
2024;2025;2621;12546;1983;1779;204;134;47;23;0;1714;135;454;1125;0;269;152;53;64;0;1011;31;50;47;49;56;50;68;60;53;59;67;94;83;80;65;40;34;14;11;972;40;51;45;38;53;42;60;56;67;57;63;89;77;67;52;46;31;25;13;108;373;213;746;543;0;1867;33;65;8;10;0;897;318;305;126;100;35;13;1
2024;2025;2622;10324;701;583;118;66;28;23;3;581;41;175;365;0;120;61;30;29;0;365;17;28;16;33;27;17;7;16;23;28;32;21;33;15;25;12;4;9;3;336;10;13;18;26;9;11;13;24;31;23;25;27;27;17;23;13;15;8;3;46;156;101;283;115;0;652;17;24;3;3;3;300;104;101;37;35;14;9;1
2024;2025;2701;11693;177571;106601;70970;41880;15379;13553;158;95589;65526;50;29963;50;81982;40538;17962;21392;2090;86961;4185;4057;3903;3635;4148;6415;8307;7862;7288;6168;5516;5764;5386;4163;3411;2820;2070;1203;660;90610;3919;3960;3597;3332;4098;6923;8180;7899;7010;5822;5427;5739;5487;4546;4029;3616;3021;2224;1781;9652;36994;20192;69937;40758;38;166479;390;4172;4839;1583;108;90755;44567;25334;10035;7590;2360;869;2
2024;2025;2702;11907;1279;963;316;261;29;26;0;799;3;581;217;0;480;339;69;72;0;622;32;38;42;36;32;23;24;36;46;38;34;51;54;35;32;29;23;14;3;657;34;37;26;30;23;22;39;37;49;34;37;57;42;45;32;30;28;30;25;78;350;78;483;290;0;1194;42;11;24;8;0;517;158;181;68;76;24;10;1
2024;2025;2703;12895;22534;15917;6617;4592;1065;958;3;13981;99;10171;3708;3;8553;5251;1415;1794;93;10691;473;686;710;668;506;354;418;611;752;723;743;838;758;645;467;481;435;244;179;11843;454;632;642;670;441;314;464;672;860;856;801;880;883;717;623;595;574;438;327;1234;5135;1719;8907;5536;3;21183;565;322;309;141;14;10055;3671;3232;1243;1407;393;109;1
2024;2025;2761;13824;11137;8096;3041;1755;720;565;3;7745;117;1443;6183;3;3392;1640;775;900;77;5453;267;303;255;297;279;327;314;363;368;325;349;429;374;318;254;260;212;109;50;5684;229;242;272;247;270;281;319;362;397;381;359;420;425;341;326;344;209;169;91;997;2573;1235;4746;1584;3;10082;516;327;126;71;15;5064;1769;1757;693;644;164;37;1
2024;2025;2762;13825;22155;15320;6835;4280;1160;1393;3;14366;94;1522;12749;3;7789;4032;1628;2068;61;10668;524;595;589;504;428;585;705;814;832;771;758;708;706;531;468;452;378;222;98;11487;529;562;545;462;457;627;763;828;866;786;762;755;741;654;532;603;461;348;206;1169;4980;2929;9506;3570;3;20795;325;559;250;207;19;10509;4131;3430;1373;1211;293;71;2
2024;2025;2763;13826;9314;7306;2008;1347;368;293;0;6589;234;830;5524;3;2725;1669;443;585;28;4280;180;213;241;272;202;170;167;225;270;277;297;331;324;273;249;227;182;123;57;5034;166;232;240;229;184;159;196;253;300;333;374;364;397;366;337;293;291;185;135;455;2113;1178;4399;1168;3;8808;174;175;96;59;3;4351;1730;1415;513;516;141;36;1
2024;2025;2764;13827;3485;2956;529;345;103;81;0;2713;9;356;2348;0;772;434;131;206;3;1715;66;102;106;115;98;55;41;72;103;116;136;157;120;113;91;91;77;33;23;1770;60;77;100;100;91;41;61;91;128;121;160;161;126;115;89;100;75;48;26;157;674;518;1687;448;3;3319;94;33;24;15;0;1431;351;552;214;233;67;14;1
2024;2025;2765;13828;16053;11255;4798;2750;850;1188;10;10193;840;492;8859;3;5860;2850;1177;1799;34;7642;357;389;422;375;322;359;461;512;541;536;552;587;564;373;358;344;309;187;94;8411;339;400;426;379;338;374;455;568;619;605;579;592;542;454;441;467;396;259;178;1235;3487;2409;6874;2047;3;14703;414;575;225;126;10;7486;2963;2353;942;936;227;65;2
2024;2025;2766;13829;10445;6891;3554;2150;776;626;3;6513;72;1027;5413;3;3932;1957;1005;913;57;5161;216;243;216;219;235;338;403;418;388;374;337;367;346;251;226;199;173;133;79;5284;203;211;206;231;236;334;343;381;352;317;358;337;353;284;259;270;260;211;138;758;2222;1312;4494;1659;0;9617;283;323;133;79;10;5313;2479;1616;564;489;128;37;2
2024;2025;2767;13830;7014;5056;1958;1208;277;469;4;4520;21;644;3853;3;2494;1291;410;783;10;3366;167;180;199;203;166;125;158;201;240;234;238;258;242;183;146;167;133;84;42;3648;133;198;210;199;147;132;161;248;264;270;236;281;222;187;193;194;194;113;66;491;1765;1036;2997;725;0;6482;178;188;114;50;3;3072;1019;1068;385;426;136;38;2
2024;2025;2768;13831;5567;4476;1091;669;259;163;0;4349;79;682;3588;0;1218;633;292;292;3;2705;147;142;168;135;133;111;117;166;190;200;173;222;190;158;144;112;116;56;25;2862;106;154;139;107;110;137;141;197;206;170;192;237;209;181;165;164;128;77;42;256;1275;786;2326;924;0;5273;157;71;21;44;3;2507;832;921;302;363;70;19;1
2024;2025;2769;13832;12457;8886;3571;1965;856;748;3;8454;68;1431;6953;3;4003;1915;1012;1057;19;6085;268;358;310;311;318;392;402;402;411;410;426;479;444;312;270;232;178;92;70;6372;249;319;311;306;300;368;429;421;450;391;438;458;467;346;302;278;228;164;147;952;2837;1729;5284;1652;3;11432;408;377;153;83;4;5694;2104;1936;715;651;212;76;1
2024;2025;2770;13833;18120;13958;4162;2376;1016;767;3;13169;259;2327;10579;4;4951;2351;1328;1205;67;8809;369;500;465;462;422;479;494;529;626;590;573;687;656;515;448;374;341;188;91;9311;356;460;464;419;430;412;510;608;623;539;631;717;642;592;502;468;464;273;201;747;3437;2291;8470;3174;3;17256;302;289;132;123;18;8200;2957;2800;1033;1047;271;92;1
2024;2025;2771;13834;11430;8640;2790;1606;575;608;3;7915;35;1110;6766;4;3515;1759;749;986;21;5463;249;308;282;332;265;263;261;282;384;358;416;463;380;310;268;231;196;147;68;5967;247;292;296;343;238;230;308;327;413;436;445;477;429;312;297;330;272;173;102;564;2627;1603;5133;1501;3;10782;296;193;59;93;7;5020;1649;1728;667;741;192;43;1
2024;2025;2772;13835;2413;2004;409;252;76;81;0;1824;24;258;1542;0;589;325;115;144;5;1186;55;66;72;75;57;33;45;57;61;81;84;99;102;109;61;53;46;21;9;1227;50;54;55;74;45;28;51;65;89;85;88;125;103;75;67;75;51;30;17;162;505;322;1152;272;0;2237;91;55;10;18;3;998;226;414;149;163;37;9;1
2024;2025;2773;13836;20690;15128;5562;2863;1374;1324;3;14036;96;2279;11655;6;6654;3059;1652;1916;27;9928;450;519;508;544;495;526;516;601;654;618;691;786;687;606;492;463;415;245;112;10762;400;464;513;463;472;524;535;660;653;730;734;806;790;643;603;641;543;377;211;1401;4689;2657;9355;2585;3;19163;657;460;240;153;17;9456;3352;3358;1218;1188;283;57;2
2024;2025;2774;13837;1494;1267;227;167;31;28;3;1157;9;122;1026;0;337;213;52;71;3;739;30;44;39;39;36;20;39;40;39;43;52;60;65;56;41;42;26;17;11;755;29;41;39;30;35;24;32;41;47;60;54;64;62;58;35;41;28;23;12;88;319;193;702;192;0;1400;54;31;3;7;0;625;152;258;89;96;25;5;1
2024;2025;2775;13838;10125;8136;1989;1139;453;396;3;7509;46;1101;6362;0;2616;1274;612;716;14;4898;199;271;278;271;278;260;211;254;289;303;341;435;392;297;214;261;186;102;56;5227;181;219;266;269;228;211;223;307;349;339;363;463;400;312;321;253;263;166;94;565;2128;1220;4807;1405;0;9508;322;155;76;59;5;4505;1505;1573;610;640;138;39;1
2024;2025;2781;13839;707;635;72;48;17;7;0;603;19;198;386;0;104;63;24;17;0;351;18;19;22;14;15;11;14;27;19;22;28;23;29;22;28;23;8;7;3;356;8;15;18;18;12;8;14;21;26;26;24;33;30;31;28;16;14;9;5;54;109;54;332;158;0;648;27;19;6;6;3;317;101;124;39;38;10;5;1
2024;2025;2782;13840;1772;1545;227;108;59;60;0;1456;19;425;1012;0;316;136;85;93;3;896;44;48;46;49;65;48;39;46;54;42;78;82;82;57;44;31;26;10;5;876;30;49;42;44;52;50;34;54;59;60;79;75;71;55;41;36;26;13;6;94;352;208;746;372;0;1666;55;28;8;13;3;721;192;249;116;118;31;15;1
2024;2025;2783;13841;286;251;35;25;5;5;0;240;4;43;193;0;46;33;3;11;0;139;6;4;4;11;5;5;3;8;6;14;12;16;11;8;7;9;7;3;3;147;9;6;7;7;7;4;8;7;7;13;12;15;16;8;5;5;7;3;3;26;67;28;115;50;0;257;10;16;0;3;0;128;43;52;10;14;6;3;1
2024;2025;2784;13842;740;606;134;87;32;15;0;583;25;200;358;0;157;89;35;30;3;357;15;15;19;17;13;11;23;21;25;21;38;33;30;24;16;19;11;4;3;383;10;10;27;19;21;13;16;29;22;26;30;29;32;25;13;27;17;11;6;56;184;92;296;112;0;682;29;13;7;5;4;340;118;122;48;38;11;3;1
2024;2025;2785;13843;1621;1260;361;217;86;58;0;1207;29;247;928;3;414;218;95;99;3;812;30;43;52;47;32;37;35;52;54;50;68;82;69;59;41;28;16;15;3;809;32;39;45;58;39;17;44;55;50;66;76;76;57;59;39;22;18;6;11;88;375;233;693;232;0;1518;59;22;4;15;3;667;181;238;103;107;32;6;1
2024;2025;2786;13844;1958;1359;599;329;191;79;0;1309;35;317;956;3;649;316;203;125;5;1008;42;49;36;39;48;64;53;83;84;74;77;90;75;69;49;42;16;12;6;950;50;57;38;37;46;58;62;76;61;57;73;84;80;56;41;36;25;10;3;163;520;284;697;294;0;1774;95;37;29;22;3;868;289;319;105;101;38;16;1
2024;2025;2787;13845;6054;4278;1776;936;460;379;3;4192;1159;431;2601;3;1862;835;519;454;54;2987;118;158;145;168;191;202;188;198;179;190;219;214;218;154;143;142;90;50;20;3067;124;131;154;140;173;179;194;193;188;200;197;250;211;179;171;137;113;81;52;408;1488;733;2353;1072;0;5620;193;148;46;34;13;2765;1084;880;334;315;103;49;1
2024;2025;2788;13846;1105;941;164;81;53;30;0;921;78;344;499;0;184;84;51;48;3;579;16;16;25;39;25;23;33;35;34;30;46;46;57;61;37;26;16;9;5;526;14;18;20;18;22;22;25;36;30;39;33;46;54;46;31;35;22;6;9;66;216;85;431;307;0;1031;44;14;7;8;3;524;202;196;55;47;13;11;1
2024;2025;2789;13847;468;390;78;57;17;4;0;389;11;106;272;0;79;51;17;11;0;240;7;12;10;13;19;8;7;13;13;20;12;31;25;13;10;13;10;3;3;228;6;9;11;5;14;4;13;12;17;16;14;30;20;19;13;12;7;3;3;34;102;46;194;92;0;432;20;10;3;3;3;195;43;86;26;30;6;4;2
2024;2025;2790;13848;246;222;24;22;0;3;0;211;10;62;139;0;35;26;3;8;0;127;3;6;3;5;8;4;3;5;8;7;10;14;20;8;9;8;4;4;0;119;3;3;3;4;3;8;5;4;8;4;9;21;13;12;6;10;3;3;0;13;30;31;118;54;0;234;11;3;0;0;0;123;48;46;14;14;0;3;1
2024;2025;2791;13849;1941;1733;208;133;43;32;0;1677;71;658;947;3;264;154;48;62;0;969;48;49;53;66;54;47;55;46;61;48;83;73;92;66;48;41;20;12;7;972;39;38;44;58;50;46;56;46;62;62;84;84;83;75;46;40;26;19;14;119;348;207;822;445;0;1808;63;36;11;15;8;831;229;326;102;142;25;7;1
2024;2025;2792;13850;1592;1313;279;166;70;43;0;1327;28;494;805;0;265;140;65;56;4;798;37;52;48;36;39;40;42;49;62;53;44;74;72;52;39;32;16;10;3;794;35;31;43;51;36;39;44;51;68;46;54;72;57;58;44;26;23;10;6;96;348;214;686;248;0;1490;41;49;5;7;0;676;201;249;89;96;31;10;1
2024;2025;2793;13851;2848;2067;781;448;220;113;0;1999;53;580;1365;3;849;378;260;195;16;1413;70;65;81;72;70;94;109;125;94;82;92;123;112;72;58;50;28;10;6;1435;73;81;77;53;68;107;107;117;82;90;100;117;107;84;50;52;35;22;13;205;909;440;917;377;0;2610;115;68;14;36;5;1228;372;461;159;163;52;21;1
2024;2025;2821;13766;1734;1496;238;166;42;30;0;1400;23;537;840;0;334;186;68;77;3;851;37;35;51;53;47;36;44;52;65;45;58;83;67;43;43;48;26;13;5;883;35;40;42;45;53;43;42;61;53;51;74;88;59;47;42;47;37;16;8;90;339;236;779;290;0;1636;41;39;6;9;3;713;188;270;99;111;34;11;1
2024;2025;2822;13767;1087;787;300;192;76;32;0;723;14;218;491;0;364;197;86;65;16;576;30;27;21;13;26;24;31;36;39;43;38;56;47;40;39;26;28;8;4;511;18;20;19;21;21;16;24;33;32;30;30;44;52;34;39;42;23;4;9;73;273;212;411;118;0;1007;26;29;15;9;3;537;230;183;55;46;14;9;1
2024;2025;2823;13768;4534;3677;857;453;278;125;3;3600;97;1509;1994;0;934;471;255;199;9;2280;112;120;117;114;123;120;127;147;149;143;130;152;195;146;137;112;71;47;18;2254;118;106;108;107;94;97;117;132;144;129;137;199;204;162;133;107;94;39;27;257;916;555;1996;810;0;4244;164;57;30;38;3;1948;576;764;215;279;88;26;2
2024;2025;2824;13769;6651;4208;2443;1325;771;344;3;4224;72;1770;2381;3;2427;1080;898;440;9;3365;164;181;179;201;217;215;204;208;252;222;254;227;227;169;117;148;95;58;27;3286;143;194;167;162;173;170;216;191;249;209;218;254;205;185;155;167;103;80;45;421;1528;826;2875;996;5;6192;220;111;66;52;10;2883;965;992;363;394;131;38;1
2024;2025;2825;13770;4730;3194;1536;783;540;212;3;3004;46;1141;1816;3;1726;749;646;299;32;2313;119;114;115;146;111;95;110;141;162;167;149;182;155;125;116;128;101;55;22;2417;107;104;103;115;117;116;113;156;160;149;163;184;149;130;141;166;122;75;47;314;1082;703;2039;592;0;4388;176;74;52;36;4;2129;775;711;278;243;98;24;1
2024;2025;2826;13771;1136;826;310;193;92;25;0;773;6;210;556;3;363;184;117;56;6;585;25;32;34;37;30;23;33;33;46;41;53;45;43;26;30;29;19;4;3;551;20;33;31;24;21;22;31;51;39;55;40;34;46;23;27;31;12;9;3;78;304;136;490;128;0;1055;35;33;9;3;3;470;114;185;72;73;17;9;1
2024;2025;2827;13772;393;336;57;39;8;10;0;317;15;106;196;0;76;39;15;21;3;200;8;14;8;13;13;7;12;11;10;12;17;18;15;8;13;8;8;5;0;193;9;5;6;7;10;9;10;16;15;16;20;12;14;9;14;10;9;3;3;26;108;41;152;66;0;365;17;7;3;3;0;168;49;66;19;26;5;3;1
2024;2025;2828;13773;5886;4154;1732;960;520;251;3;4200;103;1901;2194;3;1686;772;533;327;54;2918;153;154;131;152;159;203;215;228;187;210;169;201;214;163;126;131;75;37;10;2968;155;148;138;144;145;191;222;227;198;158;204;216;213;161;175;107;92;43;31;407;1604;742;2322;811;0;5435;248;96;46;61;0;2581;836;924;335;350;103;33;1
2024;2025;2829;13774;16034;11047;4987;2657;1532;795;3;10709;3652;998;6056;3;5325;2432;1687;1181;25;7954;382;392;394;408;459;647;612;604;529;482;526;548;506;412;326;327;236;99;65;8080;350;338;373;395;456;597;595;564;507;495;492;543;533;433;412;383;279;196;139;1264;4347;1838;6051;2529;5;14639;658;370;198;153;16;7374;2777;2504;911;826;262;94;2
2024;2025;2830;13775;1565;1368;197;148;19;30;0;1280;32;482;765;3;285;177;34;74;0;759;34;49;45;49;35;23;35;44;45;58;60;63;59;42;45;27;25;14;7;806;41;53;43;47;34;23;38;45;59;51;45;74;51;47;42;41;34;25;13;117;321;232;680;215;0;1438;61;35;18;12;3;634;157;253;76;102;33;13;1
2024;2025;2831;13776;16576;9582;6994;3453;2819;719;3;9842;286;3010;6543;3;6734;2764;2731;1031;208;8259;390;404;420;408;456;551;582;639;567;610;573;594;510;449;325;343;240;129;69;8317;371;388;384;379;392;551;576;594;560;550;540;616;494;455;405;426;317;188;131;990;3232;2129;6960;3264;3;15476;423;331;207;125;14;7559;2928;2373;954;905;287;112;2
2024;2025;2832;13777;732;639;93;75;13;5;0;596;3;245;348;3;136;92;21;23;0;350;18;12;16;19;14;6;13;23;16;27;30;34;40;31;19;10;9;8;5;382;20;14;17;16;21;8;13;33;17;29;34;33;32;32;22;20;10;10;3;40;158;87;359;88;0;687;26;12;3;6;0;310;78;135;32;52;10;3;1
2024;2025;2833;13778;1316;1210;106;76;17;13;0;1135;7;469;659;0;181;116;26;37;3;646;26;29;39;39;31;23;28;24;33;35;44;59;51;51;48;35;24;18;9;670;31;29;36;29;20;28;24;28;39;34;49;66;57;52;37;44;34;19;14;81;227;157;653;198;0;1229;61;13;6;6;3;565;159;222;73;78;29;4;1
2024;2025;2834;13779;1708;1505;203;110;47;46;0;1416;72;637;707;0;292;163;42;81;6;856;38;43;56;65;49;30;40;45;62;57;49;76;66;53;50;33;25;11;8;852;31;50;58;48;34;26;40;45;62;77;50;58;82;56;50;32;25;16;12;126;331;222;723;306;0;1578;79;39;6;5;3;685;169;256;98;107;38;17;1
2024;2025;2841;13780;547;510;37;31;3;4;0;502;10;264;228;0;45;30;3;12;0;288;19;17;13;19;13;11;19;16;12;16;18;19;41;20;15;10;3;4;3;259;13;8;16;10;8;9;11;18;12;14;22;29;31;26;9;9;6;6;3;20;81;44;244;158;0;519;6;11;3;9;0;233;61;100;23;36;9;4;1
2024;2025;2842;13781;857;727;130;74;38;18;0;707;10;348;349;0;150;71;46;32;3;438;13;23;25;32;30;18;18;29;22;33;34;39;36;27;24;15;10;8;3;419;17;16;24;26;22;22;21;33;20;28;41;32;30;25;21;23;11;5;3;53;190;118;355;141;0;801;39;9;4;4;0;363;105;135;49;52;14;8;1
2024;2025;2843;13782;715;576;139;92;30;17;0;570;44;240;286;0;145;84;31;26;4;352;9;18;13;21;14;17;11;17;35;28;28;37;29;27;19;19;8;3;3;363;24;14;18;25;18;12;17;21;28;22;28;25;24;30;20;12;12;6;7;37;166;87;325;100;0;668;28;7;3;10;0;314;105;112;37;41;17;3;1
2024;2025;2844;13783;1134;977;157;103;26;28;0;943;81;292;570;0;191;109;29;50;3;590;33;43;32;25;22;19;35;48;43;34;41;49;49;32;30;30;10;10;5;544;27;25;18;23;33;27;33;35;37;30;35;49;50;38;21;23;24;11;5;74;205;148;403;304;0;1051;36;23;12;11;3;469;118;190;63;64;26;8;1
2024;2025;2845;13784;835;684;151;91;34;26;0;663;9;303;351;0;172;85;46;39;3;423;26;34;26;15;29;13;11;33;42;22;29;42;28;26;21;16;5;4;3;412;22;33;24;21;17;11;23;44;28;28;30;41;27;19;17;12;7;5;3;72;192;127;316;128;0;759;59;9;4;4;0;336;87;119;43;64;17;6;1
2024;2025;2846;13785;6458;5171;1287;641;475;170;3;5053;186;2240;2625;3;1405;663;439;254;49;3200;155;163;169;176;174;213;195;188;227;191;211;230;230;184;176;143;97;56;22;3258;123;145;165;154;149;164;175;197;218;207;206;249;239;223;188;199;123;76;58;440;1375;829;2687;1127;0;5967;269;136;24;56;6;2910;988;1068;366;353;93;42;1
2024;2025;2847;13786;246;214;32;26;4;3;0;203;5;114;84;0;43;30;4;9;0;127;8;5;7;4;7;4;6;10;6;7;7;17;14;12;6;3;3;3;0;119;4;6;3;6;5;3;4;4;13;7;11;18;14;7;3;5;4;3;4;8;49;34;106;49;0;237;7;3;0;3;0;109;34;45;14;10;3;3;1
2024;2025;2848;13787;263;246;17;12;5;0;0;239;7;124;108;0;24;17;7;0;0;126;7;5;3;6;4;4;6;4;11;8;6;14;11;15;11;5;5;3;0;137;4;10;6;3;4;6;9;4;5;10;14;16;6;19;7;6;5;3;3;8;63;30;105;57;0;253;7;3;0;3;0;124;44;46;16;13;5;0;1
2024;2025;2849;13788;2473;1932;541;333;124;84;0;1843;23;794;1026;0;630;281;177;157;15;1240;58;80;74;59;74;76;79;84;85;98;73;94;71;78;64;43;27;13;10;1233;61;66;64;58;60;55;103;77;96;86;92;91;83;66;67;55;37;10;6;150;710;294;989;330;0;2307;97;30;20;16;3;1046;286;405;134;172;42;7;1
2024;2025;2850;13789;532;460;72;63;7;3;0;434;21;206;207;0;98;71;14;12;3;260;6;12;12;15;10;9;11;11;16;17;23;29;24;24;11;18;8;3;3;272;8;11;14;15;15;11;10;13;15;22;20;26;25;17;19;15;11;3;3;39;103;84;238;68;0;492;18;16;3;3;3;237;70;99;31;28;8;3;1
2024;2025;2851;13790;182;161;21;13;7;3;0;154;3;81;70;0;28;15;9;4;0;87;3;6;7;5;3;3;5;7;7;4;5;8;3;9;8;5;3;3;0;95;6;5;6;5;3;4;5;7;11;5;4;4;7;11;4;5;3;0;3;12;53;13;74;30;0;174;3;3;3;3;0;73;15;36;7;7;5;3;1
2024;2025;2852;13791;1415;1203;212;145;50;17;0;1155;63;449;643;0;260;147;70;42;3;725;34;31;29;29;39;36;48;52;50;47;48;64;58;48;38;38;24;7;5;690;24;32;29;37;31;31;52;37;38;47;45;62;58;42;38;42;23;15;7;99;352;139;558;267;0;1311;58;35;4;6;3;626;210;227;77;73;27;12;1
2024;2025;2853;13792;956;788;168;121;30;17;0;748;51;145;550;3;208;142;28;37;3;473;24;16;14;26;24;20;30;23;27;31;33;47;49;39;32;15;14;5;4;483;22;16;19;22;21;24;30;30;23;37;41;58;47;35;22;15;6;11;4;70;183;110;387;206;0;880;25;31;14;6;0;429;140;153;68;49;16;3;1
2024;2025;2854;13793;277;238;39;35;3;3;0;221;7;89;125;0;56;42;4;10;0;142;6;3;11;9;5;5;6;7;7;10;11;22;12;9;7;6;3;4;0;135;9;3;7;9;3;5;4;11;10;9;15;17;10;11;5;3;3;3;0;8;53;42;129;45;0;266;7;3;0;3;0;114;28;47;15;18;4;3;1
2024;2025;2855;13794;526;495;31;28;3;0;0;462;33;214;215;0;64;48;3;12;3;265;12;14;18;13;14;8;14;17;12;21;22;23;23;17;16;8;8;3;3;261;10;18;19;14;8;9;16;10;20;18;16;26;17;21;12;12;7;5;3;25;88;64;217;132;0;495;14;5;4;6;3;219;63;83;28;27;9;9;1
2024;2025;2856;13795;2375;2065;310;190;80;40;0;1980;50;919;1011;0;395;230;92;71;3;1167;59;83;67;41;55;66;77;80;77;72;75;87;80;74;52;52;40;21;9;1208;52;65;56;55;44;47;77;88;79;81;81;82;101;79;72;53;51;25;20;132;589;330;928;396;0;2229;75;34;17;17;3;1038;326;381;143;136;36;16;1
2024;2025;2857;13796;570;517;53;33;15;4;3;494;21;213;260;0;76;46;16;14;0;289;10;9;14;16;19;7;17;18;13;20;30;27;31;15;16;16;7;4;0;281;9;11;19;11;17;7;6;8;27;16;29;30;27;21;17;16;4;3;3;21;78;88;259;124;0;545;9;3;9;5;0;255;78;101;36;28;9;3;1
2024;2025;2858;13797;809;699;110;85;20;5;0;672;29;334;309;0;137;92;27;18;0;410;15;15;21;25;20;20;17;27;23;24;43;34;43;26;25;21;6;3;3;399;22;24;23;22;14;11;20;29;24;23;30;32;36;36;16;11;12;10;4;58;173;100;310;168;0;745;35;16;6;6;3;354;120;115;52;44;17;6;1
2024;2025;2859;13798;438;347;91;53;17;21;0;343;4;152;187;0;95;42;21;24;8;237;13;12;17;15;16;7;13;14;14;13;20;21;22;15;8;9;3;4;3;201;9;15;5;15;5;10;8;17;14;18;10;12;23;13;9;6;5;4;3;31;102;65;174;66;0;406;21;6;3;3;0;173;51;54;22;32;9;5;1
2024;2025;2860;13799;794;718;76;43;26;7;0;690;31;315;344;0;104;57;26;21;0;385;16;25;13;15;23;14;17;18;18;15;32;36;24;34;32;22;20;7;4;409;16;17;15;24;16;16;19;20;27;28;30;35;30;33;19;32;16;10;6;50;155;86;354;149;0;739;24;20;5;6;0;359;113;137;53;44;9;3;1
2024;2025;2861;13800;6894;5632;1262;714;393;155;0;5464;215;2279;2970;0;1430;749;389;290;3;3390;149;150;198;193;175;195;217;248;245;228;224;242;223;204;173;130;106;56;34;3504;127;167;174;167;171;198;222;255;229;237;233;230;241;236;183;167;136;75;56;418;1567;868;2873;1168;0;6429;232;151;26;51;5;3143;1120;1123;373;391;101;35;2
2024;2025;2862;13801;817;550;267;109;107;51;0;538;11;291;235;3;279;112;88;49;30;414;17;16;20;18;22;20;27;38;27;27;31;32;37;21;19;18;12;6;6;403;18;16;19;30;24;20;24;27;26;30;25;32;29;20;23;12;15;11;3;55;158;93;359;152;0;756;35;12;3;8;3;355;113;135;35;50;16;6;1
2024;2025;2863;13802;938;813;125;65;36;24;0;785;33;383;368;3;153;87;29;36;3;459;20;26;21;20;18;25;18;31;37;29;34;30;31;36;35;32;7;6;3;479;17;31;25;21;20;14;27;23;36;34;37;33;32;35;36;26;20;9;3;54;198;119;430;137;0;878;33;13;8;6;0;400;101;180;45;49;17;8;1
2024;2025;2864;13803;1459;1117;342;179;121;42;0;1125;25;552;548;0;334;157;99;70;8;763;33;33;36;32;48;52;51;56;53;53;41;58;46;50;42;35;19;17;8;696;32;25;32;28;34;51;44;42;51;39;36;60;58;48;34;41;25;12;4;91;400;159;602;207;0;1357;58;21;11;12;0;667;232;255;73;83;16;8;1
2024;2025;2865;13804;712;665;47;29;17;3;0;639;9;328;302;0;73;45;21;7;0;340;12;20;16;18;13;7;13;14;24;13;23;28;38;29;23;22;13;10;4;372;11;17;21;23;15;6;14;20;23;18;28;39;39;20;19;23;18;10;8;27;135;58;336;156;0;683;14;11;3;3;0;311;85;137;34;40;10;5;1
2024;2025;2866;13805;602;531;71;60;10;3;0;516;29;175;312;0;86;65;15;6;0;313;14;12;13;13;10;12;19;18;14;17;29;29;26;30;19;27;7;3;3;289;10;16;16;7;6;12;12;20;17;19;24;39;22;20;20;13;9;5;3;21;121;77;253;130;0;578;11;4;3;4;3;286;104;107;31;35;7;3;1
2024;2025;2867;13806;449;419;30;25;3;3;0;396;36;190;170;0;53;36;4;13;0;225;9;11;7;14;17;12;17;11;9;11;18;26;20;14;10;8;8;3;3;224;7;4;9;16;14;10;16;9;9;16;20;33;17;14;8;12;7;3;0;26;77;47;194;105;0;420;10;13;3;3;0;193;48;86;24;26;7;3;1
2024;2025;2868;13807;519;476;43;29;5;9;0;467;5;262;200;0;52;31;8;13;0;262;10;14;19;14;10;9;17;14;19;22;17;16;22;15;18;11;9;3;3;257;9;15;13;19;11;9;8;17;16;17;25;17;21;13;18;14;6;7;3;28;87;61;212;131;0;486;22;5;3;5;0;214;54;88;22;38;8;4;1
2024;2025;2869;13808;2790;2235;555;294;212;48;3;2179;53;1011;1115;0;611;272;235;101;3;1365;70;77;50;72;66;86;77;94;89;84;79;97;99;89;72;73;60;23;8;1425;66;70;58;59;60;68;89;95;93;87;87;118;120;82;83;71;59;34;26;165;613;311;1284;417;0;2600;104;40;21;25;0;1220;371;480;147;157;49;16;2
2024;2025;2881;13809;608;547;61;45;13;3;0;527;16;284;227;0;81;59;13;8;3;299;12;11;15;20;12;18;8;17;21;18;28;29;25;19;19;11;7;7;3;309;13;9;19;20;15;12;15;13;22;21;23;26;24;20;17;15;12;6;7;40;100;68;271;129;0;562;21;10;7;8;0;252;67;103;29;34;13;6;1
2024;2025;2882;13810;677;629;48;42;3;4;0;595;28;328;239;0;82;57;8;16;3;352;18;25;23;26;17;14;13;24;19;25;24;28;30;21;10;26;5;3;3;325;14;18;21;14;13;13;11;30;16;34;33;19;27;10;21;15;8;4;4;32;148;63;268;166;0;638;19;8;4;7;3;277;71;110;37;34;18;7;1
2024;2025;2883;13811;736;674;62;38;17;7;0;636;90;230;316;0;100;63;20;17;0;374;12;13;18;33;13;12;17;25;19;23;27;42;41;22;27;12;12;5;3;362;9;21;23;20;11;11;12;22;30;22;26;40;27;22;15;17;14;13;7;28;116;90;296;206;0;706;18;8;3;3;0;311;92;122;39;32;17;9;1
2024;2025;2884;13812;1643;1410;233;157;59;17;0;1377;44;653;680;0;266;162;61;40;3;799;34;39;46;34;42;37;48;43;75;47;54;75;71;49;37;35;22;8;3;844;39;36;63;37;45;27;39;63;65;62;61;67;70;46;37;38;27;13;9;82;325;179;742;315;0;1553;45;22;11;9;3;690;195;255;96;103;28;13;1
2024;2025;2885;13813;560;489;71;58;6;7;0;480;22;256;202;0;80;59;10;11;0;292;11;20;18;7;9;16;17;20;20;19;24;22;21;28;14;13;7;6;0;268;12;7;17;11;11;16;21;21;16;20;21;15;31;14;11;12;5;4;3;33;123;71;176;157;0;525;22;9;3;3;0;241;69;103;24;28;13;4;1
2024;2025;2886;13814;2643;2099;544;319;142;83;0;1973;41;949;982;3;670;331;167;146;26;1375;66;97;80;75;77;73;83;94;84;94;86;92;102;76;66;66;37;18;9;1268;49;69;77;53;58;51;72;77;98;97;89;81;91;85;76;55;41;28;21;133;641;377;1082;404;6;2495;79;32;16;19;3;1087;305;409;136;144;65;28;1
2024;2025;2887;13815;581;535;46;39;4;3;0;502;12;238;252;0;79;60;8;11;0;294;17;19;18;14;12;14;17;22;16;15;21;20;20;23;16;13;9;7;3;287;12;22;11;17;12;11;15;22;13;17;22;24;20;13;19;14;10;9;4;32;121;65;246;117;0;545;22;10;0;4;0;240;66;95;29;29;15;6;1
2024;2025;2888;13816;975;778;197;141;30;26;0;752;30;257;465;0;223;144;41;32;6;524;13;20;24;20;24;30;33;47;37;30;38;48;40;37;29;37;6;9;3;451;17;13;27;16;18;23;23;24;37;23;34;34;41;46;27;22;19;5;3;42;225;144;403;161;0;929;19;21;3;4;0;466;187;164;54;37;18;6;1
2024;2025;2889;13817;324;297;27;22;3;4;0;278;20;119;139;0;46;28;9;8;3;157;6;4;7;12;10;3;8;7;4;11;22;14;10;18;8;9;3;3;3;167;4;7;7;11;9;7;6;6;9;15;18;12;16;17;10;4;6;3;3;22;58;42;138;64;0;298;8;13;0;4;3;144;47;58;9;22;6;3;1
2024;2025;2890;13818;156;137;19;8;10;3;0;136;3;80;54;0;20;8;9;3;0;79;3;3;6;4;5;3;3;3;7;4;6;6;6;10;5;3;6;0;3;77;0;3;7;6;3;3;3;3;3;6;8;8;8;7;3;3;4;3;3;6;19;17;82;32;0;150;3;3;3;0;0;75;35;23;6;8;3;0;1
2024;2025;2891;13819;1783;1305;478;264;128;85;3;1298;33;673;589;3;485;241;128;99;17;922;36;44;43;49;54;50;57;61;64;50;66;63;63;67;60;48;27;9;11;861;23;50;44;39;41;38;42;53;53;49;72;68;68;62;45;47;26;24;17;127;411;236;749;260;0;1643;89;28;10;13;0;768;246;273;109;99;30;11;1
2024;2025;2892;13820;2577;1927;650;365;209;75;3;1891;80;933;878;0;686;332;221;124;9;1305;65;77;81;72;73;61;67;80;95;81;83;109;97;72;64;57;45;19;7;1272;60;75;63;68;54;66;61;81;104;77;79;97;74;85;71;67;48;24;18;172;678;374;994;359;0;2391;90;50;25;21;0;1091;353;373;140;143;56;26;1
2024;2025;2893;13821;1593;1394;199;112;35;52;0;1330;145;564;620;3;263;122;48;85;8;817;40;47;50;51;33;39;41;54;48;54;61;58;57;58;34;42;31;16;3;776;36;37;32;32;31;31;41;60;49;46;69;77;60;36;39;38;40;14;8;80;361;186;616;350;0;1502;53;21;6;11;0;699;225;254;87;91;34;8;1
2024;2025;2894;13822;442;391;51;30;0;21;0;366;43;168;155;0;76;47;4;25;0;227;9;5;14;9;15;5;14;8;10;12;18;18;28;21;11;19;8;3;3;215;8;5;8;10;11;11;8;13;13;11;12;19;21;18;16;15;8;3;5;23;99;47;199;74;0;416;16;3;4;4;0;199;61;84;22;21;8;3;1
2024;2025;2895;13823;1124;768;356;250;76;30;0;753;39;341;373;0;371;237;55;64;15;615;22;28;19;26;40;31;33;46;46;35;47;61;52;51;29;25;15;7;3;509;13;19;23;25;30;29;20;29;31;27;35;53;51;36;26;27;22;7;6;104;306;119;435;160;0;1015;52;26;26;5;0;551;241;185;58;35;22;10;2
2024;2025;2901;12071;1029;896;133;110;15;8;0;836;4;545;287;0;193;133;24;35;3;526;32;41;31;21;18;24;27;31;47;34;24;41;42;40;28;15;21;8;3;503;36;36;17;26;16;12;18;38;28;32;28;45;51;37;28;25;16;8;6;61;287;152;350;176;3;957;33;16;7;12;4;437;139;164;37;64;24;9;2
2024;2025;2903;12801;1642;1377;265;185;36;44;0;1304;15;899;390;0;338;216;47;70;5;830;43;60;49;64;31;23;42;49;71;69;63;48;62;38;44;37;14;20;3;812;46;36;51;49;26;22;46;59;74;58;56;60;62;48;40;34;26;14;5;105;384;217;663;263;10;1527;57;24;13;16;5;691;183;278;90;92;38;10;1
2024;2025;2904;12519;2660;2139;521;404;81;36;0;2015;26;1248;740;3;645;407;139;97;3;1343;77;95;69;67;61;75;68;85;116;84;78;86;103;90;57;68;38;15;11;1317;62;83;60;54;51;52;82;105;98;75;83;95;110;84;82;62;44;19;16;181;738;438;938;365;0;2466;99;50;28;15;3;1192;406;419;137;183;35;12;1
2024;2025;2914;11486;438;388;50;37;9;4;0;361;4;255;102;0;77;52;14;11;0;218;7;20;5;8;11;11;11;15;12;9;15;15;19;21;7;17;9;5;3;220;9;16;14;9;6;6;8;17;14;16;13;21;15;16;19;7;9;4;3;35;67;93;176;67;0;402;22;12;3;3;0;188;47;83;23;27;6;3;1
2024;2025;2915;12184;1056;867;189;151;20;18;0;818;5;529;284;0;238;186;19;33;0;515;27;32;29;19;17;20;15;31;41;32;33;39;64;36;32;26;12;8;3;541;26;31;29;25;16;21;21;43;41;31;29;51;47;38;43;19;14;11;5;44;228;161;446;177;0;1007;16;15;11;6;3;449;114;190;62;60;15;8;1
2024;2025;2917;12800;760;676;84;59;11;14;0;636;9;439;188;0;124;82;16;24;3;365;16;23;33;23;15;8;16;15;26;28;27;31;37;22;18;12;7;5;3;395;16;18;26;30;16;5;17;22;34;24;31;30;35;31;24;15;11;4;6;30;136;95;355;141;3;725;22;4;3;5;3;319;99;106;42;50;19;3;1
2024;2025;2919;10586;1479;1222;257;209;18;30;0;1085;19;733;333;0;394;247;57;79;11;732;39;54;39;41;43;32;34;58;43;56;48;57;68;44;22;28;17;6;3;747;43;51;53;34;39;31;40;50;52;58;52;52;49;36;33;31;22;12;9;53;342;199;653;232;0;1411;31;14;5;18;0;549;108;189;85;122;36;9;1
2024;2025;2920;14948;5881;4231;1650;1244;286;120;0;3976;107;2694;1175;0;1905;1311;341;230;23;2954;136;152;186;157;133;129;173;202;218;192;209;239;238;176;139;110;86;53;26;2927;141;143;169;144;113;119;170;198;223;201;162;234;214;195;132;140;102;81;46;329;1268;723;2571;980;10;5513;157;85;69;41;16;2630;922;901;359;298;112;38;1
2024;2025;2931;11688;342;248;94;69;18;7;0;236;3;137;96;0;106;80;17;9;0;177;4;9;4;5;8;16;15;10;13;19;14;15;16;12;7;0;8;3;3;165;9;7;4;6;11;14;11;13;7;11;15;18;10;6;7;6;8;3;0;41;93;47;105;56;0;299;28;8;3;3;3;167;62;66;20;10;6;3;2
2024;2025;2932;15604;5269;3950;1319;877;321;121;0;3628;35;2368;1222;3;1641;891;490;246;14;2674;130;153;149;137;140;159;188;180;208;187;175;176;201;148;108;101;85;36;13;2595;125;128;132;94;115;131;184;199;194;159;168;164;189;177;133;119;95;52;37;352;1265;872;2012;768;0;4889;177;114;50;38;3;2314;770;837;269;313;80;45;2
2024;2025;2933;11474;885;797;88;76;9;3;0;756;16;126;614;0;129;94;15;19;3;441;18;27;23;21;21;21;14;22;27;27;36;41;39;40;15;22;18;8;3;444;16;16;22;17;20;10;12;28;30;37;27;45;37;39;25;25;18;13;7;38;149;110;422;166;0;844;3;36;3;3;0;386;115;145;51;58;14;3;1
2024;2025;2936;12395;905;787;118;97;19;3;0;725;21;533;171;0;180;125;33;18;4;452;15;30;25;29;33;14;20;26;30;34;42;37;25;28;21;24;13;4;3;453;15;22;24;28;27;12;29;22;39;36;29;39;30;26;25;25;10;9;6;39;180;104;377;205;0;859;24;10;4;8;0;364;101;128;48;63;20;4;1
2024;2025;2937;12525;11834;6411;5423;2838;1906;675;4;6093;87;3815;2185;6;5741;2361;2255;1038;87;6011;255;267;292;270;364;483;470;481;484;418;362;421;384;303;242;206;169;86;54;5823;287;279;281;243;319;413;377;424;412;371;354;376;371;344;254;230;251;133;104;1242;2872;1523;4485;1709;3;10490;389;498;336;109;12;5658;2497;1657;620;597;205;82;2
2024;2025;2938;12846;815;704;111;91;12;8;0;654;23;119;512;0;161;111;21;27;3;408;23;14;19;23;16;9;19;24;23;32;30;52;29;28;19;24;17;3;4;407;13;23;19;24;17;10;16;26;31;31;35;30;34;26;25;18;18;7;4;39;187;89;355;145;0;770;3;28;8;7;0;357;108;136;43;48;19;3;1
2024;2025;2939;14949;38964;26818;12146;6677;2924;2529;16;24808;15796;382;8621;9;14156;6771;3358;3563;464;19068;876;866;895;941;1052;1454;1442;1497;1371;1200;1175;1310;1274;1072;868;744;544;318;169;19896;853;856;834;865;1003;1369;1355;1373;1258;1232;1207;1408;1399;1141;1084;944;798;549;368;2165;7833;4479;16530;7847;110;36524;556;932;582;311;59;18606;7923;5843;2072;1913;623;232;2
2024;2025;2951;11873;485;422;63;51;6;4;3;413;19;288;106;0;72;52;8;12;0;257;20;11;9;19;15;13;14;13;12;10;18;18;20;23;19;14;3;5;3;228;9;5;8;10;7;12;17;11;10;10;16;25;18;22;17;10;14;6;3;14;92;44;180;155;0;466;7;4;3;5;0;221;81;80;26;20;9;5;1
2024;2025;2952;13045;1845;1475;370;291;54;25;0;1370;129;739;500;3;475;333;63;68;11;936;44;53;52;38;41;33;40;66;67;61;56;89;77;61;45;54;29;21;9;909;45;60;58;41;21;42;51;49;63;49;42;69;75;61;48;44;45;30;16;139;451;220;679;355;3;1696;53;60;22;13;3;799;271;279;104;79;42;24;1
2024;2025;2953;12989;888;771;117;95;12;10;0;715;16;430;269;0;173;125;16;31;3;447;25;36;23;20;8;26;15;27;32;40;27;31;36;32;24;28;8;6;3;441;22;17;23;14;16;16;21;32;32;35;24;37;38;34;32;23;13;9;3;51;168;131;377;161;0;835;30;12;7;3;3;402;126;163;45;51;14;3;1
2024;2025;2961;11479;336;242;94;70;13;11;0;206;9;104;93;0;130;99;15;15;3;188;8;4;10;9;9;3;16;9;8;19;9;19;17;21;9;8;6;4;0;148;4;3;6;3;4;4;12;7;9;9;14;14;21;15;12;6;5;3;3;17;91;54;117;54;3;317;10;7;0;3;3;152;43;66;31;8;4;0;1
2024;2025;2962;12233;493;393;100;93;5;3;0;347;6;156;185;0;146;121;12;13;0;251;8;9;12;10;16;6;9;12;16;18;16;31;25;26;13;8;7;8;3;242;7;7;10;12;7;8;9;15;12;14;22;36;25;19;10;10;11;4;4;13;151;65;204;60;0;480;3;6;5;0;0;221;61;96;28;29;4;3;1
2024;2025;2963;13170;1655;1097;558;488;58;12;0;1016;54;529;433;0;639;500;73;54;12;844;50;44;52;33;42;42;49;70;50;49;66;65;80;53;40;30;15;7;7;811;38;34;46;30;32;32;47;80;40;58;49;73;78;54;30;36;22;19;13;112;413;227;580;322;3;1529;51;35;26;13;3;719;223;268;102;85;27;14;1
2024;2025;2964;10592;3770;2848;922;714;129;79;0;2458;75;872;1511;0;1312;908;212;162;30;1838;76;67;80;93;72;100;101;105;138;102;102;148;151;142;131;112;64;40;14;1932;67;70;86;80;70;77;97;114;122;102;124;164;190;144;126;109;114;53;23;395;844;489;1540;497;5;3360;93;231;58;23;5;1869;745;688;220;159;44;13;1
2024;2025;2971;12020;2423;1933;490;320;136;34;0;1847;43;1066;738;0;576;345;140;84;7;1218;67;72;58;61;64;48;60;87;78;93;75;85;102;71;78;58;37;18;6;1205;48;67;68;69;47;44;48;84;82;93;79;78;79;81;77;62;38;39;22;135;579;338;866;503;3;2268;68;39;27;21;0;1065;362;381;128;125;48;21;1
2024;2025;2972;12471;456;406;50;37;3;11;0;385;15;249;121;0;71;44;13;14;0;235;10;13;13;13;13;10;13;20;12;14;16;17;19;19;13;7;5;4;4;221;13;7;10;10;8;14;17;9;14;17;19;17;20;16;6;11;3;7;5;31;85;36;184;120;0;423;12;10;3;3;5;190;51;75;26;26;9;3;1
2024;2025;2973;10882;619;460;159;148;4;3;4;414;6;202;206;0;205;166;13;24;3;316;6;12;19;18;17;14;10;14;13;26;23;35;29;34;19;11;9;5;3;303;10;9;21;15;12;7;7;10;23;22;22;34;42;19;23;10;6;6;5;24;142;86;270;97;0;594;5;10;9;3;0;281;93;113;31;25;16;3;1
2024;2025;2974;14515;1738;1445;293;228;45;20;0;1376;50;794;532;0;362;246;58;53;5;863;39;48;38;42;38;39;40;54;53;50;58;69;79;62;66;49;21;13;5;875;41;31;55;41;41;32;36;50;55;59;46;69;84;62;58;46;29;28;12;80;343;206;744;365;0;1643;36;27;13;18;3;752;223;314;82;78;32;23;2
2024;2025;3001;12304;15943;11869;4074;2202;1086;782;4;11607;4946;498;6160;3;4336;2048;1363;904;21;8046;375;424;404;385;426;498;609;581;594;526;563;597;555;440;384;316;220;109;40;7897;344;421;391;379;360;459;518;532;552;513;483;558;545;505;432;339;279;177;110;818;2880;1872;6672;3699;3;15005;140;488;171;124;15;7370;2964;2345;835;789;313;124;1
2024;2025;3002;12175;965;880;85;53;18;14;0;868;23;505;340;0;97;50;24;23;0;504;25;36;36;44;19;32;31;26;38;32;35;32;39;30;12;19;11;6;3;461;26;25;39;33;23;15;26;33;45;24;35;39;27;16;20;21;9;0;5;64;143;89;331;338;0;889;23;27;9;12;5;363;102;112;45;54;29;21;1
2024;2025;3003;12972;557;530;27;24;3;3;0;509;6;287;216;0;48;30;6;12;0;291;18;26;12;18;9;13;17;29;20;15;16;17;20;20;18;10;7;4;3;266;18;16;14;13;11;12;13;21;24;14;20;17;17;14;16;11;10;4;3;20;117;86;219;115;0;533;5;12;3;4;0;233;80;79;26;25;12;11;1
2024;2025;3004;12957;1556;1437;119;84;23;12;0;1415;46;744;624;3;141;102;18;20;3;801;50;70;49;44;42;44;48;49;61;43;49;52;46;56;42;26;19;7;4;755;39;55;62;35;30;34;43;52;63;53;29;58;49;49;34;26;25;11;8;63;266;171;608;446;3;1482;21;33;8;11;3;609;176;209;60;87;54;23;1
2024;2025;3005;10583;1497;1382;115;79;12;24;0;1335;30;535;770;0;162;112;16;30;4;753;35;51;60;27;38;46;36;43;49;52;48;66;55;37;41;36;20;8;5;744;44;49;49;31;34;40;43;43;64;42;40;54;44;53;32;38;15;17;12;64;293;162;588;389;3;1417;24;35;3;17;3;612;188;211;76;85;41;11;1
2024;2025;3006;10946;2373;2093;280;178;68;34;0;2019;61;1119;836;3;354;193;104;54;3;1213;62;81;87;56;61;83;76;78;63;91;59;63;106;80;64;45;41;15;3;1160;63;73;56;62;56;68;66;68;86;66;61;96;75;75;56;60;34;21;18;118;394;250;870;741;0;2228;29;69;14;29;4;987;324;344;103;104;81;31;1
2024;2025;3007;10461;1867;1643;224;151;54;19;0;1605;18;823;762;3;262;168;49;40;5;935;50;52;51;53;54;54;53;52;58;56;70;60;60;49;67;47;35;8;6;932;42;50;53;50;44;49;42;50;67;59;58;73;54;72;52;40;32;28;17;74;363;259;769;402;0;1778;31;21;20;17;0;790;257;284;73;114;42;20;1
2024;2025;3021;11451;1934;1446;488;300;158;30;0;1450;24;446;980;0;484;279;142;63;0;980;38;55;59;74;62;54;62;61;66;59;77;83;74;43;42;27;26;14;4;954;48;48;39;53;58;64;65;54;68;55;87;68;54;41;42;43;37;22;8;101;448;239;743;402;3;1822;45;43;13;11;0;820;288;257;95;106;55;19;1
2024;2025;3022;12077;3134;2717;417;309;54;54;0;2604;254;583;1767;0;530;365;74;90;3;1567;83;92;92;87;70;84;94;110;98;89;77;112;137;114;80;74;40;23;11;1567;77;87;77;58;57;67;86;108;105;88;101;135;139;104;95;64;52;35;32;149;563;375;1363;684;0;2957;52;77;16;31;3;1364;454;484;171;157;69;29;1
2024;2025;3023;10157;4502;3926;576;374;95;107;0;3671;46;846;2779;0;831;508;144;172;7;2198;106;147;146;115;102;100;115;134;150;138;146;174;173;135;111;92;57;39;18;2304;112;152;141;117;106;74;121;144;171;154;164;174;174;124;113;106;75;44;38;255;854;632;1942;814;5;4224;57;163;26;29;3;1911;626;652;189;310;100;34;2
2024;2025;3024;10561;6522;5660;862;588;126;147;3;5333;380;904;4047;3;1189;745;178;260;6;3198;157;185;139;132;153;188;226;206;209;213;207;236;254;199;159;155;108;52;20;3324;141;147;172;154;134;176;216;217;243;182;225;280;250;177;169;170;119;83;69;387;1369;830;2776;1160;0;6093;65;271;38;51;4;2932;1043;1031;338;360;116;44;2
2024;2025;3025;10895;1877;1608;269;173;30;66;0;1483;107;348;1028;0;394;223;53;116;3;938;44;56;60;65;28;41;45;45;80;75;65;55;72;76;47;35;31;11;7;939;38;48;68;53;31;28;38;58;78;68;55;64;85;71;42;37;36;29;12;117;460;270;754;276;0;1747;48;50;12;15;5;795;285;251;97;102;46;14;2
2024;2025;3031;11956;986;831;155;110;19;26;0;783;21;298;463;3;203;133;27;41;3;496;25;26;28;25;15;19;25;39;34;27;25;46;46;32;25;30;18;7;4;490;20;36;18;19;26;23;22;36;32;27;30;35;41;34;31;27;14;11;8;75;175;130;435;171;0;909;26;36;9;5;3;404;105;169;53;39;32;6;1
2024;2025;3032;12253;4383;3385;998;657;206;135;0;3222;1093;219;1909;3;1161;668;276;190;27;2178;126;121;128;102;97;98;128;143;148;129;161;142;169;142;115;105;68;28;28;2205;91;128;117;91;94;98;108;162;141;135;146;156;176;150;110;109;97;58;38;271;890;575;1838;809;0;4072;86;126;49;45;5;1970;730;652;223;256;89;20;1
2024;2025;3033;12705;1321;1054;267;237;12;18;0;984;10;221;753;0;337;262;31;40;4;684;31;36;38;25;29;27;38;41;51;44;37;54;77;63;50;23;12;6;3;637;30;25;34;27;15;23;29;49;45;32;45;77;70;51;45;26;5;5;4;78;324;172;571;176;0;1231;13;48;16;12;3;600;201;232;71;57;29;10;1
2024;2025;3034;13169;1714;1482;232;183;29;19;3;1404;39;479;886;0;310;230;39;41;0;877;41;47;48;49;43;51;58;41;61;55;54;75;72;59;46;33;22;11;11;837;31;37;49;36;38;34;39;51;52;48;55;95;77;59;51;34;28;11;12;92;379;204;691;348;0;1612;23;52;14;12;3;740;252;262;71;112;28;15;1
2024;2025;3035;12915;703;556;147;137;6;4;0;535;20;174;341;0;168;140;11;15;3;375;15;9;12;20;20;12;17;28;21;21;23;37;43;32;22;24;9;3;7;328;13;12;12;15;12;12;19;15;19;20;24;34;34;28;19;17;9;6;8;50;174;99;302;78;0;649;19;21;10;4;0;329;109;138;37;32;10;3;1
2024;2025;3036;10458;929;796;133;78;21;34;0;762;27;265;470;0;167;102;27;38;0;473;19;18;28;46;35;18;22;27;29;44;26;27;41;28;23;20;18;3;3;456;16;35;27;18;23;22;26;22;28;40;38;26;32;33;26;18;14;9;3;65;206;146;335;177;0;862;37;20;4;4;3;375;104;151;46;38;24;12;1
2024;2025;3037;10470;2054;1549;505;418;46;41;0;1456;42;436;977;3;598;443;73;81;3;1066;40;51;41;44;40;58;62;76;83;61;84;84;115;84;55;40;25;14;9;988;50;58;37;26;36;46;58;67;68;58;77;96;96;61;61;35;22;24;12;155;460;237;823;369;10;1885;40;84;21;19;5;964;396;331;99;83;39;16;2
2024;2025;3038;10358;1888;1567;321;259;38;24;0;1469;38;500;931;0;419;306;53;54;6;984;44;51;66;58;36;49;53;65;60;60;72;88;85;67;56;36;20;13;5;904;39;39;44;37;42;44;58;55;68;52;71;79;93;54;58;33;19;14;5;140;423;260;757;308;0;1735;34;83;19;17;0;850;270;344;96;88;37;15;1
2024;2025;3101;14097;6096;4781;1315;636;399;279;3;4669;2209;7;2452;3;1427;684;447;295;3;3110;117;147;150;151;148;237;228;217;213;172;182;225;253;200;169;130;96;60;15;2986;126;148;132;126;142;190;199;190;189;154;198;234;264;193;157;134;107;68;35;406;1401;651;2148;1487;3;5659;122;195;67;42;11;2721;994;987;282;290;122;46;2
2024;2025;3102;14098;1474;1403;71;54;10;7;0;1379;3;708;668;0;95;62;16;17;0;761;53;53;40;48;27;47;62;35;44;35;47;48;47;50;36;35;25;17;12;713;46;37;45;35;34;38;42;37;40;41;42;51;54;25;36;30;32;28;20;80;208;102;442;642;0;1382;29;38;12;13;0;562;178;178;62;69;48;27;1
2024;2025;3104;14100;1119;1067;52;51;3;0;0;1039;0;417;622;0;80;68;4;8;0;599;26;45;35;39;18;28;29;56;52;34;33;36;59;44;23;16;11;12;3;520;39;34;31;28;16;28;34;40;45;28;24;44;40;36;23;10;10;8;3;40;181;135;334;429;0;1063;13;23;4;16;0;451;139;157;40;54;42;19;1
2024;2025;3111;14102;1936;1765;171;159;4;8;0;1705;138;30;1537;0;231;190;18;23;0;976;51;44;51;40;46;49;62;65;55;58;66;75;85;71;51;43;38;19;7;960;33;43;49;49;45;42;58;58;56;59;56;79;93;67;56;47;34;19;17;83;295;220;743;595;0;1835;0;75;7;19;0;870;293;330;89;113;34;11;1
2024;2025;3112;16620;6108;5600;508;361;75;72;0;5477;0;2636;2840;3;631;420;102;109;0;3142;158;186;170;171;205;181;204;190;189;180;236;241;223;183;146;141;76;39;23;2966;139;168;183;146;196;160;182;169;199;172;231;217;200;160;141;118;70;73;42;276;1152;670;2043;1967;0;5792;119;133;21;43;0;2408;648;843;289;358;210;60;1
2024;2025;3201;14378;1426;1261;165;128;22;15;0;1244;44;839;361;0;182;128;26;27;3;740;58;59;56;45;44;32;52;41;59;40;54;51;44;35;21;18;17;9;5;686;33;44;51;36;29;32;45;56;51;43;53;52;48;35;24;19;17;11;7;73;284;211;501;357;0;1343;30;32;8;11;3;540;127;189;67;102;36;19;2
2024;2025;3202;14379;1265;1143;122;84;27;11;0;1123;35;649;439;0;142;84;30;28;0;645;38;35;32;41;48;49;39;44;40;36;43;52;41;33;35;18;8;8;5;620;35;46;33;41;32;39;35;45;50;36;47;43;51;29;21;16;10;9;3;73;242;135;485;330;0;1187;28;40;4;6;0;503;132;177;67;78;36;13;1
2024;2025;3203;14380;78863;51906;26957;15016;6942;4926;73;49013;27673;7306;14016;18;29850;13670;8383;7138;659;39295;1795;1903;1824;1992;2851;3545;3722;3331;2873;2495;2304;2391;2277;1695;1391;1189;934;519;264;39568;1807;1692;1677;1719;2624;3418;3347;2986;2649;2473;2320;2453;2353;1979;1706;1542;1327;874;622;5539;17153;8504;31304;16333;30;72702;1571;1625;2183;672;110;39096;18307;11363;4076;3628;1258;464;2
2024;2025;3204;14381;10142;7143;2999;1537;1065;392;5;6767;78;4976;1712;3;3375;1402;1170;618;185;4949;228;274;283;266;309;303;317;313;365;306;317;325;358;252;219;209;178;82;45;5193;228;279;270;250;287;295;294;330;341;311;338;393;320;281;278;283;219;117;79;604;2112;1194;4644;1583;5;9472;366;112;101;73;18;4396;1507;1456;544;613;207;69;2
2024;2025;3211;14382;1033;901;132;105;16;11;0;849;3;566;281;0;184;112;30;37;5;519;34;37;25;30;33;16;24;42;37;22;39;43;33;41;19;20;8;15;3;514;30;34;25;25;26;19;26;45;42;30;29;36;46;36;24;19;13;6;3;69;296;113;397;158;0;957;33;21;13;9;0;401;82;157;57;69;30;6;1
2024;2025;3212;14383;2434;2161;273;176;20;76;3;2059;51;1142;866;0;375;218;36;118;3;1239;49;78;86;121;63;42;54;68;76;86;72;94;89;60;62;67;45;24;3;1195;63;64;68;57;58;28;61;76;82;71;85;91;75;81;74;59;59;26;17;115;463;235;1133;468;20;2298;73;40;3;20;0;988;275;380;107;156;53;17;1
2024;2025;3213;14384;9783;7051;2732;1695;799;238;0;6941;115;4876;1949;3;2842;1466;917;405;54;4793;219;244;237;222;250;273;329;338;323;345;314;350;337;297;230;215;159;74;37;4990;212;237;253;237;251;274;319;333;350;308;307;376;369;291;256;243;175;121;78;548;2089;1249;4262;1633;3;9161;331;136;72;80;3;4466;1615;1538;570;534;166;43;2
2024;2025;3214;14385;3671;3303;368;261;48;59;0;3116;89;2232;795;0;555;342;74;126;13;1846;78;96;101;114;98;102;84;112;106;108;117;152;161;121;107;71;68;33;17;1825;68;91;114;90;91;75;90;106;102;123;146;163;131;118;93;77;86;31;30;168;692;352;1751;708;0;3484;116;32;11;27;3;1506;412;563;205;233;72;21;1
2024;2025;3215;14386;10274;4864;5410;3166;1682;560;3;5112;700;2859;1552;3;5162;2543;1829;749;41;5304;268;231;221;233;353;447;464;476;382;418;343;372;306;229;214;154;111;54;28;4970;212;209;216;265;311;388;380;336;325;334;292;320;315;258;227;224;187;96;75;1124;2800;1404;3528;1415;3;9069;457;240;386;100;22;5103;2430;1456;518;452;171;76;2
2024;2025;3216;14387;7716;5310;2406;1508;640;258;0;5164;57;3545;1557;5;2552;1400;731;354;67;3902;188;208;173;195;165;225;265;275;267;246;243;292;310;264;186;184;123;63;30;3814;184;177;164;155;141;219;238;273;252;237;254;309;320;231;231;190;119;78;42;566;1877;1126;3103;1041;3;7078;337;112;106;75;8;3446;1138;1265;456;420;124;43;1
2024;2025;3217;14388;3581;2685;896;558;222;113;3;2609;51;1614;944;0;972;542;246;153;31;1792;88;84;88;92;82;113;100;124;112;146;112;138;157;95;82;77;51;36;15;1789;87;97;85;69;78;96;88;119;125;128;108;170;120;90;103;81;77;40;28;207;706;440;1625;599;4;3349;107;68;22;27;8;1615;572;578;176;204;75;10;1
2024;2025;3218;14389;1602;1394;208;166;28;14;0;1351;14;963;374;0;251;151;53;41;6;787;47;45;58;40;38;40;53;63;61;54;48;55;42;44;38;21;24;13;3;815;43;47;55;37;32;55;45;65;67;57;45;57;50;48;31;35;30;10;6;81;390;245;621;265;0;1507;45;25;8;17;0;664;193;239;76;111;36;9;1
2024;2025;3219;14390;1035;930;105;80;16;9;0;907;30;636;241;0;128;92;14;21;3;516;22;27;34;35;26;30;23;30;26;39;39;55;46;29;23;16;9;7;0;519;18;26;41;32;24;20;31;25;30;38;51;47;49;25;26;14;12;9;3;60;144;167;458;206;0;971;42;15;0;6;3;413;87;173;68;49;28;8;2
2024;2025;3231;14391;8628;5324;3304;2034;894;373;3;5120;141;3487;1488;4;3508;1961;952;489;106;4359;243;222;215;196;244;297;357;389;348;296;264;292;292;202;161;141;111;68;21;4269;235;212;209;198;232;270;317;338;299;265;246;308;274;210;189;165;151;100;51;692;2180;1223;3183;1349;3;7853;434;64;172;88;17;3868;1408;1271;488;479;141;81;2
2024;2025;3232;14392;5210;3924;1286;879;297;110;0;3778;171;2479;1128;0;1432;828;351;211;42;2651;128;152;122;134;116;181;206;230;214;159;168;225;181;147;92;80;72;32;12;2559;129;138;122;117;119;177;184;186;187;148;157;202;187;146;104;100;76;55;25;301;1259;627;2022;1001;0;4863;205;35;57;49;3;2295;774;812;265;295;115;34;1
2024;2025;3233;14393;4008;3192;816;611;142;62;3;2992;151;1835;1006;0;1016;672;183;143;18;2011;82;107;114;104;106;91;127;140;157;125;143;176;146;125;107;80;44;26;11;1997;93;107;112;105;84;97;96;144;140;110;143;184;127;137;109;83;58;44;24;223;803;516;1724;739;3;3756;139;32;39;34;8;1740;585;607;216;224;83;25;2
2024;2025;3234;14394;6939;5088;1851;1237;490;123;3;4950;417;3363;1169;3;1989;1222;442;203;122;3546;202;180;184;192;199;203;242;252;263;265;262;258;245;175;159;121;96;37;11;3393;164;176;186;177;177;201;222;250;237;234;239;261;203;183;172;132;103;49;27;325;1350;738;2687;1838;3;6544;188;43;87;71;6;2860;845;980;383;445;146;61;1
2024;2025;3235;14395;3514;2259;1255;757;371;126;3;2171;18;1363;789;3;1343;710;361;196;76;1774;83;93;77;61;118;126;131;143;132;110;105;118;131;117;78;62;52;25;12;1740;88;72;65;78;98;98;118;127;108;99;109;129;131;112;87;81;72;45;23;247;844;498;1409;516;0;3239;140;44;53;32;6;1615;619;542;179;177;67;31;1
2024;2025;3236;14396;6718;3195;3523;1804;1471;245;3;3453;83;2282;1085;3;3265;1557;1220;302;186;3530;206;181;155;183;196;275;289;317;288;228;224;233;212;172;136;95;83;35;22;3188;170;177;185;132;160;239;243;247;232;191;187;204;223;167;125;96;100;65;45;546;1675;773;2479;1240;5;6105;263;92;178;73;7;2847;1032;875;358;354;146;82;2
2024;2025;3237;14397;7137;5372;1765;1243;435;84;3;5183;529;2838;1816;0;1954;1197;491;208;58;3647;170;179;159;175;184;218;274;255;253;234;234;319;285;242;172;130;86;56;22;3490;157;188;154;154;162;191;233;238;240;202;261;281;261;216;178;157;94;68;55;475;1707;844;2924;1184;3;6597;260;134;69;71;6;3156;1031;1176;370;398;140;41;2
2024;2025;3238;14398;10409;7330;3079;1928;921;229;3;7062;441;4853;1767;3;3347;1893;897;407;150;5301;241;267;279;301;310;353;434;404;370;345;382;385;382;259;210;158;144;54;23;5108;251;267;269;249;257;317;388;383;339;341;368;395;343;266;186;177;160;102;50;619;2270;1238;4086;2193;3;9701;376;78;152;97;5;4450;1453;1489;641;606;189;72;1
2024;2025;3251;14399;12581;8568;4013;2533;1288;192;0;8710;3018;3296;2394;3;3871;2356;907;379;229;6381;318;346;299;295;364;443;470;498;472;432;416;455;447;336;271;251;169;72;27;6200;297;319;310;307;359;375;440;415;407;403;403;419;441;327;287;292;198;117;84;871;2521;1328;4740;3119;3;11598;444;143;265;117;14;5669;2162;1861;626;630;266;124;1
2024;2025;3252;14400;1617;1329;288;253;20;14;3;1270;38;836;395;3;347;273;25;46;3;828;31;57;47;37;44;46;53;66;60;64;50;78;65;47;31;24;18;7;3;789;40;46;51;46;36;32;47;60;66;46;66;65;63;41;30;22;15;14;3;113;330;220;643;311;0;1490;74;13;22;14;4;656;183;226;86;114;37;10;1
2024;2025;3253;14401;2169;1711;458;352;82;24;0;1672;57;1101;513;3;497;350;80;61;6;1086;66;48;62;57;64;59;69;68;85;75;75;85;75;61;58;36;23;12;8;1083;43;51;52;68;63;61;67;72;85;68;81;86;80;63;48;44;26;17;8;170;373;258;955;411;3;1984;113;26;28;16;3;919;273;330;121;137;47;11;1
2024;2025;3254;14402;9373;7529;1844;1125;514;205;0;7400;874;5096;1430;0;1973;1224;375;289;85;4832;230;235;256;279;289;339;335;317;361;330;339;352;359;272;194;161;118;55;11;4541;239;256;262;245;232;236;302;325;307;313;328;361;298;231;178;176;124;85;43;444;1421;870;3385;3251;3;8848;258;53;123;85;6;3820;1134;1317;496;556;215;102;2
2024;2025;3255;14403;5077;3294;1783;1076;601;106;0;3248;91;2227;930;0;1829;1035;575;214;5;2595;143;125;114;134;161;165;221;181;174;155;188;193;188;143;101;102;52;37;18;2482;110;117;105;110;166;168;186;182;163;148;171;192;173;126;108;108;75;45;29;379;1281;534;1981;902;0;4653;225;46;96;50;7;2267;798;781;277;287;90;34;1
2024;2025;3256;14404;2633;1887;746;567;143;36;0;1802;131;1271;400;0;831;576;139;95;21;1362;76;73;89;55;73;91;93;94;110;95;80;117;110;66;50;42;26;15;7;1271;55;79;76;59;65;73;87;98;116;72;84;88;98;70;51;53;25;16;6;219;510;352;920;632;0;2389;124;32;61;27;0;1124;337;420;137;149;62;19;2
2024;2025;3271;14405;14038;7722;6316;3895;1680;738;3;7694;244;5645;1799;6;6344;3276;1819;1103;146;7156;391;402;362;318;366;535;664;689;589;509;426;446;410;297;254;237;152;79;30;6882;379;412;361;321;347;439;545;546;516;432;394;449;413;375;312;253;202;134;52;903;3337;1732;5260;2805;3;13025;371;101;403;119;19;6137;2285;1876;734;782;298;162;2
2024;2025;3272;14406;3728;2775;953;721;156;76;0;2708;214;1907;585;3;1020;704;159;133;24;1909;101;136;94;97;101;113;115;158;140;122;119;140;126;124;88;72;37;20;6;1819;102;108;107;86;86;90;121;142;120;108;110;143;146;95;99;68;35;34;19;188;829;473;1325;913;0;3505;113;23;51;36;0;1514;427;532;194;233;84;44;1
2024;2025;3273;14407;7488;5757;1731;1275;279;171;6;5532;3400;900;1232;0;1956;1207;420;310;19;3748;181;209;233;213;192;229;244;255;273;236;243;290;234;216;171;155;94;54;26;3740;211;216;174;195;174;189;213;251;251;219;258;280;277;235;191;174;113;74;45;426;1420;804;3077;1761;0;7007;219;56;138;62;6;3180;1058;1052;397;427;180;66;2
2024;2025;3274;14408;6332;3989;2343;1792;410;141;0;3833;189;2755;886;3;2499;1671;486;266;76;3342;173;130;155;149;174;232;282;301;256;229;232;273;233;187;146;112;53;14;11;2990;162;130;131;131;135;184;252;232;198;224;205;227;230;187;132;101;62;48;19;448;1574;773;2235;1301;3;5830;239;47;150;60;6;2827;965;1021;330;328;135;48;2
2024;2025;3275;14409;5411;3187;2224;1336;667;221;0;3251;124;2277;848;3;2160;1194;644;291;31;2782;131;166;162;144;148;192;199;225;231;203;215;204;153;125;107;94;47;28;8;2629;136;158;126;141;129;157;200;209;198;187;174;155;159;145;121;108;67;41;18;401;1204;687;2044;1075;0;4975;195;67;127;45;3;2339;837;727;281;335;102;57;1
2024;2025;3276;14410;5595;3703;1892;1239;477;175;3;3698;181;2441;1076;0;1897;1132;456;256;53;2855;115;186;180;140;176;156;189;188;238;206;204;205;175;154;120;104;81;30;8;2740;112;157;170;140;153;152;143;203;207;200;176;170;189;187;123;108;68;57;25;396;1094;603;2130;1372;0;5153;175;99;118;47;3;2396;811;799;300;300;121;65;2
2024;2025;3291;14411;6872;4782;2090;1513;355;221;3;4597;160;1641;2796;0;2275;1364;479;355;77;3479;168;181;183;144;134;213;277;307;271;224;227;260;228;188;138;140;108;64;24;3393;169;156;138;136;156;185;252;248;271;219;206;252;252;171;170;151;144;83;34;416;1694;883;2599;1280;0;6406;108;186;115;56;3;3267;1335;1062;341;370;126;33;2
2024;2025;3292;14412;5400;4120;1280;644;552;83;3;4141;303;2657;1181;0;1259;624;410;148;77;2726;121;175;138;116;129;207;201;207;209;168;178;173;194;161;113;124;66;33;13;2674;145;163;131;125;147;168;176;189;180;151;157;202;192;168;114;102;89;46;29;314;1107;489;1746;1744;0;5038;143;84;80;50;5;2341;842;758;258;303;126;54;1
2024;2025;3293;14413;9581;7649;1932;1063;637;228;4;7607;578;4730;2298;3;1974;945;674;341;14;4807;268;261;265;267;263;315;369;372;321;295;303;364;311;255;201;172;120;64;21;4774;280;248;264;242;244;293;315;360;323;302;300;313;337;271;193;214;143;84;48;430;2007;806;3491;2841;6;9048;233;113;73;105;9;4036;1289;1351;532;563;223;78;1
2024;2025;3294;14414;1624;1363;261;182;35;44;0;1304;127;482;695;0;320;209;54;56;3;853;42;42;39;59;42;49;47;63;38;46;56;62;75;65;45;45;21;10;7;771;37;47;36;38;27;33;45;43;56;40;49;66;72;47;44;41;28;16;6;109;299;170;551;495;0;1500;32;35;39;17;3;708;251;248;74;81;39;15;1
2024;2025;3295;14415;3105;2460;645;434;151;60;0;2360;192;1356;812;0;745;447;138;135;25;1548;70;73;68;74;65;84;104;110;110;100;118;119;128;106;73;68;50;22;6;1557;48;58;76;78;63;93;89;94;122;95;116;136;130;93;62;89;47;41;27;230;575;385;1120;795;0;2857;76;92;59;18;3;1414;534;504;146;139;75;16;2
2024;2025;3296;14416;6615;4504;2111;1087;712;310;3;4465;109;2554;1801;3;2150;941;729;425;55;3284;152;185;173;161;188;253;271;287;243;201;196;231;209;160;135;109;73;41;16;3331;130;200;195;153;187;231;263;238;226;212;199;220;196;192;131;131;119;64;44;549;1490;758;2586;1232;0;6020;243;159;134;55;4;2935;1070;973;331;366;139;56;2
2024;2025;3297;14417;5121;4216;905;593;215;97;0;4089;266;2259;1564;0;1032;617;235;154;26;2575;115;134;176;156;145;150;143;173;180;168;185;201;163;140;142;88;75;31;10;2546;117;154;126;139;143;132;129;192;152;171;182;186;164;156;139;112;72;60;20;329;966;588;2071;1154;13;4749;184;97;43;35;13;2125;650;761;250;312;114;38;1
2024;2025;3298;14418;5926;4757;1169;761;315;93;0;4577;2241;760;1576;0;1349;782;288;184;95;2946;147;144;193;168;151;142;201;189;212;180;201;234;179;166;160;134;89;42;14;2980;137;156;143;127;124;159;223;188;177;191;202;226;212;200;168;134;104;68;41;308;1065;595;2510;1445;3;5569;144;87;74;51;3;2650;964;896;293;333;117;47;2
2024;2025;3311;14419;1901;1683;218;137;33;48;0;1556;108;610;838;0;345;207;38;95;5;941;43;35;49;34;39;28;49;50;56;71;53;84;91;74;70;58;36;12;9;960;33;40;51;51;31;24;47;43;56;75;57;80;94;70;64;61;34;24;25;92;415;244;688;435;27;1778;25;56;20;18;4;880;323;344;83;86;38;6;1
2024;2025;3312;14420;3073;2628;445;275;105;65;0;2559;135;1260;1164;0;514;265;132;106;11;1583;94;101;105;121;74;71;82;111;116;101;107;127;106;86;63;65;25;20;8;1490;84;69;80;87;96;62;79;105;97;113;107;110;118;105;72;38;30;26;12;179;579;379;1210;726;0;2865;63;72;37;32;4;1212;335;422;139;190;90;36;1
2024;2025;3313;14421;5099;4039;1060;553;384;123;0;3998;243;2157;1598;0;1101;483;386;201;31;2614;129;163;140;167;141;145;164;187;213;165;175;204;171;166;92;97;60;23;12;2485;109;138;138;141;131;123;159;189;169;174;167;177;202;140;114;76;75;40;23;289;1067;601;2061;1081;0;4780;125;99;57;35;3;2160;710;709;260;320;122;39;1
2024;2025;3315;14423;4172;3523;649;425;141;82;3;3434;217;1636;1581;0;738;402;174;133;29;2066;119;140;124;108;94;98;125;159;145;138;134;149;149;126;116;71;45;18;8;2106;113;147;127;111;80;102;124;168;136;134;139;164;148;126;94;68;58;42;25;221;790;506;1557;1095;3;3915;66;116;32;40;3;1674;472;569;232;254;105;42;1
2024;2025;3316;14424;1898;1592;306;187;69;50;0;1483;41;516;926;0;415;229;91;90;5;909;35;47;37;47;53;50;84;49;48;56;65;67;73;56;43;39;33;20;7;989;44;47;39;46;52;62;57;54;59;53;73;78;72;63;48;53;42;30;17;123;471;288;721;295;0;1763;38;61;21;12;3;869;322;320;83;103;30;11;1
2024;2025;3338;14432;4150;3009;1141;740;260;140;3;2944;170;1418;1354;3;1206;628;330;229;19;2069;109;106;102;112;104;141;138;131;130;150;131;148;141;114;105;94;58;39;16;2081;101;110;97;109;91;135;133;117;154;123;150;146;136;122;100;113;82;41;21;193;1091;506;1588;772;0;3924;87;58;47;33;3;1810;583;654;234;228;82;29;1
2024;2025;3339;14433;7038;4800;2238;1247;745;244;3;4749;2195;622;1931;3;2289;1001;753;417;118;3487;149;233;191;189;221;234;231;246;262;246;230;229;194;187;168;124;89;42;22;3551;167;190;201;193;225;212;205;263;249;219;263;229;228;218;147;134;106;62;40;366;1649;881;2789;1314;39;6607;127;122;126;51;5;2834;844;976;364;413;158;79;2
2024;2025;3340;14925;28779;22968;5811;3448;1237;1105;21;21053;437;6448;14164;4;7726;3632;1790;2068;236;14116;671;729;674;715;763;871;1001;1037;1042;946;894;1050;949;745;610;601;446;253;119;14663;652;720;636;644;697;849;1024;1027;983;967;965;1057;984;808;765;705;608;372;200;1420;5262;2766;13611;5718;3;27164;267;813;296;225;14;13054;4695;4411;1695;1656;447;150;2
2024;2025;3341;15605;5718;4820;898;576;244;77;3;4679;246;2366;2067;0;1039;601;212;180;46;2905;167;151;149;145;156;165;174;187;182;170;198;243;247;198;159;81;88;34;11;2813;132;129;125;118;133;147;158;174;195;194;208;245;258;188;135;115;80;52;27;321;1298;676;2226;1197;0;5351;144;130;42;47;4;2487;789;913;299;346;114;26;1
2024;2025;3342;15606;10266;8425;1841;1110;516;214;3;8277;487;3697;4093;0;1989;1047;473;384;85;5216;277;300;278;289;280;300;343;357;349;346;360;366;388;308;227;198;140;74;36;5050;258;264;283;279;226;287;320;345;322;335;325;396;409;290;242;191;135;93;50;602;2122;1180;4068;2293;3;9578;201;301;83;98;5;4323;1305;1549;574;592;226;77;2
2024;2025;3352;14435;5323;4418;905;415;350;140;0;4371;140;2826;1404;3;952;427;292;182;51;2644;140;142;125;194;140;134;144;165;158;178;162;182;161;165;152;136;102;41;23;2679;142;155;111;122;114;134;144;160;161;162;188;163;203;189;154;151;111;77;38;406;992;492;2169;1240;24;4853;217;145;54;51;3;2311;816;808;258;272;113;44;1
2024;2025;3359;15381;2601;2212;389;328;41;20;0;2114;160;1381;572;3;487;364;58;61;4;1321;43;73;85;61;64;63;65;77;76;80;83;111;111;94;87;65;57;16;10;1280;51;60;75;74;45;43;64;68;70;79;82;99;105;98;80;85;54;26;22;138;390;239;1023;811;0;2458;37;47;46;9;4;1193;494;398;92;102;63;44;2
2024;2025;3360;15607;3890;3542;348;268;57;23;0;3442;257;2163;1022;0;448;301;60;81;6;1972;130;121;94;113;89;97;140;122;95;98;110;141;173;136;116;97;63;28;9;1918;115;82;105;88;74;104;103;117;107;96;111;147;161;135;121;78;90;52;32;210;774;372;1420;1109;5;3640;125;59;29;37;0;1724;644;622;141;174;93;50;1
2024;2025;3374;14443;2141;1650;491;327;90;74;0;1618;31;1056;530;3;523;301;101;108;13;1110;43;49;53;70;64;78;91;86;83;69;70;81;80;63;48;42;28;7;5;1031;30;40;55;40;73;75;75;75;56;64;56;99;73;85;47;34;30;13;11;199;682;208;764;284;4;1935;110;39;51;6;0;1049;453;342;108;93;41;12;1
2024;2025;3379;15608;9165;6694;2471;1066;977;426;3;6740;2196;2460;2081;3;2425;977;852;539;57;4548;224;266;245;224;248;303;309;324;298;248;273;301;351;256;225;205;150;70;28;4617;189;220;214;222;287;257;275;288;278;237;289;350;330;290;249;234;196;131;81;520;1959;1069;3667;1948;3;8586;266;121;116;68;8;4077;1534;1362;441;439;197;104;1
2024;2025;3392;14448;9791;6786;3005;1711;954;338;3;6939;522;4519;1897;3;2852;1404;917;373;158;5080;264;295;349;261;297;311;338;385;373;367;335;380;303;274;208;152;102;62;24;4711;248;284;279;245;287;248;273;341;345;285;303;334;319;269;183;189;128;91;60;511;2007;1303;3638;2332;0;9188;188;148;160;103;4;3965;1220;1281;510;602;243;109;2
2024;2025;3393;14449;1646;1362;284;172;73;37;3;1351;34;912;405;0;295;158;75;57;5;848;51;50;51;50;37;39;74;61;57;62;54;59;63;53;41;20;16;8;3;798;54;67;49;52;33;42;60;51;56;45;44;52;64;47;35;19;12;8;8;128;358;190;593;377;0;1501;64;36;22;23;0;646;171;245;61;93;53;23;1
2024;2025;3394;14450;2981;2779;202;121;33;48;0;2727;308;1868;551;0;254;152;38;64;0;1544;103;96;114;99;97;86;94;91;104;72;100;118;97;91;71;55;31;17;8;1437;82;86;95;90;67;68;94;90;95;71;103;120;106;85;54;44;32;29;26;108;463;322;1010;1078;0;2843;60;34;12;31;3;1149;293;423;134;154;91;54;1
2024;2025;3395;15609;5336;4482;854;418;341;95;0;4382;200;3193;989;0;954;432;290;154;78;2685;164;173;151;124;151;186;226;215;186;139;142;158;193;162;120;88;60;34;13;2651;165;160;142;147;154;165;188;198;155;145;158;159;200;144;100;102;71;50;48;335;1103;633;1929;1336;0;4928;181;83;66;77;3;2217;726;732;276;275;154;54;1
2024;2025;3396;16623;6420;5736;684;513;92;79;0;5572;185;2595;2792;0;848;581;112;151;4;3228;191;198;191;166;157;125;211;235;186;195;185;235;256;248;189;132;76;39;13;3192;169;188;193;188;128;137;190;224;215;177;182;267;253;237;165;122;76;44;37;291;1347;805;2415;1561;3;6068;146;111;22;69;4;2671;836;995;295;277;166;102;2
2024;2025;3401;14451;4216;3429;787;490;200;93;4;3322;83;1707;1532;0;894;488;218;139;49;2092;89;157;146;139;124;109;100;121;163;112;147;150;153;112;105;71;52;29;13;2124;99;148;145;121;121;93;108;123;163;144;114;145;146;138;91;89;62;42;32;262;808;580;1713;852;3;3933;118;78;57;24;6;1750;606;550;210;210;114;60;2
2024;2025;3402;14452;10632;7401;3231;1582;1296;352;3;7511;1648;3380;2483;0;3121;1287;1119;569;146;5360;253;322;324;305;295;373;357;346;383;354;323;395;381;279;220;195;147;82;26;5272;254;256;286;261;293;305;341;326;361;317;358;377;380;295;273;229;184;116;60;549;1844;1170;4582;2486;3;10011;283;127;109;84;18;4657;1684;1532;521;583;231;106;2
2024;2025;3405;14454;3992;3406;586;352;152;77;5;3318;58;2337;923;0;674;331;189;138;16;2024;89;120;134;136;124;107;104;133;151;119;145;155;135;99;108;85;61;13;6;1968;97;117;123;106;99;83;122;138;135;119;134;151;144;124;120;84;38;26;8;190;834;423;1723;821;3;3771;116;42;27;31;5;1620;434;586;216;251;106;27;1
2024;2025;3407;14456;6743;5188;1555;765;642;144;4;5141;70;3638;1433;0;1602;676;612;251;63;3416;187;226;184;174;187;238;238;261;244;191;190;276;221;166;142;140;83;52;16;3327;178;216;184;169;191;198;225;258;219;180;190;258;209;189;135;113;109;60;46;417;1498;806;2773;1247;3;6261;257;79;72;69;5;2771;846;931;351;414;166;63;1
2024;2025;3408;14457;14570;10109;4461;2028;1915;508;10;9958;2055;5198;2702;3;4612;1696;2039;751;126;7371;444;401;450;424;444;566;551;562;492;432;446;474;493;356;287;248;170;90;41;7199;415;421;347;349;472;507;508;517;473;392;431;494;466;378;303;256;240;147;83;913;3308;1439;5967;2932;11;13502;560;216;127;158;7;6121;2028;2037;738;800;356;162;2
2024;2025;3422;14459;1529;1364;165;114;33;18;0;1354;66;895;393;0;175;90;49;31;5;813;45;56;52;46;43;48;56;60;56;38;53;56;59;60;47;18;11;7;3;716;37;37;55;47;37;32;47;45;54;37;49;58;62;52;22;15;17;9;4;76;246;155;582;470;0;1433;43;20;11;22;0;575;125;213;70;100;44;23;1
2024;2025;3423;14460;3290;2997;293;192;58;43;0;2941;91;1999;851;0;349;213;63;71;3;1662;99;118;105;108;97;80;103;86;116;102;106;138;131;95;60;64;28;18;8;1628;91;108;100;107;78;85;97;102;112;115;126;126;114;74;65;52;44;24;8;177;610;411;1275;817;0;3085;100;51;19;34;3;1250;286;435;172;226;106;25;1
2024;2025;3424;14461;4726;4093;633;352;226;52;3;4070;81;2885;1104;0;656;315;205;111;25;2488;172;152;145;135;139;162;156;188;172;160;142;204;168;121;101;97;38;27;9;2238;141;120;116;104;123;123;163;175;165;123;147;183;146;129;106;85;46;33;10;227;900;647;1824;1093;35;4411;141;81;20;68;5;1920;549;685;241;286;119;40;1
2024;2025;3426;14463;5033;4353;680;423;174;83;0;4188;87;2859;1242;0;845;444;195;175;31;2552;134;141;143;130;150;121;134;163;169;167;178;212;190;158;139;112;71;28;12;2481;112;137;113;129;104;98;139;183;154;168;167;249;188;173;124;106;82;38;17;229;1059;618;2262;865;0;4776;125;67;28;34;3;2113;571;828;264;329;92;29;1
2024;2025;3427;15610;25176;17034;8142;3699;3215;1221;7;16717;5113;5855;5745;4;8459;3165;3363;1635;296;12434;625;615;624;610;711;885;1011;916;893;809;751;903;844;624;580;463;330;164;76;12742;576;638;629;627;718;916;909;876;808;733;794;888;841;723;616;556;430;291;173;1432;5316;2918;10867;4614;29;23510;462;611;336;226;31;11291;4316;3662;1291;1317;489;216;2
2024;2025;3441;14464;2144;1978;166;91;44;30;3;1911;51;1282;578;0;233;124;46;60;3;1079;61;78;68;77;61;40;49;73;66;72;87;81;89;60;52;32;19;9;5;1065;47;67;68;81;48;32;50;82;79;59;86;82;86;48;52;42;30;15;11;105;415;308;888;428;0;2024;80;14;8;18;0;833;202;287;111;162;51;20;1
2024;2025;3442;14465;8714;7341;1373;669;473;231;0;6992;87;5031;1874;0;1722;745;574;368;35;4261;237;267;246;223;211;200;248;308;291;242;305;284;268;290;207;190;138;73;33;4453;217;242;218;233;200;201;260;310;312;274;280;316;320;276;243;236;148;101;66;423;1744;1087;3851;1603;6;8209;272;103;45;81;4;3714;1136;1328;478;558;166;48;1
2024;2025;3443;14466;18633;14296;4337;2167;1533;632;5;13811;403;8906;4500;3;4822;1944;1679;939;260;9265;449;496;447;500;503;649;718;654;618;613;603;651;583;473;435;416;274;124;59;9368;448;432;427;432;512;607;611;642;610;566;598;637;628;521;517;467;370;205;138;1063;3448;1904;7693;4517;8;17421;550;305;182;163;12;8299;2977;2829;947;1059;359;128;2
2024;2025;3444;14467;3576;3242;334;215;46;73;0;3135;133;2123;879;0;441;258;66;112;5;1809;93;111;132;134;87;70;91;130;117;104;148;147;146;74;84;62;40;29;10;1767;77;110;138;118;93;74;92;121;122;133;139;126;129;80;61;56;41;38;19;187;597;407;1464;918;3;3363;104;61;23;25;0;1339;321;461;163;237;117;40;1
2024;2025;3506;15962;2732;2131;601;552;21;28;0;2043;84;1084;875;0;689;577;37;72;3;1403;43;62;70;55;58;100;85;96;96;92;103;114;91;84;94;74;52;24;10;1329;40;51;58;58;57;88;78;86;101;70;85;99;100;100;96;75;34;34;19;202;611;337;949;633;0;2520;59;80;56;14;3;1364;609;426;130;152;39;8;1
2024;2025;3513;15963;518;446;72;66;3;3;0;424;18;256;150;0;94;78;8;8;0;260;11;13;9;11;6;12;15;11;22;19;13;25;29;24;15;13;7;3;3;258;6;15;13;7;6;9;15;15;18;18;19;18;21;24;18;14;8;5;9;42;122;72;161;121;0;474;20;14;8;3;0;267;123;93;11;34;5;3;1
2024;2025;3514;15964;205;177;28;23;0;5;0;168;17;92;59;0;37;28;3;6;3;114;5;4;3;3;6;5;4;4;5;7;11;7;10;11;7;11;9;3;3;91;6;4;0;0;0;4;5;5;3;5;7;6;13;8;7;12;4;0;3;16;30;23;64;72;0;187;9;3;5;3;0;107;51;37;9;7;3;0;1
2024;2025;3542;16062;1354;1106;248;224;12;12;0;1076;65;689;322;0;278;224;18;34;3;695;29;28;33;26;29;40;40;42;61;37;53;59;61;41;38;32;27;13;6;659;21;23;20;28;33;29;36;31;43;43;46;66;61;50;43;27;22;24;13;130;240;159;466;359;0;1215;82;27;16;14;0;632;247;216;73;63;23;10;1
2024;2025;3543;16068;2465;2024;441;403;18;20;0;1945;596;751;597;3;520;431;39;48;3;1264;54;44;45;38;45;65;67;86;79;82;90;88;111;94;110;79;59;19;9;1201;42;40;44;40;55;56;48;77;83;57;62;91;104;97;112;64;76;34;19;147;425;271;816;806;0;2306;33;65;45;15;3;1220;501;443;119;109;41;7;1
2024;2025;3544;16085;898;732;166;147;6;13;0;700;47;433;220;0;198;164;11;23;0;444;12;12;16;21;15;24;27;28;40;26;31;28;33;39;32;34;12;11;3;454;19;20;22;15;15;29;24;32;26;24;30;29;50;31;28;23;17;14;6;74;139;98;337;250;0;818;31;21;22;6;0;429;167;158;37;43;20;4;2
2024;2025;3551;15967;1099;915;184;160;16;8;0;787;116;605;66;0;312;272;17;23;0;579;14;20;22;25;25;19;31;31;35;44;51;55;58;43;29;38;24;10;5;520;12;21;25;19;20;28;14;30;27;28;33;36;51;30;43;37;28;22;16;28;150;96;382;443;0;1066;11;8;8;5;3;468;161;141;72;55;28;11;1
2024;2025;3561;15968;3505;3122;383;315;57;11;0;2818;2028;527;263;0;687;547;69;71;0;1739;59;89;110;80;88;76;81;87;117;113;124;127;130;122;122;100;67;31;16;1766;68;79;87;87;70;82;76;102;92;111;133;125;120;127;113;118;79;57;40;83;386;205;1210;1620;3;3404;31;25;25;19;3;1533;562;480;185;198;90;18;1
2024;2025;3572;15969;635;554;81;80;0;3;0;519;70;304;145;0;116;99;3;16;0;339;9;14;18;15;19;14;22;21;19;20;24;22;28;18;27;19;17;7;6;296;6;13;14;9;12;11;15;17;18;24;19;26;29;21;21;17;12;7;5;34;125;66;221;189;0;601;12;11;8;3;3;295;102;116;27;38;9;3;1
2024;2025;3575;15970;2102;1679;423;342;35;45;3;1551;42;770;738;3;551;392;60;96;3;1145;52;55;37;26;67;57;91;92;80;72;72;81;95;76;72;63;34;18;5;957;31;39;32;19;34;50;79;81;79;64;48;56;93;74;66;50;36;20;6;210;608;298;664;322;0;1890;60;105;34;8;5;1103;521;368;97;88;26;3;2
2024;2025;3581;15971;769;680;89;81;6;3;0;655;24;468;163;0;114;98;3;11;3;401;15;25;20;26;13;11;28;22;29;19;30;34;29;23;28;20;21;6;3;368;9;14;22;25;20;8;18;21;25;32;21;31;28;20;19;18;16;13;8;35;164;108;298;164;0;731;25;3;7;3;0;344;120;123;26;57;17;3;1
2024;2025;3582;15972;616;507;109;103;3;3;0;496;13;378;105;0;120;105;7;7;3;338;14;20;16;9;13;14;29;29;19;22;26;29;27;25;26;12;6;3;0;278;13;12;8;9;13;14;15;25;16;21;20;25;35;12;17;10;6;6;3;45;158;84;183;146;0;567;27;10;7;5;0;304;122;102;39;35;6;0;1
2024;2025;3603;16063;958;735;223;196;7;20;0;731;189;421;118;3;227;192;8;27;0;507;30;16;12;20;30;37;34;43;32;29;36;35;41;30;25;27;16;7;7;451;18;13;13;23;21;26;37;34;20;20;28;37;44;27;24;26;17;15;8;51;165;63;202;477;0;896;17;14;19;11;3;478;218;150;41;42;23;4;2
2024;2025;3618;16058;2075;1902;173;157;4;12;0;1861;353;1149;359;0;214;178;6;28;3;1094;41;37;30;45;51;59;69;62;55;53;68;88;90;108;83;72;44;30;9;981;33;31;26;33;40;53;58;53;41;51;57;83;87;102;68;63;47;27;28;92;337;176;482;987;3;1969;44;35;11;16;0;968;356;374;115;77;31;15;1
2024;2025;3619;16061;5067;4064;1003;820;70;109;4;3988;2125;982;879;3;1079;794;119;151;15;2486;101;132;111;105;141;147;159;169;178;131;164;192;195;176;136;120;82;33;14;2581;97;110;119;96;117;135;135;160;161;138;168;193;229;173;151;156;97;90;56;304;1082;569;1813;1299;0;4726;169;54;72;44;3;2331;883;820;261;269;79;19;1
2024;2025;3633;15975;353;311;42;36;0;6;0;293;3;229;63;0;60;44;3;13;3;162;4;5;11;11;13;10;9;12;6;10;8;20;11;9;5;13;5;0;0;191;6;7;10;7;5;13;7;9;8;12;14;18;12;16;17;15;9;3;3;36;58;39;158;62;0;315;30;3;4;3;0;172;74;52;20;20;6;0;1
2024;2025;3637;15976;304;273;31;29;0;3;0;258;3;200;57;0;46;36;0;10;0;164;10;9;7;9;12;5;9;10;11;9;10;20;5;11;12;8;5;3;0;140;8;7;7;5;5;5;6;12;10;7;7;17;11;9;11;6;5;3;0;10;59;36;137;61;3;292;7;3;3;3;0;131;47;43;14;15;9;3;2
2024;2025;3638;15977;836;798;38;36;0;3;0;757;23;534;200;0;79;67;3;10;0;403;16;29;22;12;24;15;24;32;25;20;22;36;27;35;28;12;16;4;4;433;20;33;24;15;20;17;20;35;32;20;28;36;21;34;23;19;16;14;6;42;196;87;353;158;0;790;36;4;3;5;0;368;136;117;34;54;23;4;1
2024;2025;3640;15978;976;797;179;149;20;10;0;779;16;588;175;0;197;140;30;26;3;487;20;26;29;32;29;23;20;34;32;26;36;44;32;28;21;21;20;10;4;489;20;28;27;18;26;23;20;32;36;37;38;35;35;26;21;35;17;10;5;63;202;156;393;162;0;908;42;15;5;6;0;416;128;146;60;55;19;8;1
2024;2025;3661;16051;2439;1976;463;289;61;113;0;1868;89;1312;467;0;571;336;90;144;3;1264;61;63;65;96;68;73;71;90;80;64;84;97;102;78;62;52;31;25;3;1175;46;62;54;52;48;48;78;82;77;61;91;98;99;80;70;57;38;23;11;177;600;320;916;422;4;2246;118;36;24;15;0;1059;362;390;125;122;43;17;2
2024;2025;3662;15979;255;241;14;13;0;3;0;229;6;163;60;0;26;22;3;3;3;126;4;9;9;6;13;4;3;9;10;7;11;8;10;10;6;3;5;0;0;129;3;6;7;8;8;6;4;6;13;6;15;13;4;9;8;6;4;3;3;16;43;37;81;78;0;238;12;3;3;3;0;107;36;34;11;17;6;3;1
2024;2025;3663;15980;531;489;42;39;3;3;0;473;18;347;108;0;58;51;4;3;0;257;12;12;20;15;8;12;6;24;29;11;12;18;20;21;17;16;3;3;0;274;18;17;29;13;9;8;13;21;21;17;18;22;18;19;12;13;3;3;0;18;108;79;189;137;0;506;15;3;0;7;0;209;50;74;34;31;14;6;1
2024;2025;3668;16084;3439;2222;1217;805;124;288;0;2173;746;907;520;0;1266;728;243;283;12;1760;69;77;88;76;115;138;115;112;104;126;141;128;125;110;79;65;52;30;10;1679;63;63;80;75;92;80;103;101;120;98;111;157;115;128;78;96;61;35;23;251;868;479;1328;513;0;3174;156;55;36;18;0;1650;700;526;183;162;55;24;1
2024;2025;3669;15982;146;140;6;6;0;0;0;138;4;96;38;0;8;7;0;3;0;78;7;5;3;3;3;3;3;5;3;4;4;9;8;4;10;5;3;3;0;68;3;3;3;3;3;3;3;3;5;4;9;3;5;8;9;3;3;3;3;10;22;14;39;61;0;135;6;4;0;3;0;63;17;27;9;7;3;3;1
2024;2025;3670;15983;163;151;12;11;0;3;0;147;3;102;43;0;16;12;0;4;0;82;3;4;5;4;3;0;5;3;6;7;6;5;3;7;6;10;6;4;0;81;3;3;3;7;0;3;3;5;9;3;7;4;6;6;8;8;5;3;3;9;29;20;51;54;0;154;4;3;3;0;0;78;26;34;8;7;3;0;1
2024;2025;3672;16057;964;920;44;42;0;3;0;890;93;590;207;0;74;66;0;8;0;502;17;31;19;28;20;30;32;31;28;26;31;44;39;26;30;31;19;13;7;462;24;21;22;24;18;27;29;20;25;31;34;34;32;26;29;21;16;18;11;28;160;104;250;422;0;930;18;9;3;6;0;407;137;135;48;51;25;11;1
2024;2025;3673;16064;2262;2107;155;146;4;5;0;2019;42;1431;546;0;243;193;12;38;0;1098;64;60;64;51;49;45;69;73;67;61;69;86;87;89;67;68;12;12;5;1164;81;56;59;46;41;52;65;76;80;68;66;90;119;76;73;42;30;24;20;142;441;322;823;534;0;2096;100;28;10;27;3;985;318;352;128;119;54;14;2
2024;2025;3681;15984;169;159;10;7;0;3;0;147;11;104;32;0;22;17;0;5;0;79;8;7;3;3;0;6;3;3;9;3;4;7;5;7;10;3;3;0;3;90;5;6;6;3;7;4;5;7;4;3;4;4;7;7;3;8;4;3;3;9;18;21;44;76;3;159;7;3;0;0;0;75;35;19;8;5;3;6;1
2024;2025;3695;15987;147;132;15;11;3;3;0;128;12;70;46;0;19;11;5;3;0;78;3;6;5;5;4;3;3;6;3;4;7;8;3;6;6;5;3;3;3;69;3;4;7;7;3;3;5;3;3;4;8;3;4;4;3;5;3;3;3;9;22;19;50;47;0;138;3;6;3;3;0;62;20;20;8;9;3;3;1
2024;2025;3701;16048;923;766;157;121;32;4;0;729;31;516;182;0;194;129;42;18;5;435;21;15;34;18;19;23;10;20;27;33;46;32;25;33;25;22;20;9;3;488;15;17;33;26;23;13;18;27;31;32;37;34;31;35;35;33;21;19;8;38;213;111;382;179;0;882;21;5;3;5;7;436;183;139;39;53;16;6;1
2024;2025;3711;15991;59;54;5;4;0;3;0;52;3;34;15;0;7;5;3;3;0;33;3;3;3;3;3;3;0;0;6;3;3;3;4;5;3;3;0;0;0;26;3;3;0;3;3;3;0;3;4;0;3;3;3;5;0;3;3;0;0;3;7;11;27;11;0;56;3;0;0;0;0;22;3;9;5;3;3;0;1
2024;2025;3712;15992;426;343;83;73;7;3;0;332;16;226;90;0;94;77;6;9;3;234;12;8;9;12;10;21;10;14;6;13;21;25;24;15;14;9;6;5;0;192;10;3;6;10;14;6;13;9;5;13;15;28;19;16;8;7;6;4;3;36;116;35;154;85;0;384;19;8;6;7;3;201;81;66;22;22;6;4;2
2024;2025;3713;16045;76;65;11;10;0;3;0;57;3;41;14;0;19;12;0;7;0;43;6;3;3;0;3;3;3;3;4;3;3;3;3;3;3;3;3;3;0;33;3;3;3;0;3;4;3;0;6;3;3;3;3;0;3;3;3;3;0;10;23;6;29;8;0;66;5;4;3;0;0;37;17;10;4;4;3;3;1
2024;2025;3714;16125;570;489;81;56;20;5;0;457;45;302;110;0;113;77;22;14;0;297;13;13;9;9;20;12;13;15;20;19;21;25;21;15;17;29;13;11;3;273;12;8;6;12;15;12;14;22;10;16;24;20;16;17;20;23;14;8;4;28;107;59;169;207;0;543;15;3;6;3;3;273;109;96;29;25;10;4;1
2024;2025;3715;16598;368;351;17;15;3;0;0;339;38;240;61;0;29;24;5;0;0;188;10;10;9;8;7;12;8;12;8;10;10;18;18;14;16;3;6;6;4;180;13;14;10;3;6;7;8;14;9;6;13;16;15;16;8;6;6;8;3;12;60;53;114;129;0;353;11;3;0;3;0;159;55;55;19;16;9;5;1
2024;2025;3721;15993;3565;3041;524;428;49;42;5;2918;39;2187;692;0;647;463;89;90;5;1777;89;105;104;92;101;84;139;118;129;115;134;134;133;88;84;58;44;16;10;1788;85;113;109;78;87;102;117;105;153;105;118;130;131;110;93;69;42;28;13;215;722;534;1433;660;3;3326;141;40;29;27;3;1563;533;519;180;251;64;16;1
2024;2025;3722;15994;8392;6189;2203;1464;442;291;6;5921;107;4766;1046;3;2471;1352;706;399;14;4235;203;221;246;216;261;250;287;313;297;305;308;313;244;195;192;169;121;75;19;4157;185;196;186;226;260;230;271;286;299;276;303;271;265;217;215;180;149;96;46;502;1572;1018;3498;1801;3;7821;323;78;90;79;3;3628;1199;1200;489;545;149;46;1
2024;2025;3723;15995;1612;1270;342;270;40;29;3;1221;58;902;260;3;391;275;63;53;0;843;36;44;48;61;58;47;48;53;60;59;67;58;58;47;36;31;22;8;3;769;28;40;43;48;44;43;40;50;59;56;62;54;45;47;36;34;22;11;7;90;363;263;603;293;0;1515;60;16;12;8;3;675;208;226;85;113;32;11;1
2024;2025;3731;15996;2886;2489;397;323;42;32;0;2433;35;1899;498;3;453;315;68;68;3;1436;78;87;89;83;83;74;87;119;126;94;99;95;87;71;57;55;37;9;6;1450;78;92;98;66;63;83;91;118;120;112;100;93;102;79;54;49;31;16;5;164;687;394;1134;507;0;2703;121;21;14;24;3;1201;350;393;176;220;45;17;1
2024;2025;3732;15997;2902;2190;712;630;58;24;0;2084;54;1063;967;0;818;636;89;92;3;1461;46;57;53;69;60;80;96;118;117;108;97;94;107;108;75;80;58;30;8;1441;59;59;55;47;52;78;106;105;104;98;97;83;106;112;76;102;45;34;23;206;728;373;1117;478;0;2682;69;94;35;18;4;1488;643;522;145;146;29;3;1
2024;2025;3733;15998;1223;1038;185;137;29;19;0;998;8;716;273;3;225;149;40;34;3;619;29;40;33;24;26;13;43;37;42;57;42;45;44;44;36;27;25;10;3;604;24;31;26;24;25;37;29;34;53;40;35;49;50;43;30;34;23;6;11;86;254;191;507;177;8;1127;65;15;5;10;3;564;201;211;56;71;12;13;1
2024;2025;3734;15999;1557;1358;199;183;8;8;0;1307;39;831;436;3;250;203;12;34;3;776;45;42;32;33;34;37;36;68;65;50;49;74;41;52;40;40;16;17;5;781;42;47;42;31;23;37;33;70;60;48;59;58;38;62;44;37;27;14;9;93;339;252;558;315;0;1443;57;23;12;22;0;706;244;259;70;101;25;7;1
2024;2025;3746;16066;1592;1247;345;320;14;11;0;1211;84;861;266;0;381;333;17;28;3;802;24;33;40;37;25;40;55;54;49;65;66;63;69;44;41;41;28;20;8;790;25;34;40;38;33;41;40;43;46;73;50;56;67;51;47;37;40;19;10;95;303;146;645;403;0;1492;44;21;27;8;0;765;304;265;79;91;21;5;1
2024;2025;3752;16000;750;548;202;197;3;3;0;454;148;261;45;0;296;275;8;13;0;409;11;19;12;10;21;23;28;29;33;20;26;41;50;35;23;13;5;3;7;341;3;17;18;14;12;20;13;24;25;19;30;32;38;31;17;10;7;7;5;28;109;49;225;339;0;720;3;10;15;3;0;374;169;99;53;45;8;0;1
2024;2025;3762;16065;4546;3565;981;923;34;24;0;3372;1727;680;965;0;1174;1023;68;82;3;2252;93;87;107;107;118;113;98;143;131;149;173;166;178;159;158;123;92;39;18;2294;63;100;113;85;90;80;119;155;134;161;162;194;184;175;138;139;102;65;35;229;759;463;2003;1092;0;4292;74;102;47;29;3;2173;864;735;253;234;73;14;2
2024;2025;3764;16059;801;727;74;73;3;0;0;689;110;453;126;0;112;96;8;8;0;407;11;16;15;15;28;20;13;28;21;29;32;29;40;30;36;21;13;7;3;394;7;21;15;29;17;10;14;19;26;20;33;26;43;38;23;14;25;12;3;39;108;69;307;278;0;761;19;16;4;3;0;378;139;136;49;41;8;5;1
2024;2025;3781;16001;618;523;95;87;7;3;0;484;7;296;181;0;134;118;7;8;3;294;13;11;9;15;13;12;12;15;28;12;22;30;29;25;14;19;15;0;0;324;16;10;11;13;9;17;13;22;23;27;17;26;32;29;20;15;12;7;5;47;151;68;268;84;0;566;25;12;8;7;0;308;128;103;34;35;7;3;1
2024;2025;3782;16002;1415;1019;396;373;12;11;0;918;13;568;337;0;497;437;28;32;0;718;16;15;26;31;45;38;51;49;47;37;51;66;73;52;36;45;23;12;5;697;19;18;21;34;26;49;29;47;33;27;61;72;76;50;43;43;23;19;7;106;327;174;635;173;0;1301;39;32;32;10;3;726;319;246;76;67;15;3;2
2024;2025;3783;16003;196;151;45;43;3;3;0;139;0;85;54;0;57;47;5;5;0;101;3;7;4;3;5;4;3;3;7;6;9;8;12;9;8;7;4;3;0;95;3;3;3;6;3;4;3;3;7;8;6;11;7;12;12;6;3;0;0;19;38;28;86;25;0;177;10;6;3;0;0;95;31;42;12;6;4;0;1
2024;2025;3784;16004;2072;1405;667;619;30;18;0;1320;33;777;510;0;752;629;54;67;3;1011;35;44;45;36;51;43;47;60;86;73;69;109;81;69;61;53;29;13;7;1061;27;44;45;49;41;51;60;71;73;89;86;94;88;59;67;46;38;22;11;145;438;287;859;343;0;1921;60;41;40;9;3;1050;460;334;130;94;29;3;1
2024;2025;3785;16586;750;570;180;168;9;3;0;505;17;269;219;0;245;208;13;23;3;375;19;13;9;13;19;26;16;26;18;23;19;40;26;38;27;25;13;4;3;375;17;14;7;8;21;17;24;24;17;17;25;36;47;30;24;24;14;8;3;67;214;88;267;114;0;678;30;22;14;6;0;372;163;116;46;33;9;5;1
2024;2025;3786;16006;2901;2169;732;669;39;23;3;2066;974;408;683;3;835;700;68;61;6;1445;47;56;68;71;87;103;91;97;91;115;118;130;100;78;72;45;49;18;9;1456;45;54;60;61;91;73;81;96;95;103;118;114;129;82;75;65;59;35;20;227;650;302;1227;495;0;2665;116;59;48;11;3;1433;620;452;151;170;31;9;1
2024;2025;3787;16007;4997;2791;2206;1999;126;81;0;2614;53;1597;964;0;2383;1918;220;239;6;2519;81;81;92;102;125;160;162;195;172;188;201;238;191;146;123;93;89;59;21;2478;72;70;87;80;95;156;163;192;174;181;198;186;195;158;121;142;111;68;29;398;1166;636;1962;835;0;4573;121;91;174;35;3;2736;1439;752;281;200;54;10;2
2024;2025;3788;16008;713;575;138;125;10;3;0;554;28;371;155;0;159;136;9;14;0;375;10;25;16;14;19;28;20;27;27;19;20;35;40;20;21;17;11;5;3;338;14;11;11;20;15;19;20;25;26;20;21;30;26;24;16;19;14;4;3;47;156;67;282;157;4;663;25;9;12;3;3;354;158;106;39;37;12;3;1
2024;2025;3789;16009;708;473;235;217;5;13;0;463;20;285;158;0;245;217;4;24;0;365;12;17;17;16;25;22;19;15;27;20;35;42;31;17;18;17;9;6;0;343;6;19;14;12;16;27;16;23;23;29;33;29;23;15;21;15;12;7;3;51;155;96;239;167;0;655;15;18;18;3;0;358;164;103;45;35;8;3;2
2024;2025;3790;16010;1124;756;368;352;6;10;0;656;6;357;293;0;468;399;23;46;0;588;22;25;15;17;22;30;43;30;39;38;57;55;43;41;36;31;27;11;6;536;14;22;17;13;15;23;26;37;41;29;52;45;40;44;37;37;24;13;7;103;268;191;417;145;0;1012;41;35;25;11;0;622;313;191;61;49;7;3;1
2024;2025;3791;16011;1224;797;427;327;44;56;0;750;43;406;301;0;474;317;63;94;0;622;23;22;33;89;31;23;28;32;39;41;43;46;34;43;36;28;18;8;5;602;13;19;23;68;27;24;32;24;40;44;49;42;42;42;42;29;19;14;9;91;403;133;404;193;0;1128;42;24;25;5;0;559;232;196;56;61;12;3;1
2024;2025;3792;16052;1591;1339;252;232;7;13;0;1213;415;571;227;0;378;323;14;40;3;780;36;34;33;33;34;26;49;47;49;35;56;45;71;80;67;35;25;20;5;811;26;34;32;30;33;38;45;40;43;42;58;59;70;74;53;47;38;32;17;65;254;129;655;488;0;1517;25;14;23;12;0;759;309;257;77;70;38;8;1
2024;2025;3804;16012;91;84;7;7;0;0;0;79;16;13;50;0;12;10;3;3;0;43;0;0;0;3;3;3;3;3;3;3;3;5;9;6;5;3;3;3;0;48;3;0;0;3;3;3;3;3;0;3;3;6;7;4;3;3;3;3;4;8;19;3;34;27;0;83;3;6;3;0;0;50;26;14;4;5;3;0;1
2024;2025;3805;16013;254;218;36;33;3;3;0;196;14;32;150;0;58;49;3;6;0;119;4;3;6;3;6;5;4;3;7;9;14;13;15;10;6;8;5;3;3;135;3;0;7;6;7;4;5;4;6;7;13;12;11;8;8;10;13;7;6;11;34;42;109;58;0;243;3;4;4;3;0;127;57;38;16;15;3;0;1
2024;2025;3808;16014;168;153;15;13;3;0;0;141;7;28;106;0;27;25;3;0;0;94;3;3;0;3;3;4;6;4;6;5;8;9;8;12;13;6;3;3;0;74;0;3;3;0;3;0;3;3;3;3;7;8;11;9;10;6;4;3;3;21;31;32;66;18;0;147;4;16;0;0;3;95;46;36;5;6;3;0;1
2024;2025;3810;16015;113;100;13;12;0;3;0;92;13;17;62;0;21;18;3;3;0;61;0;3;0;3;3;3;3;3;3;4;3;9;7;9;7;3;5;3;0;52;0;0;0;3;3;3;0;4;3;3;4;8;5;8;3;3;4;3;3;5;17;17;47;27;0;108;3;3;0;0;0;68;36;24;6;3;3;0;1
2024;2025;3821;16016;866;690;176;162;3;11;0;649;31;123;495;0;217;178;9;27;3;455;16;18;18;25;23;35;26;30;26;36;42;35;34;23;28;17;15;5;3;411;13;11;16;15;25;20;28;25;27;33;41;31;32;20;23;25;9;9;8;62;193;99;305;207;0;801;35;16;9;4;3;394;129;141;58;58;6;3;1
2024;2025;3822;16017;1414;1112;302;278;14;10;0;1013;259;72;682;0;401;318;34;38;11;742;29;18;29;28;30;35;40;32;33;52;71;85;67;60;45;39;30;14;5;672;23;26;28;23;34;28;39;36;26;45;52;61;65;44;33;43;26;21;19;70;283;159;445;456;3;1336;15;37;14;10;3;668;278;204;78;78;24;6;1
2024;2025;3823;16018;324;263;61;57;3;3;0;243;38;57;148;0;81;69;7;5;0;171;3;5;3;4;8;10;5;10;5;9;16;25;17;15;12;11;8;6;3;153;4;3;3;3;14;6;5;5;7;9;13;16;10;13;12;7;10;3;11;16;63;22;208;15;0;308;8;3;4;3;0;161;68;52;22;12;6;3;1
2024;2025;3831;16019;720;501;219;206;5;8;0;498;13;97;388;0;222;182;11;26;3;381;15;11;18;21;18;27;17;18;35;36;35;43;21;19;14;15;10;6;3;339;19;9;15;9;17;26;18;26;25;27;30;36;18;15;17;12;8;9;3;55;221;82;223;139;0;663;14;14;24;3;3;340;132;109;43;43;11;3;1
2024;2025;3832;15695;1580;1065;515;453;43;19;0;1033;48;179;805;3;547;432;59;51;5;839;27;30;33;42;38;49;60;56;66;61;70;82;72;41;32;38;23;14;5;741;30;26;34;39;35;49;62;37;43;51;60;62;46;37;42;36;31;13;8;132;400;191;539;318;0;1440;47;52;31;10;0;737;287;232;119;65;26;8;1
2024;2025;3834;16020;2656;1945;711;580;100;31;0;1813;304;115;1394;0;843;618;121;93;11;1311;48;59;73;70;62;70;73;65;100;102;119;125;88;80;57;45;38;25;12;1345;43;49;76;67;74;67;67;62;88;110;124;116;86;81;53;69;63;29;21;169;471;297;930;788;3;2470;66;65;34;18;3;1189;437;381;160;154;49;8;1
2024;2025;3835;16021;961;682;279;249;18;12;0;647;22;121;504;0;314;252;29;33;0;496;21;13;13;13;21;36;42;45;35;35;35;41;48;39;22;14;16;7;0;465;26;17;14;13;21;35;47;30;21;22;37;39;41;36;23;17;11;11;4;98;258;117;291;197;0;850;18;56;21;14;3;451;172;137;77;52;11;3;1
2024;2025;3837;16067;204;170;34;32;3;3;0;162;11;24;127;0;42;37;3;3;0;106;7;3;3;3;3;3;4;5;4;6;12;11;10;9;12;6;4;3;3;98;4;3;0;3;3;3;7;4;3;6;6;11;7;11;11;8;7;3;3;13;38;34;63;56;0;190;4;7;3;3;0;107;51;32;13;9;3;3;1
2024;2025;3847;16049;1430;1288;142;110;26;6;0;1170;645;282;243;0;260;215;29;15;3;696;21;27;16;22;29;37;25;40;32;35;42;69;75;73;51;48;31;18;5;734;17;17;24;30;27;30;37;36;32;45;48;49;72;57;61;63;43;30;16;50;181;94;378;723;4;1371;19;23;8;9;0;695;285;256;71;52;21;10;1
2024;2025;3851;16047;10774;7574;3200;2676;204;320;0;7136;2984;1168;2983;3;3638;2723;345;536;34;5410;193;231;233;302;254;313;363;405;428;405;374;432;379;308;275;246;169;65;35;5364;194;244;228;203;208;304;340;381;402;410;388;412;327;332;330;265;200;119;77;602;2167;1075;4397;2518;15;10114;118;252;219;67;4;5373;2449;1626;583;533;143;39;2
2024;2025;3861;16022;626;578;48;47;0;3;0;563;51;385;127;0;63;53;3;7;3;308;22;20;14;10;16;14;30;17;11;15;20;29;21;15;22;13;11;4;4;318;19;16;11;4;13;17;28;19;18;11;21;28;29;19;21;13;18;6;7;47;95;103;206;175;0;569;32;6;7;11;3;271;87;99;28;37;18;3;2
2024;2025;3862;16023;203;193;10;9;3;0;0;191;14;140;37;0;12;10;3;0;0;102;5;6;7;5;8;6;4;5;4;7;8;6;6;11;9;3;3;3;0;101;3;5;7;5;6;6;5;4;7;5;6;10;6;6;8;6;3;4;0;15;26;30;50;82;0;187;6;7;3;3;0;78;16;33;12;5;8;4;1
2024;2025;3863;16024;1164;1051;113;96;3;16;0;1005;95;702;208;0;159;122;7;29;3;595;19;25;29;29;28;35;26;32;29;44;46;55;44;44;45;30;16;12;7;569;19;24;29;28;33;32;21;31;37;37;37;46;45;41;37;26;21;15;10;70;220;135;426;313;0;1089;52;13;4;5;3;538;179;220;61;53;17;8;1
2024;2025;3871;16610;4478;3545;933;794;96;43;0;3371;345;1997;1029;0;1107;830;142;134;3;2259;84;91;88;83;121;139;126;140;139;140;154;187;187;164;134;125;86;50;21;2219;78;68;77;90;91;111;114;107;136;129;162;158;169;181;157;155;110;74;52;265;896;406;1705;1206;0;4187;97;95;64;31;4;2253;977;766;207;226;61;16;2
2024;2025;3881;16025;224;210;14;13;3;0;0;203;10;151;42;0;21;18;3;3;0;114;3;9;7;5;3;4;6;4;11;6;4;17;10;11;4;5;5;3;3;110;0;3;13;6;6;4;3;5;10;4;10;6;8;13;3;11;3;4;3;15;43;28;83;55;0;209;12;3;0;0;0;100;30;45;8;11;3;3;1
2024;2025;3882;16026;910;718;192;151;32;9;0;693;39;498;156;0;217;161;34;20;3;454;20;27;18;22;16;19;26;32;31;35;41;42;30;24;25;21;16;5;4;456;16;25;19;21;10;24;27;34;28;31;32;38;27;34;29;18;20;16;7;58;231;99;344;177;3;846;36;11;8;5;4;441;179;154;50;34;17;7;1
2024;2025;3891;16071;1689;1517;172;113;10;49;0;1472;117;1016;339;0;217;128;16;72;3;885;43;43;42;52;61;54;52;47;46;44;58;73;56;58;66;49;14;23;4;804;34;29;29;45;37;45;35;47;54;49;60;62;69;64;52;43;31;13;6;142;295;187;464;601;0;1535;78;39;18;12;7;718;218;283;78;90;41;8;2
2024;2025;3901;16599;39177;29755;9422;5645;1578;2179;20;28174;16054;5029;7081;10;11003;5832;2103;2846;222;19209;809;853;836;864;1056;1423;1510;1496;1340;1210;1321;1395;1279;1074;923;752;578;333;157;19968;754;832;800;789;962;1355;1437;1398;1309;1225;1335;1461;1343;1165;1058;1026;822;565;332;2230;7836;4348;16908;7852;3;36709;1116;593;445;291;23;19439;8548;6308;2076;1875;502;130;2
2024;2025;3911;16053;2114;1526;588;370;70;148;0;1455;21;935;499;0;659;406;93;159;3;1113;42;48;47;50;83;63;71;87;91;62;75;80;94;78;47;40;31;18;6;1001;38;47;42;47;61;53;65;73;71;67;61;75;72;56;57;43;36;25;12;206;569;215;785;335;4;1895;73;58;69;15;4;959;376;338;115;88;31;11;2
2024;2025;3921;16060;3159;2307;852;679;73;100;0;2154;72;1055;1027;0;1005;720;109;175;3;1682;61;53;50;50;73;114;117;121;122;108;111;125;162;140;101;77;62;25;10;1477;56;57;39;28;62;92;124;102;85;89;83;127;127;111;86;89;48;36;36;283;674;346;1229;627;0;2865;60;120;87;22;5;1699;874;504;158;120;35;8;2
2024;2025;3932;16050;309;266;43;38;4;3;0;250;3;153;94;0;59;44;6;9;0;159;4;15;9;5;3;3;6;17;10;7;14;13;14;17;8;9;6;3;0;150;4;12;6;3;3;6;4;19;10;6;9;8;14;17;12;9;7;0;3;30;58;37;124;60;0;278;14;9;7;3;0;147;53;56;16;18;3;3;1
2024;2025;3945;16046;3424;2970;454;323;43;87;3;2832;24;2135;673;0;592;374;82;131;5;1742;75;93;96;115;96;93;100;100;129;125;139;118;133;93;82;65;54;25;11;1682;80;81;97;71;60;92;96;110;128;114;134;147;138;101;71;80;48;17;17;234;659;410;1494;623;4;3167;168;39;15;23;12;1495;468;555;182;229;56;5;2
2024;2025;3946;16030;2674;2343;331;250;29;52;0;2279;142;1666;471;0;395;244;61;86;4;1350;73;80;65;57;75;91;83;101;121;87;86;115;94;64;59;43;33;19;4;1324;59;80;58;64;73;84;75;87;108;75;106;101;92;86;52;43;43;26;12;136;554;282;1029;673;0;2513;91;27;18;25;0;1196;406;418;152;167;38;15;1
2024;2025;3947;16031;3691;3086;605;414;88;103;0;2933;34;2058;841;0;758;459;134;157;8;1841;75;79;86;98;125;123;111;119;130;135;127;138;128;107;82;81;56;27;14;1850;67;72;100;96;112;108;99;133;129;123;128;127;140;114;98;82;58;45;19;336;788;504;1471;592;0;3335;215;81;34;26;0;1680;601;600;186;207;64;22;1
2024;2025;3951;16032;879;771;108;96;6;6;0;745;18;413;314;0;134;111;8;14;3;439;21;18;22;16;13;24;34;34;39;36;32;40;37;24;22;12;12;3;0;440;24;26;15;14;10;24;45;38;30;30;21;36;39;30;17;17;15;5;4;72;212;154;253;188;0;797;33;30;9;10;0;413;139;165;46;52;7;4;1
2024;2025;3952;16033;964;852;112;101;5;6;0;821;34;536;251;0;143;114;13;16;0;492;27;13;25;25;27;41;33;25;28;31;33;38;45;32;30;21;11;6;3;472;31;19;19;17;26;28;29;36;29;28;32;42;40;29;27;22;9;5;4;64;213;96;361;230;0;886;38;22;3;15;0;425;127;166;54;57;15;6;1
2024;2025;3953;16034;3266;2868;398;312;44;42;0;2688;5;1636;1046;3;578;382;89;101;6;1638;81;87;82;69;68;93;89;125;126;106;120;130;130;99;73;68;54;26;12;1628;62;71;81;74;77;82;102;109;120;115;111;161;102;102;87;64;61;34;13;260;770;424;1187;625;0;2990;130;110;15;20;3;1497;511;562;166;196;53;9;1
2024;2025;3954;16035;2529;2309;220;180;22;18;0;2194;62;1403;729;0;335;239;42;54;0;1246;72;57;68;72;55;56;65;83;79;82;88;124;102;69;54;61;36;14;9;1283;52;60;67;57;69;43;90;89;86;79;88;127;113;63;65;55;47;16;17;124;517;332;1089;467;0;2383;68;35;15;26;3;1081;311;415;122;172;48;13;1
2024;2025;3955;16055;9244;7030;2214;1160;528;520;6;6715;74;4745;1896;0;2529;1128;742;597;62;4660;241;245;244;247;229;280;303;351;322;288;295;354;345;297;231;207;98;56;27;4584;190;251;246;217;184;245;311;308;325;281;302;349;373;322;238;188;142;72;40;508;1888;1173;4070;1602;3;8663;275;117;98;83;8;4092;1396;1436;469;564;169;58;2
2024;2025;3961;16054;2176;1955;221;149;47;25;0;1856;50;1318;488;0;320;204;53;58;5;1110;51;52;57;53;59;57;55;69;72;54;88;93;94;80;75;52;27;13;9;1066;25;47;58;47;49;52;63;68;61;63;68;103;101;89;65;42;30;18;17;143;395;286;919;432;3;2021;85;33;17;16;4;973;331;356;114;123;37;12;1
2024;2025;3962;16036;2993;2362;631;389;80;162;0;2301;1012;731;558;0;692;408;94;180;10;1508;87;89;79;77;91;93;94;105;103;101;104;113;97;95;66;59;34;14;7;1485;83;84;69;87;85;80;101;99;92;95;94;102;107;81;67;66;45;29;19;209;747;381;984;672;0;2763;125;42;38;25;0;1330;484;437;157;168;58;26;2
2024;2025;3972;16037;1450;1270;180;108;44;28;0;1204;51;854;299;0;246;158;48;40;0;741;29;37;44;35;34;37;47;58;50;55;47;56;56;50;31;33;28;11;3;709;32;35;41;33;43;45;45;48;47;44;42;66;56;36;27;34;19;10;6;116;318;180;479;357;0;1319;59;39;13;17;3;634;202;245;64;80;29;14;1
2024;2025;3981;16086;1706;1549;157;141;13;3;0;1524;170;1089;265;0;182;147;14;19;3;872;30;54;29;42;40;55;62;50;47;35;54;64;76;74;60;41;35;19;5;834;36;44;42;32;44;31;39;41;46;44;59;74;73;53;54;39;41;20;22;68;241;187;500;710;0;1628;35;23;9;11;0;774;277;275;93;79;40;10;2
2024;2025;3982;16039;2104;1736;368;280;43;45;0;1693;246;1155;291;3;411;286;59;65;3;1093;43;48;49;57;55;62;59;66;77;67;67;78;82;77;68;58;39;30;11;1011;28;46;55;33;44;44;50;56;54;62;69;64;82;78;72;55;66;28;25;106;379;183;640;796;0;1996;35;45;17;6;5;963;385;331;102;88;45;12;1
2024;2025;3983;16040;328;300;28;25;0;3;0;292;42;191;59;0;36;29;3;5;0;165;3;3;3;3;9;12;10;4;7;8;11;21;26;19;12;6;3;8;3;163;5;3;3;8;7;13;10;10;3;6;18;21;14;15;8;3;5;10;5;11;58;19;88;152;0;315;7;4;0;3;0;152;52;63;17;15;3;3;1
2024;2025;3985;16041;1063;986;77;66;7;4;0;948;191;641;116;0;115;95;8;12;0;526;14;16;16;17;27;32;35;30;29;14;27;52;59;43;39;39;16;14;7;537;13;20;20;17;24;36;25;23;23;23;33;53;59;38;38;30;28;15;19;45;131;83;311;493;0;1016;31;6;8;3;0;484;165;186;57;53;20;3;1
2024;2025;3986;16042;1199;1028;171;142;11;18;0;1017;128;657;232;0;182;143;16;23;0;623;14;17;28;32;36;33;29;29;31;33;55;50;45;44;51;43;34;15;4;576;16;19;19;22;30;21;25;23;31;38;46;46;42;54;39;51;23;17;14;58;167;68;338;568;0;1138;16;28;14;3;0;572;228;201;58;57;25;3;1
2024;2025;3987;16056;1141;989;152;128;14;10;0;966;201;630;135;0;175;141;15;17;3;568;27;26;12;21;31;32;29;35;31;25;40;55;58;46;40;20;23;10;7;573;19;21;21;31;31;24;28;29;26;38;35;47;59;52;22;24;23;30;13;63;186;111;351;430;0;1067;28;19;15;12;0;519;193;185;67;44;21;9;1
2024;2025;3988;16069;1160;1061;99;87;6;6;0;1036;76;633;327;0;124;93;11;20;0;595;26;29;27;22;24;27;30;39;32;28;31;46;54;56;52;33;23;11;5;565;22;23;18;20;22;21;17;45;28;23;42;48;60;53;45;30;26;17;5;69;171;128;350;442;0;1085;26;24;17;7;3;548;210;210;40;60;22;6;1
2024;2025;4001;15385;22710;17397;5313;2849;1202;1259;3;16390;7936;2922;5531;3;6320;2790;1407;1962;161;11334;533;533;486;556;545;994;1127;1058;897;778;689;716;601;513;390;392;284;153;89;11376;535;536;509;442;556;887;1100;915;805;765;640;675;647;592;529;463;363;239;178;1887;5712;3024;8626;3429;32;20644;1008;591;232;199;36;11091;4847;3514;1183;1093;352;102;2
2024;2025;4002;11916;1657;1467;190;136;23;31;0;1367;43;883;440;3;290;180;40;69;3;825;33;36;46;28;30;23;31;46;57;57;73;60;80;59;64;55;27;15;5;832;26;40;40;43;27;17;34;44;63;59;65;79;67;55;66;51;27;22;7;86;362;214;773;222;0;1562;60;18;5;12;0;726;196;327;87;83;21;12;1
2024;2025;4003;11454;8491;5313;3178;1408;1027;739;4;5300;64;3824;1408;4;3191;1139;1200;833;19;4200;238;280;256;211;224;262;302;336;353;338;265;268;222;200;155;104;97;56;33;4291;214;228;232;204;231;271;329;348;346;329;270;275;233;208;183;131;109;77;73;621;2076;1252;3193;1325;24;7791;367;130;86;78;39;3633;1255;1152;494;496;185;51;2
2024;2025;4004;11556;769;680;89;64;21;4;0;657;36;451;170;0;112;85;18;8;3;375;21;18;16;12;16;15;17;33;24;23;38;25;32;29;21;17;8;9;3;394;10;24;21;12;15;22;20;25;27;30;23;29;41;27;20;15;17;9;7;42;180;102;292;153;0;723;31;4;6;4;3;339;98;142;43;44;8;4;1
2024;2025;4005;14533;4639;3769;870;463;211;195;3;3539;65;2222;1252;0;1100;488;321;285;6;2282;120;111;133;113;126;111;125;148;172;153;145;160;161;125;119;110;80;45;25;2357;111;111;120;125;100;105;139;155;189;166;160;168;163;138;135;103;89;50;30;322;1081;636;1944;656;0;4279;212;90;19;39;0;1997;578;783;241;292;83;20;2
2024;2025;4006;12115;8692;6501;2191;1138;751;298;4;6346;312;4344;1686;4;2346;1002;811;435;98;4284;216;214;247;235;219;245;281;299;338;275;270;313;311;259;179;187;105;70;21;4408;232;244;214;211;186;255;298;333;302;275;285;350;321;261;210;174;125;82;50;552;2083;1132;3390;1523;12;8055;381;97;53;87;19;3684;1105;1357;467;519;181;55;1
2024;2025;4007;12158;1763;1544;219;126;63;30;0;1453;33;998;422;0;310;153;82;71;4;901;45;47;50;48;60;49;62;51;73;51;67;72;57;42;49;37;29;7;5;862;29;41;39;41;40;56;48;59;65;58;75;77;46;52;53;36;24;15;8;95;449;244;714;261;0;1658;65;21;6;11;3;782;241;297;104;101;32;7;2
2024;2025;4008;12594;6997;5793;1204;715;242;246;3;5464;140;3599;1724;3;1533;790;311;401;31;3405;177;201;162;180;156;170;209;255;246;218;239;285;245;185;162;154;101;42;18;3592;178;151;171;194;153;169;193;243;276;251;266;286;258;216;164;175;137;68;43;446;1699;841;2922;1089;0;6481;300;111;26;75;4;3102;1005;1140;398;410;117;32;2
2024;2025;4009;12380;4090;3476;614;374;189;51;0;3424;169;2395;860;0;666;340;206;102;18;2052;97;111;108;105;84;92;115;124;144;141;151;161;156;141;119;107;54;29;13;2038;87;85;131;116;74;69;120;124;146;169;134;154;154;136;117;103;63;31;25;175;820;503;1820;772;0;3894;110;44;14;27;3;1727;471;681;230;241;77;27;1
2024;2025;4010;12465;8946;5605;3341;1310;1262;764;5;5647;143;4026;1476;3;3299;1024;1392;823;60;4454;225;267;269;255;249;287;313;342;313;304;260;284;317;226;170;170;112;69;22;4492;212;233;250;212;228;274;322;322;335;280;274;315;284;261;213;203;139;84;51;553;2316;1223;3533;1320;3;8326;353;108;78;76;5;3818;1275;1279;499;491;190;84;2
2024;2025;4012;10585;11617;7304;4313;1765;1348;1198;3;7276;120;5139;2014;3;4341;1495;1460;1314;72;5758;334;336;323;347;355;393;454;451;416;374;369;376;340;270;216;177;127;72;28;5859;283;356;342;272;307;392;439;448;410;356;410;370;359;286;280;222;154;112;61;885;2905;1504;4468;1837;18;10642;538;183;128;108;18;5003;1820;1492;638;731;237;85;2
2024;2025;4013;10888;4550;3137;1413;648;464;301;0;3094;31;2100;962;3;1456;559;531;366;0;2275;119;145;122;162;123;130;153;161;182;125;161;160;144;99;89;73;72;34;21;2275;119;97;119;126;119;127;137;157;151;155;159;146;164;137;93;102;70;56;41;281;1269;616;1775;572;37;4230;166;56;55;34;9;1927;686;622;213;264;98;44;1
2024;2025;4021;16655;23853;16762;7091;4557;1305;1224;5;15129;5664;4099;5363;3;8724;4580;1809;2192;143;12067;527;559;551;517;578;970;1239;1087;1033;868;809;806;734;533;384;379;278;149;66;11786;508;505;500;478;579;947;1152;1005;866;824;758;753;688;581;494;441;364;206;137;1879;6594;3186;8942;3250;3;21817;874;537;416;185;24;11509;4703;3798;1376;1217;313;102;2
2024;2025;4022;11881;1580;1364;216;164;35;17;0;1240;25;562;653;0;340;208;58;68;6;788;26;31;40;41;27;35;29;56;42;45;71;83;73;66;41;41;20;16;5;792;32;41;29;40;35;29;32;44;50;48;59;89;70;69;38;42;25;15;5;85;322;164;766;243;0;1487;46;27;11;9;0;729;233;288;94;88;21;5;1
2024;2025;4023;11856;2997;2399;598;452;93;51;3;2196;20;383;1792;3;801;456;166;169;10;1486;89;96;73;75;56;60;86;107;129;111;83;125;104;72;69;67;43;27;14;1511;83;83;88;59;52;58;86;120;110;117;96;109;124;86;73;76;35;36;20;182;681;441;1218;475;0;2789;48;110;20;29;3;1277;363;490;174;178;55;17;1
2024;2025;4024;11899;3066;2390;676;433;141;101;3;2262;60;1542;660;0;804;398;197;204;5;1530;72;86;93;88;71;58;95;100;119;121;142;112;111;96;41;59;36;20;10;1536;85;72;101;75;73;64;86;108;126;126;113;114;103;86;70;64;43;21;6;167;678;404;1280;528;9;2865;97;38;29;29;8;1276;380;437;177;205;53;24;1
2024;2025;4026;12277;3703;2876;827;577;115;135;0;2560;25;1495;1040;0;1143;678;169;285;11;1820;77;106;104;80;67;80;129;148;157;139;136;135;107;93;92;72;54;31;13;1883;77;91;108;89;75;97;144;144;146;140;126;126;118;95;103;87;62;32;23;251;993;553;1425;481;0;3431;156;59;35;21;3;1695;620;588;179;225;69;14;1
2024;2025;4027;11998;6140;4376;1764;1107;425;232;0;4166;55;2810;1300;3;1974;924;634;402;14;3059;138;181;166;172;160;199;198;225;234;183;210;212;184;143;137;135;97;54;31;3081;132;163;135;129;156;176;195;206;230;199;192;234;180;200;143;157;124;82;48;426;1641;744;2424;902;3;5669;263;67;88;50;3;2741;982;930;326;373;102;28;2
2024;2025;4028;11946;1100;958;142;111;21;10;0;886;18;544;323;3;214;141;28;44;3;528;29;29;38;22;18;22;29;31;40;39;41;50;41;34;26;16;12;7;4;572;24;36;31;36;26;25;27;46;41;35;36;54;50;29;36;15;14;6;5;34;257;139;492;178;0;1058;19;13;3;8;0;429;92;160;67;89;12;9;2
2024;2025;4029;12110;5807;4134;1673;951;517;205;0;3855;54;2692;1109;0;1952;892;657;382;21;2945;163;156;167;151;113;144;204;243;241;181;207;220;193;166;140;105;89;43;19;2862;158;151;139;119;136;144;207;218;209;194;176;193;199;177;157;113;99;49;24;374;1348;929;2318;838;0;5390;209;93;60;48;7;2547;858;911;274;356;106;42;2
2024;2025;4030;12693;2304;1628;676;414;215;47;0;1447;10;612;821;4;857;355;328;148;26;1174;60;55;72;71;75;82;72;66;72;93;92;94;75;58;52;34;29;17;5;1130;49;64;55;56;70;70;81;72;90;82;81;87;87;47;54;34;32;11;8;157;590;324;929;304;0;2125;54;76;26;23;0;913;241;307;145;146;53;21;1
2024;2025;4031;12652;1956;1570;386;262;71;53;0;1504;35;804;665;0;452;231;101;111;9;1000;52;49;48;57;46;56;57;60;94;70;66;87;75;62;49;31;23;14;4;956;53;51;54;50;42;36;63;68;74;64;63;80;65;66;47;37;25;15;3;164;502;231;730;329;0;1770;94;45;22;24;3;827;244;289;114;131;36;13;1
2024;2025;4032;12712;2232;1613;619;333;175;102;9;1531;41;903;586;3;701;292;210;194;5;1167;66;61;69;73;75;61;85;85;76;75;109;83;85;56;41;29;20;13;5;1065;45;69;59;55;55;55;69;83;77;81;79;88;71;48;41;40;26;18;6;158;536;290;906;342;0;2058;92;41;21;18;3;886;236;296;120;163;58;13;1
2024;2025;4033;12384;6319;4126;2193;1250;669;272;3;3972;52;2405;1515;0;2347;1102;765;456;24;3153;149;175;178;164;188;201;251;250;262;218;211;239;184;141;107;130;69;27;9;3166;154;182;176;144;184;209;241;242;228;215;205;211;168;151;173;122;97;49;15;497;1723;996;2191;912;0;5766;274;130;75;61;13;2716;903;903;366;376;125;43;1
2024;2025;4034;12514;9212;4372;4840;2710;1645;481;4;4541;59;2842;1636;4;4671;1918;1894;796;63;4639;267;246;250;247;261;332;372;402;391;330;306;302;222;200;173;151;110;52;25;4573;264;245;246;211;245;332;378;343;312;300;294;274;250;217;229;175;120;94;44;660;2178;1316;3558;1455;45;8456;279;196;156;114;11;3862;1281;1221;546;522;199;93;1
2024;2025;4035;12565;4695;3760;935;653;166;115;3;3507;51;2248;1208;0;1188;650;259;271;8;2346;120;122;144;112;99;132;157;183;170;174;172;177;145;115;107;96;68;43;10;2349;90;110;127;109;98;132;173;163;188;177;154;135;155;149;126;111;92;45;15;290;1355;654;1749;647;0;4369;187;74;25;39;3;2101;667;781;284;284;66;19;2
2024;2025;4037;12453;4287;3404;883;636;161;86;0;3100;42;1819;1238;3;1187;705;217;240;25;2131;102;110;106;100;96;77;104;147;157;160;137;172;166;130;110;107;81;49;20;2156;92;104;123;105;91;77;102;154;158;138;145;149;155;143;113;103;107;70;27;266;1018;603;1874;525;3;3990;148;66;44;38;3;1892;564;744;238;256;76;14;1
2024;2025;4038;12456;8966;5984;2982;1397;893;686;6;5346;116;3679;1549;3;3620;1475;1121;1009;15;4437;192;254;248;235;251;253;281;310;323;311;312;318;296;213;164;183;159;78;56;4529;195;223;265;220;225;241;257;290;306;306;307;298;314;222;216;216;217;126;85;483;1936;1032;3997;1513;5;8416;259;101;112;67;11;3938;1415;1249;520;533;146;75;1
2024;2025;4039;13164;2096;1752;344;240;63;41;0;1625;22;870;732;3;471;267;98;104;3;1083;48;58;54;68;76;55;53;55;54;59;93;89;113;63;67;39;26;12;3;1013;33;43;49;39;48;43;57;49;69;73;83;113;101;72;55;33;34;14;5;100;549;211;947;289;0;1986;50;40;6;12;3;884;222;351;136;130;35;10;1
2024;2025;4040;10366;12587;6049;6538;3383;2699;455;3;6188;38;2907;3240;3;6399;2265;2835;937;362;6401;382;341;385;344;390;503;506;541;507;453;415;427;355;261;224;171;111;65;20;6186;327;340;362;341;379;433;494;454;468;446;390;361;343;273;236;200;181;106;52;774;2783;1624;4939;2462;5;11681;186;389;174;143;14;5138;1708;1469;760;723;331;147;1
2024;2025;4041;10595;2541;1969;572;403;133;36;0;1929;28;1141;760;0;612;340;160;102;10;1288;77;95;78;60;63;89;94;94;101;94;93;85;76;53;49;43;29;12;3;1253;68;88;70;63;44;79;92;102;110;84;97;74;65;63;62;43;25;14;10;168;773;361;893;346;0;2349;111;38;15;28;0;1037;265;379;152;178;47;16;2
2024;2025;4044;10871;7812;5332;2480;1375;727;378;0;5117;117;3581;1416;3;2695;1269;830;589;7;3935;219;225;217;222;201;226;275;274;276;278;247;283;257;193;179;175;122;43;23;3877;176;204;199;201;199;257;239;256;285;251;252;273;274;223;186;168;130;58;46;572;1860;894;3257;1209;20;7171;354;115;85;63;24;3310;1036;1148;458;450;161;57;1
2024;2025;4045;10275;21856;15186;6670;4026;1751;885;8;14243;1669;8050;4513;11;7613;3478;2288;1600;247;10899;522;540;572;571;533;722;837;860;777;755;797;797;707;533;445;390;272;179;90;10957;472;492;553;521;442;676;758;791;763;772;707;775;706;616;532;450;431;308;192;1328;4704;2754;9132;3885;53;20336;683;374;267;163;33;10137;4061;3111;1262;1255;337;111;2
2024;2025;4046;10356;1855;1427;428;297;88;43;0;1365;37;858;470;0;490;285;106;97;3;940;49;71;47;46;55;49;58;67;77;69;69;72;59;45;41;41;14;9;3;915;55;42;61;47;42;55;52;65;72;73;57;64;70;47;47;36;22;7;3;112;561;270;658;254;0;1729;68;32;10;15;3;781;235;266;123;104;35;18;2
2024;2025;4047;10344;5262;3795;1467;782;531;151;3;3664;170;2636;857;3;1598;692;560;266;80;2652;121;165;172;145;145;176;171;219;192;167;153;184;183;151;125;83;58;29;13;2610;132;140;144;138;128;161;190;179;185;154;172;187;193;143;123;102;60;49;30;355;1227;685;1955;1040;0;4864;234;63;53;43;5;2162;653;730;271;364;95;49;1
2024;2025;4048;10303;6931;5549;1382;930;306;146;0;5203;57;2510;2635;3;1728;915;394;393;26;3494;174;209;232;229;170;174;161;211;284;248;274;290;232;176;135;132;91;54;18;3437;160;170;194;211;152;116;178;228;279;278;260;287;226;172;161;149;120;61;35;363;1502;975;2967;1124;0;6511;131;167;54;66;3;2847;771;1004;427;480;126;39;1
2024;2025;4049;14534;4928;4014;914;621;146;147;0;3685;116;2263;1306;0;1243;660;254;318;11;2435;136;156;134;136;126;118;137;162;155;160;171;207;164;137;116;88;80;41;11;2493;89;134;142;147;118;119;136;172;172;184;186;218;161;139;104;92;86;65;29;257;980;748;2124;819;0;4631;145;65;39;44;4;2082;625;732;268;326;101;30;1
2024;2025;4061;13668;1987;1677;310;217;45;48;0;1546;18;220;1307;3;441;249;65;123;4;1004;41;57;60;60;50;47;56;76;60;68;85;83;65;75;48;35;22;10;6;983;59;52;54;48;32;41;52;70;73;79;74;81;86;67;47;27;24;12;5;175;419;244;889;259;3;1795;34;126;11;19;3;821;198;308;141;135;31;8;1
2024;2025;4062;11857;5000;3956;1044;671;242;131;0;3732;45;1116;2570;3;1268;671;280;294;23;2487;123;160;158;136;118;128;134;169;168;176;175;186;178;125;108;119;76;34;16;2513;116;100;140;129;110;121;141;179;181;187;193;165;194;137;134;136;80;46;24;312;1186;710;2065;726;3;4647;132;131;43;44;3;2190;753;701;319;313;76;28;1
2024;2025;4063;15644;8871;6832;2039;1266;477;294;3;6429;154;2995;3280;0;2442;1223;579;573;67;4370;190;217;235;198;226;290;333;370;325;327;300;305;287;249;196;161;90;42;29;4501;205;196;219;217;219;289;334;327;331;312;265;310;346;247;223;197;128;79;57;584;2376;1195;3330;1386;0;8213;280;187;107;82;3;4115;1565;1383;499;484;134;50;1
2024;2025;4064;11488;1170;945;225;152;36;37;0;905;11;508;386;0;265;143;69;51;3;584;32;49;22;24;27;23;30;42;42;46;47;45;42;47;31;16;13;5;3;586;45;32;31;29;18;27;29;42;49;39;38;56;35;49;31;19;8;7;3;77;368;128;448;147;3;1082;44;24;5;10;5;474;111;192;56;85;18;12;1
2024;2025;4065;12217;4257;2500;1757;1027;503;226;3;2655;57;1794;803;3;1602;751;546;301;4;2224;121;118;109;110;120;158;208;172;170;152;129;166;145;112;77;67;59;19;12;2033;134;115;95;88;93;125;161;162;147;129;116;133;146;109;92;76;63;29;20;307;1183;562;1527;670;8;3894;174;61;59;57;12;1796;576;601;244;248;92;35;1
2024;2025;4066;12157;1055;846;209;140;37;32;0;770;15;302;453;0;285;158;46;79;3;545;27;38;34;21;23;30;28;31;40;39;37;47;39;42;29;17;15;7;3;510;23;30;23;24;21;16;34;34;36;37;33;39;39;40;35;16;15;10;5;84;218;191;413;149;0;963;41;26;16;9;0;427;105;172;58;63;17;12;1
2024;2025;4067;12006;1733;1379;354;250;78;26;0;1328;39;753;536;0;405;242;89;67;7;871;42;50;54;35;57;51;53;70;54;70;58;62;65;53;40;34;10;8;5;862;42;45;49;39;53;51;59;67;69;57;54;68;66;42;46;25;16;7;7;95;483;216;662;277;0;1629;59;16;18;11;0;723;187;269;120;108;28;11;1
2024;2025;4068;12004;2588;2164;424;295;79;50;0;2117;57;1350;710;0;471;280;101;89;3;1307;59;59;73;66;78;58;88;81;103;92;88;118;106;78;65;44;34;12;5;1281;67;77;67;52;63;65;79;73;97;80;98;104;113;77;54;52;32;21;10;154;602;343;977;512;0;2407;108;18;22;28;5;1092;321;396;154;159;45;17;1
2024;2025;4071;12644;2347;1983;364;273;45;46;0;1834;25;498;1311;0;513;307;85;119;3;1184;59;81;71;66;64;49;59;63;83;91;99;112;95;75;40;37;26;8;6;1163;41;80;60;71;52;52;51;79;95;89;98;112;102;66;38;38;22;13;4;130;583;364;908;362;0;2207;51;68;6;14;3;951;243;334;149;168;44;13;1
2024;2025;4072;12569;3023;2417;606;419;144;43;0;2281;45;1295;941;0;742;411;194;121;16;1541;59;82;77;90;87;94;95;125;103;90;110;118;106;104;72;56;39;22;12;1482;77;68;68;74;74;79;90;100;109;93;113;115;128;95;68;60;36;26;9;186;755;459;1173;450;0;2813;111;34;36;26;3;1249;326;493;190;159;55;26;1
2024;2025;4073;12452;2207;1859;348;268;46;34;0;1716;21;511;1184;0;491;305;78;103;5;1070;45;50;68;56;43;48;65;52;72;78;72;85;88;77;68;46;34;16;7;1137;50;64;40;55;56;41;64;70;76;77;83;113;82;91;56;55;35;19;10;130;540;338;882;317;0;2070;60;53;15;9;0;979;289;403;107;138;31;11;1
2024;2025;4074;13681;2627;2291;336;250;51;35;0;2098;35;500;1562;3;529;313;90;117;9;1338;60;62;77;79;62;57;84;89;99;89;106;106;111;79;63;42;45;18;10;1289;67;63;62;55;49;50;74;95;85;100;101;95;109;81;65;59;41;20;18;169;585;431;1080;362;0;2436;53;99;13;23;3;1127;335;420;144;168;44;16;1
2024;2025;4075;12830;4644;3256;1388;919;361;106;3;3005;31;758;2214;3;1639;785;506;303;45;2307;114;129;140;134;140;142;148;178;172;168;155;156;155;103;84;91;58;31;9;2337;101;126;134;126;121;122;160;167;182;158;169;161;158;119;105;91;65;43;29;327;1067;654;1914;680;3;4276;111;156;51;44;6;1977;626;655;287;287;99;23;1
2024;2025;4076;13010;3182;2677;505;349;87;67;3;2585;96;1681;808;0;597;329;118;130;20;1625;95;98;82;97;86;96;89;117;119;113;114;122;131;91;67;53;32;16;7;1557;83;83;82;80;74;73;93;129;121;104;105;123;120;83;69;61;35;26;13;211;725;438;1199;609;0;2946;144;41;22;27;3;1333;389;474;172;228;46;24;1
2024;2025;4077;10550;1547;1231;316;227;46;41;3;1194;37;738;418;3;353;207;60;80;6;772;35;37;55;42;61;28;37;41;66;55;71;56;41;35;47;35;17;9;4;775;26;44;60;49;47;27;37;46;62;60;65;53;59;40;37;28;18;10;7;94;341;218;651;236;7;1445;56;21;16;8;3;604;148;213;87;102;39;15;1
2024;2025;4078;10853;554;465;89;64;22;3;0;460;10;267;183;0;94;61;17;16;0;275;20;13;9;12;6;17;16;28;21;17;23;24;17;20;9;13;7;3;3;279;19;18;15;14;8;13;15;29;20;15;23;28;19;15;9;9;6;3;3;41;159;80;171;103;0;510;27;11;3;5;0;238;68;94;32;29;10;5;1
2024;2025;4079;10867;1688;1428;260;187;42;31;0;1336;6;497;833;0;352;200;67;73;12;848;49;44;36;36;40;56;51;61;63;62;63;81;56;48;46;27;18;9;3;840;35;41;37;39;35;56;71;63;58;55;57;87;59;49;38;29;18;9;4;156;444;263;584;241;0;1518;77;64;14;15;0;749;221;304;97;91;27;9;1
2024;2025;4080;15386;8242;5346;2896;1724;890;281;3;5597;227;3784;1585;3;2645;1202;901;437;105;4213;221;256;232;252;225;244;299;327;357;287;306;312;262;220;157;139;72;31;14;4029;215;247;235;227;178;216;299;349;322;263;268;252;279;193;162;131;93;56;44;552;2019;1136;3022;1509;4;7625;364;104;64;76;9;3411;1058;1083;505;532;155;78;1
2024;2025;4081;10278;3815;3137;678;481;121;75;3;2887;17;902;1968;0;928;502;216;197;13;1881;90;122;105;101;87;87;87;122;126;147;116;121;122;116;89;107;79;39;18;1934;68;116;94;81;83;64;101;122;140;132;113;134;144;138;115;106;105;48;30;188;880;559;1705;483;0;3600;80;77;26;30;3;1632;480;632;202;224;81;13;1
2024;2025;4082;10354;17816;10173;7643;4421;2379;839;4;10359;216;6511;3630;3;7457;3176;3050;1207;24;9091;453;472;494;507;527;634;626;637;646;629;639;662;617;443;377;312;228;126;62;8725;397;432;449;454;490;521;576;598;622;578;594;619;596;463;381;354;299;181;121;1271;4089;2530;6838;3070;18;16402;617;317;309;157;14;7490;2419;2453;1045;1044;370;159;1
2024;2025;4083;10322;4906;3859;1047;676;287;84;0;3642;40;1540;2060;3;1264;657;340;236;31;2419;93;137;134;102;118;106;155;156;183;197;159;205;156;151;141;114;68;31;13;2487;114;139;108;136;113;125;137;166;180;178;176;174;174;164;140;125;80;43;15;248;1295;602;2125;636;0;4631;141;68;29;36;3;2126;621;800;293;320;72;20;1
2024;2025;4084;13669;692;595;97;85;3;9;0;555;7;90;458;0;137;95;14;28;0;359;14;30;19;15;22;13;17;30;35;24;32;34;21;18;12;15;5;3;0;333;23;21;16;12;11;7;17;37;30;29;21;27;24;15;13;17;8;4;3;51;168;102;259;112;0;639;3;44;3;5;0;294;83;97;54;48;11;3;1
2024;2025;4091;11681;1743;1489;254;193;39;22;0;1418;53;966;399;0;325;207;61;54;3;890;48;52;46;37;40;30;55;70;69;63;61;64;84;58;45;35;18;10;5;853;42;49;35;38;35;32;63;59;71;46;53;81;73;58;42;33;22;15;6;98;431;202;713;299;0;1634;66;20;10;12;3;771;229;307;88;118;22;7;1
2024;2025;4092;11901;4847;2601;2246;1113;902;228;3;2638;19;1830;789;0;2209;856;910;333;110;2526;138;127;158;159;156;143;184;189;203;204;168;181;134;107;97;92;52;27;7;2321;116;146;152;121;147;147;143;170;189;176;147;156;132;104;113;71;50;32;9;382;1237;588;1868;765;7;4418;226;104;46;44;9;1904;516;631;273;297;127;60;1
2024;2025;4093;11837;969;694;275;175;69;31;0;679;6;416;257;0;290;150;75;60;5;481;32;22;12;14;36;43;36;34;35;21;42;40;37;24;21;16;10;5;3;488;36;27;17;13;46;42;37;32;34;30;30;34;39;18;24;14;8;4;3;91;337;125;295;121;0;863;47;23;21;15;0;416;117;167;55;51;17;9;1
2024;2025;4095;16135;13529;9111;4418;2263;1388;763;4;8774;1733;4218;2817;6;4755;2070;1374;1167;144;6804;344;354;334;339;327;483;585;526;502;438;395;414;448;342;317;288;214;103;51;6725;290;332;308;244;308;481;492;482;480;416;386;449;443;391;343;340;266;175;99;994;3330;1766;5435;1993;11;12427;532;237;196;120;17;6064;2223;2054;738;693;256;100;2
2024;2025;4099;12000;431;385;46;39;7;0;0;361;0;235;126;0;70;56;8;6;0;212;8;10;10;6;13;5;8;21;10;13;12;24;17;23;12;8;7;3;3;219;11;7;8;13;10;8;10;8;10;17;14;35;22;14;10;9;7;5;3;28;81;69;196;57;0;401;19;4;4;3;0;195;55;90;19;19;9;3;1
2024;2025;4100;14375;3774;2784;990;548;347;95;0;2700;21;1910;767;3;1074;506;331;173;64;1872;85;102;104;91;102;115;145;128;138;123;123;139;123;95;93;74;51;32;9;1902;92;89;97;92;82;114;134;143;129;122;125;145;122;108;88;94;57;50;19;229;878;584;1579;502;3;3521;148;44;29;31;3;1641;510;607;216;210;78;20;1
2024;2025;4104;16087;3401;2602;799;496;238;65;0;2506;37;1713;755;3;895;456;264;142;33;1711;106;76;91;77;102;85;88;132;107;97;125;150;128;99;82;75;46;32;13;1690;81;82;73;69;81;95;118;104;107;117;108;141;145;102;83;68;60;41;15;292;810;532;1297;470;0;3090;208;48;26;23;6;1496;495;533;191;190;65;22;1
2024;2025;4105;12753;328;291;37;29;4;4;0;283;5;229;49;0;45;32;6;6;3;178;3;13;16;9;11;3;8;11;7;19;15;12;18;9;10;6;3;5;0;150;7;13;7;3;5;6;9;7;9;9;14;14;9;8;16;8;5;3;3;14;52;43;119;100;0;313;10;0;4;3;0;145;42;57;23;16;3;4;1
2024;2025;4106;12321;393;334;59;54;3;3;0;307;6;203;98;0;86;74;7;5;0;189;4;6;8;11;6;6;8;10;8;12;10;18;12;21;21;12;12;3;3;204;9;9;12;5;7;7;6;7;8;18;13;19;16;22;17;10;10;8;3;17;78;43;171;84;0;375;7;6;4;3;0;181;48;93;14;19;4;3;1
2024;2025;4107;12354;1088;856;232;169;46;17;0;822;6;546;270;0;266;156;62;43;5;571;28;20;32;29;22;34;45;42;54;40;37;45;36;30;33;20;20;4;0;517;25;27;29;32;24;20;35;37;46;30;36;40;38;25;37;22;10;3;3;88;253;172;432;143;0;988;60;17;10;12;3;469;144;163;72;66;17;7;1
2024;2025;4110;13161;1380;1087;293;236;36;21;0;1029;14;702;313;0;351;232;53;64;3;706;27;43;53;36;24;42;30;41;75;49;49;52;34;55;40;28;20;6;3;674;22;32;32;40;36;33;35;55;45;46;47;44;43;46;58;30;18;8;4;68;465;156;497;194;0;1307;50;8;4;5;6;619;206;230;71;74;30;8;1
2024;2025;4111;12890;1568;1239;329;196;71;62;0;1168;7;838;323;0;400;211;90;90;9;784;40;51;42;48;38;34;35;64;54;55;48;50;55;41;36;44;25;20;4;784;52;43;46;39;22;28;58;51;49;50;45;59;57;46;37;39;36;19;8;104;401;168;675;220;0;1449;93;3;9;15;0;668;196;248;86;91;37;10;2
2024;2025;4112;12838;888;760;128;101;10;17;0;718;5;504;209;0;170;109;19;39;3;466;30;32;23;19;26;18;20;33;28;25;36;42;46;23;24;21;11;6;3;422;20;25;14;19;21;8;18;40;26;27;31;40;38;29;22;17;14;4;9;47;203;85;416;136;3;832;34;8;5;9;0;347;62;154;50;54;20;7;1
2024;2025;4117;10760;956;857;99;74;16;9;0;843;41;601;201;0;113;70;22;19;3;485;29;29;21;24;15;18;19;40;38;28;25;40;44;37;34;28;10;6;0;471;24;31;24;19;16;11;29;34;33;28;21;46;36;39;23;28;17;7;5;54;223;102;327;250;0;894;36;15;3;8;0;404;103;178;40;55;20;8;1
2024;2025;4120;10911;1600;1244;356;236;84;36;0;1191;20;830;340;3;409;242;100;65;3;817;36;47;47;41;34;48;48;51;71;63;59;57;71;52;41;27;14;7;3;783;42;39;39;38;29;48;39;67;61;51;56;74;63;45;44;19;17;7;5;110;440;207;594;249;0;1479;64;17;27;12;3;665;185;231;112;95;32;10;1
2024;2025;4121;14535;2231;1633;598;405;120;73;0;1553;28;1094;427;4;678;412;141;119;6;1130;42;50;58;43;47;52;77;89;94;75;92;78;96;80;57;44;35;15;6;1101;50;56;50;48;44;51;68;76;75;80;85;79;94;84;58;43;26;22;12;202;445;296;951;337;0;2017;128;42;31;13;0;1027;355;387;116;118;38;13;1
2024;2025;4122;10009;1705;1404;301;193;73;35;0;1322;22;903;397;0;383;207;92;80;4;868;34;43;45;61;57;36;30;46;62;72;60;76;56;54;47;43;33;10;3;837;38;41;49;41;39;30;38;52;61;53;62;71;71;50;43;43;32;14;9;90;347;242;780;246;0;1601;59;18;11;16;0;706;192;262;101;107;29;15;1
2024;2025;4123;10360;8153;5646;2507;1254;830;422;3;5260;85;3512;1660;3;2893;1195;979;648;71;4081;182;238;244;238;251;307;308;317;297;286;251;273;240;193;147;116;95;63;35;4072;197;165;196;219;240;246;318;286;291;276;244;292;239;172;193;159;148;103;88;562;2010;1197;3089;1288;7;7521;326;140;93;70;3;3540;1316;1090;436;464;174;60;2
2024;2025;4124;15615;1696;1475;221;179;16;26;0;1395;29;921;445;0;301;221;30;47;3;868;36;43;28;46;38;34;53;53;65;53;62;82;52;71;59;48;28;8;9;828;38;33;40;42;32;38;45;59;69;49;62;61;62;67;48;41;24;11;7;113;355;213;738;277;0;1573;76;24;10;13;0;762;228;325;87;82;30;10;1
2024;2025;4125;15645;2462;1991;471;351;72;48;0;1950;66;1316;567;3;512;318;85;106;3;1241;44;61;68;67;61;65;66;86;78;83;87;104;113;85;62;44;49;15;3;1221;49;53;61;49;53;57;80;78;76;83;82;86;113;91;54;60;45;30;21;136;616;295;1063;352;0;2303;87;32;17;23;0;1084;341;420;112;150;50;11;1
2024;2025;4131;11886;3719;3015;704;470;145;89;0;2892;87;1596;1209;0;827;494;166;159;8;1869;91;93;94;80;91;98;102;124;144;134;103;176;148;108;118;74;58;24;9;1850;79;92;85;74;80;94;116;129;120;126;133;166;149;122;94;64;60;44;23;308;946;511;1394;550;10;3386;187;80;33;29;4;1699;586;659;193;181;62;18;1
2024;2025;4132;11913;1414;1121;293;217;59;17;0;1052;18;655;379;0;362;243;76;37;6;727;27;30;18;27;35;36;44;44;52;51;49;58;81;45;47;41;24;14;4;687;30;25;18;19;23;46;50;37;43;46;39;66;73;51;42;44;18;10;7;108;449;195;497;164;3;1295;59;24;21;12;3;705;273;291;63;53;18;7;1
2024;2025;4134;12122;1375;1195;180;97;46;37;0;1177;61;804;312;0;198;101;43;54;0;700;39;44;41;52;22;21;44;55;48;50;42;69;51;26;41;24;15;12;4;675;40;46;38;42;22;34;39;45;50;61;37;57;35;34;39;27;19;6;4;63;326;196;501;289;0;1300;51;7;3;14;0;542;140;198;73;81;31;19;1
2024;2025;4135;12047;2209;1747;462;293;114;53;3;1712;95;1120;497;0;497;279;119;99;0;1149;44;55;61;56;63;54;59;82;73;90;88;105;81;70;56;51;34;16;11;1060;46;55;39;41;55;40;68;84;68;77;57;88;93;76;58;38;39;24;14;173;503;268;848;409;8;2010;112;42;16;24;5;1004;351;381;114;103;44;11;1
2024;2025;4136;12140;1763;1371;392;241;122;29;0;1377;27;941;409;0;386;178;140;63;5;862;59;35;35;45;34;66;72;70;67;51;70;63;57;49;37;33;12;6;3;901;54;54;48;35;40;69;71;75;59;53;56;66;66;38;51;31;18;11;6;116;616;270;531;230;0;1626;89;20;7;21;0;781;259;297;90;86;37;12;1
2024;2025;4137;12783;543;448;95;50;33;12;0;425;11;286;128;0;118;57;36;21;4;273;12;14;23;18;13;14;19;13;15;18;18;30;18;15;15;5;9;3;3;270;12;14;11;13;11;15;16;19;23;19;16;25;17;21;13;10;7;7;3;47;144;63;184;93;12;493;27;11;8;4;0;216;50;95;26;30;12;3;1
2024;2025;4138;12778;755;678;77;51;22;4;0;649;23;462;164;0;106;58;20;28;0;388;11;18;21;22;25;15;22;18;19;21;33;54;32;29;23;12;4;7;3;367;16;15;18;24;9;12;16;12;30;23;40;27;38;28;19;14;11;12;3;35;134;82;345;156;3;719;19;13;3;3;0;315;86;125;43;33;21;7;1
2024;2025;4139;16625;8672;5115;3557;1884;1365;307;3;5417;1885;1264;2264;4;3255;1409;1286;471;89;4435;242;253;227;254;257;285;309;326;344;275;310;308;343;216;160;157;104;47;18;4237;219;228;214;216;240;257;286;281;284;283;271;311;312;248;185;156;126;75;45;823;2558;1129;2902;1238;22;7795;314;283;184;87;9;3702;1305;1178;495;463;168;93;1
2024;2025;4140;12454;3023;2180;843;362;400;81;0;2268;66;1577;625;0;755;296;325;126;8;1492;86;93;77;85;85;82;97;112;89;93;89;99;113;98;87;40;41;18;8;1531;82;94;72;67;84;78;100;104;88;84;96;103;103;126;72;60;55;38;25;223;772;424;1115;480;9;2786;165;31;21;19;3;1277;400;474;154;144;68;37;1
2024;2025;4141;13174;9634;5301;4333;2043;1952;334;4;5800;143;3596;2060;3;3834;1453;1725;482;174;4914;209;252;277;264;289;361;368;375;329;321;313;323;350;274;221;192;115;51;30;4720;225;241;220;215;273;281;297;337;294;313;304;331;359;294;227;219;154;80;56;770;2634;1107;3649;1467;7;8782;367;190;183;87;25;4195;1558;1347;481;458;209;142;2
2024;2025;4142;13043;893;787;106;69;24;13;0;779;50;500;229;0;114;67;25;22;0;455;20;24;26;21;20;25;26;26;36;28;36;35;45;25;31;16;5;4;6;438;23;29;26;14;17;18;26;25;38;23;30;41;49;23;17;20;7;6;6;64;228;122;309;170;0;818;26;27;10;12;0;376;112;146;46;45;16;11;2
2024;2025;4143;13042;1160;1035;125;85;25;15;0;1022;78;630;314;0;138;79;23;30;6;572;27;31;19;26;25;33;25;38;37;25;38;56;65;46;37;21;5;13;5;588;26;24;28;29;31;31;34;28;37;26;46;67;60;38;36;23;14;7;3;84;206;124;444;302;0;1066;52;23;8;11;0;507;170;183;77;32;30;15;1
2024;2025;4144;13005;4608;3702;906;542;274;90;0;3626;128;2454;1042;3;982;511;304;152;15;2251;111;108;99;111;97;146;179;157;153;126;161;153;186;124;119;100;72;38;11;2357;89;90;102;120;100;135;164;151;137;141;154;160;186;158;139;131;90;60;50;300;1142;690;1830;646;0;4274;201;52;40;39;3;2152;794;802;236;227;67;26;1
2024;2025;4145;10562;1803;1299;504;285;141;78;0;1271;41;854;375;3;532;246;160;124;3;936;59;43;48;40;35;54;80;71;73;73;55;65;76;59;40;32;17;9;7;867;39;48;38;35;41;54;64;58;72;54;48;81;63;62;36;28;24;15;7;171;502;255;619;255;3;1612;90;48;21;25;7;794;272;271;115;88;31;17;1
2024;2025;4146;10866;3801;2542;1259;485;568;204;3;2624;88;1780;755;3;1177;395;510;243;29;1895;120;111;99;92;97;132;148;141;129;100;116;138;138;90;93;60;53;29;9;1906;89;94;105;97;104;131;155;137;117;113;110;145;133;104;89;75;62;33;13;344;1086;464;1300;598;9;3422;250;63;26;39;3;1625;513;599;196;203;75;39;1
2024;2025;4147;10301;1381;1182;199;130;43;26;0;1158;36;843;279;0;223;131;46;45;3;696;32;42;37;35;35;33;38;49;46;48;41;58;49;58;34;31;20;8;3;685;36;30;45;34;29;27;45;33;56;48;51;51;49;39;42;27;18;17;8;68;319;146;582;266;0;1306;47;9;5;8;6;604;193;223;70;82;27;9;2
2024;2025;4161;12170;2516;1888;628;435;159;34;0;1799;99;981;718;3;717;394;208;98;17;1290;60;65;65;54;73;90;88;82;93;100;95;104;109;64;46;49;25;19;9;1226;52;60;72;53;68;79;85;65;96;77;83;113;97;70;49;36;30;29;12;190;559;317;1001;445;4;2302;118;43;26;26;3;1092;346;404;132;147;40;23;1
2024;2025;4163;11953;5924;4223;1701;869;578;254;0;4036;63;2429;1542;3;1888;853;590;372;73;2943;156;128;154;154;140;208;239;209;191;183;212;227;205;154;127;120;79;41;16;2981;141;120;169;151;147;215;195;188;215;194;191;217;176;163;147;133;112;66;41;491;1378;705;2336;1009;5;5377;292;115;70;59;11;2610;865;954;320;315;116;40;1
2024;2025;4164;12114;1128;951;177;151;15;11;0;925;69;647;208;3;203;162;20;20;3;559;32;21;28;29;21;18;34;35;44;40;42;51;46;29;34;25;20;6;4;569;31;36;22;29;25;22;37;37;47;35;31;48;42;28;37;26;21;9;6;69;232;113;440;274;0;1049;40;16;11;11;3;464;121;183;57;74;18;11;1
2024;2025;4165;12065;3887;3241;646;420;160;65;3;3046;109;1770;1167;0;841;471;206;157;7;1950;83;114;102;98;134;115;109;105;131;119;153;159;163;108;110;69;44;21;13;1937;93;80;98;103;91;92;118;114;131;133;163;146;164;110;103;91;66;34;7;209;925;407;1686;660;0;3646;126;38;40;35;3;1698;548;592;227;233;81;17;1
2024;2025;4169;15389;2946;2331;615;457;101;55;3;2238;153;1388;697;0;708;445;116;132;15;1483;63;91;72;66;67;79;81;91;91;90;100;143;142;95;82;52;40;28;10;1463;58;80;52;76;73;66;94;81;107;81;117;134;118;104;71;62;49;32;8;158;710;364;1105;608;3;2763;93;43;22;25;0;1327;422;521;164;162;45;13;1
2024;2025;4170;15390;3858;2480;1378;998;260;120;0;2414;521;1184;707;3;1444;971;269;201;3;2042;85;109;104;102;118;105;118;157;153;154;144;164;143;127;90;67;46;39;17;1816;78;74;99;102;103;71;95;113;128;136;108;152;127;94;103;79;74;53;27;231;823;563;1398;835;8;3594;109;54;61;30;10;1701;629;545;190;235;73;29;1
2024;2025;4172;12357;1077;754;323;243;60;20;0;717;16;415;286;0;360;241;72;44;3;545;32;33;26;19;27;35;42;41;52;40;35;53;33;23;15;16;17;5;3;532;21;24;33;25;23;34;45;37;44;35;40;45;28;29;17;20;18;8;6;88;320;133;393;143;0;983;58;6;22;7;3;481;163;169;64;58;23;4;1
2024;2025;4173;12472;584;531;53;31;10;12;0;507;44;339;124;0;77;42;15;20;0;306;8;20;22;30;13;5;13;17;22;15;31;27;24;20;11;13;7;7;3;278;8;16;14;18;17;5;5;25;14;22;27;28;24;18;7;12;9;5;4;29;87;56;275;137;0;553;20;4;5;3;0;241;75;79;30;35;18;4;1
2024;2025;4175;12509;1185;985;200;154;30;16;0;952;47;648;257;0;233;158;48;27;0;598;32;29;31;25;27;39;40;39;38;63;42;44;49;27;28;16;22;6;3;587;24;50;32;17;31;29;44;31;49;54;36;49;41;27;23;19;19;7;5;82;296;157;402;247;3;1096;52;17;11;7;3;506;160;173;69;81;18;5;1
2024;2025;4176;12964;728;494;234;189;31;14;0;461;12;324;125;0;267;196;34;30;7;375;16;18;16;12;19;14;23;25;40;29;32;34;34;20;15;17;6;3;3;353;14;15;16;18;15;21;18;24;29;23;25;31;28;24;21;16;4;5;6;64;190;84;254;135;3;658;28;23;10;6;3;314;100;117;39;37;14;7;1
2024;2025;4177;12980;1653;1150;503;380;92;31;0;1094;5;579;510;0;559;365;118;73;3;870;35;52;42;37;48;47;54;66;58;69;72;83;66;42;35;24;30;7;3;783;32;34;41;36;39;32;59;50;70;63;67;62;57;43;36;30;20;10;3;87;398;257;651;259;3;1555;49;16;21;12;0;745;237;278;107;96;21;6;2
2024;2025;4181;10353;1429;1264;165;109;38;18;0;1193;99;692;402;0;236;135;49;45;7;718;34;36;39;33;43;41;42;59;41;42;52;58;52;61;37;28;11;5;4;711;33;39;43;22;37;54;39;47;63;41;41;64;56;46;27;28;15;9;7;82;297;177;546;322;5;1335;56;23;3;12;0;609;171;239;75;85;33;6;1
2024;2025;4182;10359;1077;948;129;82;25;18;4;911;60;601;250;0;166;100;31;33;3;567;25;13;32;41;44;33;30;41;25;51;39;50;44;28;21;18;22;6;4;510;16;27;27;25;28;29;34;29;27;41;40;49;29;39;16;29;17;6;3;95;189;102;430;261;0;978;52;27;15;4;3;479;164;178;49;57;22;9;1
2024;2025;4183;10309;1265;1024;241;174;33;34;0;981;64;617;300;0;284;177;40;61;6;630;38;38;35;26;30;25;46;43;50;43;50;50;59;28;22;23;14;6;4;635;38;37;40;29;23;24;49;53;42;50;36;63;48;28;24;22;16;10;3;52;290;182;430;311;0;1207;39;7;5;7;0;526;152;190;61;86;24;13;1
2024;2025;4184;15388;2176;1729;447;318;85;44;0;1655;42;1163;450;0;521;349;93;75;4;1095;32;50;51;59;36;49;49;63;89;75;88;94;98;85;69;51;39;12;6;1081;56;45;64;40;44;47;44;71;83;67;98;73;95;89;59;46;26;18;16;131;461;306;849;429;0;2034;88;26;15;12;3;984;308;422;92;102;42;18;2
2024;2025;4185;16615;2940;2341;599;413;131;54;3;2173;74;1368;730;3;767;438;194;125;10;1478;83;78;93;74;47;65;86;118;117;95;103;119;117;94;93;58;22;11;5;1462;64;87;81;67;53;62;89;122;123;91;103;115;111;97;88;41;30;21;17;217;755;419;1063;486;0;2703;119;56;35;23;4;1206;357;441;148;149;75;36;2
2024;2025;4186;16626;2667;2155;512;295;174;42;3;2055;82;1302;671;0;612;303;175;102;32;1350;59;71;74;80;98;91;83;75;81;89;101;116;102;76;66;42;28;15;3;1317;57;75;60;64;79;86;71;82;87;87;118;112;91;84;61;50;30;14;9;205;584;321;1059;498;0;2448;156;25;19;16;3;1103;304;401;152;176;48;22;1
2024;2025;4191;11783;802;674;128;102;11;15;0;653;18;424;209;3;149;111;17;21;0;412;25;23;34;27;21;14;21;30;24;23;29;37;29;30;15;14;8;7;3;390;23;27;18;14;13;19;27;32;32;25;32;31;32;24;11;12;8;7;3;35;216;93;322;136;0;760;19;13;3;7;3;316;73;114;51;57;13;8;2
2024;2025;4192;11790;1770;1435;335;232;78;25;0;1375;16;885;473;3;395;233;93;66;3;866;40;48;35;39;54;49;61;62;56;61;63;60;62;57;47;34;24;13;3;904;27;49;41;38;43;76;57;66;65;54;73;67;67;59;55;27;27;5;8;138;582;178;662;210;0;1624;83;32;16;11;4;812;273;308;97;97;31;6;1
2024;2025;4193;11472;920;679;241;163;66;12;0;664;5;433;226;0;256;115;103;34;4;474;28;28;33;13;22;28;40;40;45;32;32;39;31;24;13;15;6;5;0;446;23;25;37;17;11;28;38;28;42;33;34;30;31;22;19;14;8;3;4;71;278;125;307;139;0;837;37;18;15;13;0;388;118;136;46;61;19;8;1
2024;2025;4194;11566;2428;1736;692;420;199;73;0;1752;29;1197;526;0;676;311;229;110;26;1250;67;67;74;85;91;81;67;85;91;81;70;102;84;74;49;39;30;9;4;1178;56;67;64;64;58;51;78;79;98;80;80;95;91;76;48;46;25;13;9;154;619;282;1011;362;0;2260;103;30;18;17;0;958;240;343;127;174;54;20;1
2024;2025;4195;12167;1605;1343;262;163;77;22;0;1300;40;884;375;3;305;168;82;52;3;799;33;31;44;42;53;44;53;47;63;35;57;77;76;59;40;25;13;4;3;806;34;30;46;32;62;43;43;53;57;38;54;86;73;56;41;24;19;9;6;143;373;236;614;239;0;1450;111;25;7;12;0;717;234;257;96;99;21;10;1
2024;2025;4196;12252;2536;1843;693;455;164;74;0;1830;19;1144;664;3;706;367;204;133;3;1271;66;68;80;61;78;77;68;100;102;75;77;103;93;83;47;52;29;9;3;1265;65;79;78;64;65;74;68;89;100;71;84;102;74;86;55;53;31;13;14;193;755;328;924;336;0;2327;113;46;28;20;3;1085;359;362;136;152;50;26;1
2024;2025;4197;11996;1024;790;234;155;53;26;0;796;7;496;292;3;228;125;51;51;3;512;33;21;20;36;21;27;33;53;32;31;32;37;46;29;30;18;11;3;0;512;35;23;21;17;25;29;37;38;38;35;33;44;44;30;31;17;12;3;3;70;377;136;330;111;0;938;47;18;5;16;0;473;185;149;61;53;18;7;1
2024;2025;4198;12235;1387;1058;329;242;59;28;0;1031;20;630;381;0;356;196;81;75;4;715;43;35;50;32;35;56;67;52;56;59;47;60;44;24;21;15;10;6;3;672;40;38;34;27;46;43;56;44;60;43;51;51;50;32;19;18;13;4;3;131;387;184;479;202;4;1242;91;30;8;14;3;605;195;210;82;91;21;6;1
2024;2025;4199;12139;1570;1017;553;339;179;35;0;1003;11;703;287;3;567;268;189;86;24;831;35;39;30;33;43;78;83;69;64;55;63;77;54;33;31;23;16;3;3;739;40;36;32;30;44;65;64;58;51;47;47;54;43;38;36;22;13;9;10;189;480;283;433;183;3;1366;136;31;20;16;3;732;287;237;99;77;22;10;1
2024;2025;4200;12179;4382;2980;1402;728;536;137;3;2995;38;2171;784;3;1387;551;568;224;44;2258;141;138;137;98;101;148;203;180;172;157;145;165;152;97;92;70;34;22;6;2124;127;125;101;101;98;156;174;192;152;133;145;149;126;102;80;73;47;26;17;302;1200;638;1590;652;0;4025;192;66;39;58;3;1826;565;594;257;280;91;39;2
2024;2025;4201;12782;11314;7868;3446;1923;788;733;3;7601;260;4680;2660;3;3713;1658;967;1008;80;5728;321;285;267;219;277;551;646;552;435;331;333;320;313;235;228;168;133;76;38;5586;257;268;240;217;270;522;571;434;403;310;311;335;307;276;255;205;180;125;100;881;3085;1901;3766;1667;14;10303;501;233;131;127;19;5377;2189;1786;595;538;193;76;2
2024;2025;4202;12411;3310;2713;597;472;74;51;0;2573;23;1528;1022;0;737;491;106;139;3;1703;61;77;79;65;93;73;103;109;137;90;115;179;165;109;98;64;59;18;9;1607;58;72;54;60;57;75;101;99;118;112;117;155;162;124;98;63;50;18;14;247;887;444;1272;458;3;3039;144;74;28;25;0;1551;496;658;190;158;39;10;1
2024;2025;4203;12367;4987;3760;1227;608;395;222;3;3666;91;2493;1082;0;1321;571;407;298;45;2562;102;145;114;163;160;166;144;161;208;174;172;196;189;143;112;99;68;36;10;2425;120;128;127;127;109;122;136;145;179;172;160;179;175;157;135;110;82;40;22;339;1166;646;2080;715;41;4604;225;65;34;47;12;2056;604;727;296;305;92;32;1
2024;2025;4204;12561;4958;3511;1447;744;473;230;0;3264;60;2217;987;0;1694;683;604;372;35;2492;131;158;163;134;152;163;166;159;207;174;174;157;185;114;95;76;54;17;13;2466;127;156;137;131;146;139;151;183;189;200;155;180;154;131;100;85;56;30;16;332;1107;791;1972;756;0;4587;206;75;46;43;3;2017;593;645;286;347;107;39;2
2024;2025;4205;13113;3168;2287;881;519;239;123;0;2207;47;1322;836;3;961;394;289;252;26;1639;100;99;68;86;99;135;146;132;125;119;87;118;96;78;58;43;30;15;5;1529;81;93;73;77;77;121;117;135;121;105;100;104;94;78;44;44;36;19;10;250;913;433;1128;443;3;2882;151;56;41;37;3;1332;428;436;174;204;60;30;2
2024;2025;4206;12833;6229;4676;1553;911;435;207;0;4594;113;3160;1319;3;1635;741;495;362;37;3210;182;207;179;170;159;217;261;242;279;215;209;242;209;136;114;96;53;25;15;3019;155;168;177;161;137;209;221;235;272;205;208;184;175;139;146;95;66;43;23;518;1609;806;2311;985;0;5657;340;100;67;62;3;2617;797;920;339;393;129;39;2
2024;2025;4207;13056;3155;2453;702;459;181;62;0;2415;75;1647;693;0;740;383;222;129;6;1623;70;89;110;101;78;77;103;120;120;119;114;113;112;98;73;65;44;11;6;1532;78;83;73;70;74;52;83;116;110;104;118;125;113;103;77;73;45;13;22;181;730;403;1352;484;5;2950;128;29;24;22;3;1309;377;476;178;188;63;27;1
2024;2025;4208;12949;4494;3932;562;372;144;46;0;3714;78;2381;1255;0;780;451;182;144;3;2224;96;121;114;110;109;138;137;140;143;133;155;193;176;145;111;90;66;29;18;2270;96;101;129;122;98;111;126;145;147;144;168;189;168;167;104;95;78;56;26;294;1094;548;1728;830;0;4171;211;53;26;33;0;1970;637;703;249;269;86;26;2
2024;2025;4209;12996;5652;4189;1463;773;502;187;3;4227;147;2901;1179;0;1425;690;440;268;27;2835;151;162;136;163;130;171;209;226;198;184;201;213;179;142;137;101;77;37;18;2817;157;151;139;140;125;161;190;208;216;206;195;165;191;143;129;98;101;68;34;366;1273;704;2158;1151;0;5241;242;74;43;48;4;2456;817;837;318;344;105;35;2
2024;2025;4210;10579;4402;3535;867;571;204;90;3;3429;69;2275;1082;3;973;479;280;199;15;2256;164;142;105;90;87;152;190;209;217;141;126;160;137;116;72;60;48;24;16;2146;123;156;91;96;75;163;186;195;198;122;117;145;116;100;89;71;56;32;15;320;1401;685;1338;658;0;4031;238;56;20;56;3;1911;605;684;226;286;97;13;2
2024;2025;4221;11741;1120;904;216;160;34;22;0;894;15;193;686;0;226;140;50;36;0;558;27;25;34;33;31;20;49;52;38;38;46;48;44;27;26;11;3;3;3;562;31;30;37;27;36;25;46;46;36;48;39;58;37;28;20;7;8;3;3;123;294;115;397;191;0;990;48;57;17;8;0;477;129;180;70;74;22;3;1
2024;2025;4222;11764;1603;1325;278;202;49;27;0;1238;36;505;697;0;365;208;94;62;3;830;44;53;49;33;40;45;56;64;61;60;51;68;65;57;33;29;13;6;3;773;46;48;40;31;34;36;56;60;59;41;54;68;73;47;36;23;9;8;4;115;386;231;587;284;0;1476;53;43;16;15;0;676;202;245;90;95;33;11;1
2024;2025;4223;11659;2301;1789;512;377;95;40;0;1739;70;534;1135;0;562;334;143;84;3;1199;61;72;86;92;89;69;59;85;97;80;83;108;71;50;39;31;13;9;5;1102;62;60;73;61;83;58;61;88;90;80;92;82;60;49;40;20;19;18;6;132;524;374;770;494;7;2153;50;46;32;17;3;894;256;268;122;160;64;24;1
2024;2025;4224;11875;1309;1125;184;156;12;16;0;1122;54;555;513;0;187;141;24;22;0;653;44;39;47;37;24;28;59;42;56;47;49;40;38;39;22;19;16;4;3;656;48;30;37;36;38;34;49;45;50;39;43;39;42;42;28;20;17;9;10;84;312;178;421;314;0;1207;41;27;12;18;4;538;170;177;72;73;30;16;1
2024;2025;4226;11888;637;567;70;54;8;8;0;552;23;287;242;0;85;53;10;22;0;330;17;19;12;22;18;20;13;20;22;19;30;37;26;22;12;9;7;3;3;307;9;27;16;18;20;11;13;23;26;20;24;31;28;12;14;10;3;0;3;28;121;90;258;140;0;610;11;9;3;4;3;244;52;91;36;41;16;8;1
2024;2025;4227;11910;716;644;72;53;11;8;0;631;15;402;214;0;85;59;14;12;0;369;21;21;15;15;32;15;21;21;37;21;19;21;35;32;18;13;9;3;0;347;23;17;18;17;10;21;24;28;35;17;21;21;31;30;18;8;3;5;0;58;180;98;240;140;0;657;36;14;3;4;3;305;94;113;29;50;15;4;1
2024;2025;4228;11800;3114;2479;635;435;134;66;0;2418;68;1472;877;3;696;395;172;125;4;1590;81;89;82;77;99;106;123;121;124;106;112;105;106;74;75;55;32;16;7;1524;78;79;86;81;84;101;96;115;107;97;102;103;110;86;65;48;40;30;16;162;755;473;1110;614;0;2928;97;45;12;27;5;1309;449;424;159;169;68;40;1
2024;2025;4229;11464;1245;998;247;191;21;35;0;972;29;551;392;0;273;180;28;65;0;629;31;34;36;41;29;32;28;48;52;53;49;41;40;49;26;30;7;3;0;616;20;41;37;27;32;31;36;46;60;41;47;41;48;39;31;20;10;6;3;130;342;144;428;200;3;1117;73;26;19;8;3;532;178;173;64;85;21;11;1
2024;2025;4230;11490;1297;1123;174;120;39;15;0;1076;31;520;525;0;221;132;49;40;0;642;40;45;35;32;36;22;38;39;49;42;36;62;52;46;25;22;15;6;0;655;32;37;34;41;30;26;42;45;50;34;53;63;52;39;31;26;10;6;4;58;294;181;524;240;0;1224;32;19;4;17;3;521;127;193;73;93;31;4;2
2024;2025;4231;11564;1417;1153;264;212;32;20;0;1127;28;123;976;0;290;202;39;45;4;759;50;33;41;54;30;48;57;60;46;69;56;57;54;39;28;14;14;5;4;658;35;39;37;40;34;40;53;47;47;51;48;58;41;24;26;10;15;10;3;79;345;173;554;266;0;1330;17;53;6;10;3;605;195;204;76;91;28;11;1
2024;2025;4232;12104;241;208;33;27;3;4;0;202;7;91;104;0;39;30;3;6;0;120;9;11;3;6;5;6;7;8;13;9;7;8;9;6;6;3;3;3;0;121;9;12;6;5;5;3;6;13;13;6;8;6;12;6;4;6;3;0;0;20;81;36;63;41;0;219;13;5;3;3;0;89;20;28;13;20;4;4;1
2024;2025;4233;12638;422;378;44;25;6;13;0;362;3;231;128;0;60;30;10;19;3;208;9;16;17;16;6;4;8;15;18;18;12;21;13;13;11;7;3;3;0;214;25;15;11;8;11;4;13;28;18;17;14;10;13;12;8;4;3;3;0;21;87;81;119;114;0;394;10;9;3;7;0;151;25;61;18;26;15;6;1
2024;2025;4234;15503;3893;3043;850;547;260;43;0;2950;108;1061;1781;0;943;496;307;116;24;1987;92;122;122;101;119;136;140;139;124;147;153;156;153;94;71;49;39;19;11;1906;96;123;97;104;119;104;113;115;153;129;156;154;152;96;61;65;31;23;15;282;863;482;1498;765;3;3585;89;110;63;32;14;1503;404;526;188;258;91;36;2
2024;2025;4235;12358;1347;1072;275;177;76;22;0;1033;27;336;670;0;314;164;86;56;8;688;42;54;31;20;34;50;60;53;52;38;44;56;48;39;30;14;10;10;3;659;35;40;36;32;28;45;38;60;51;36;44;55;46;39;28;20;12;4;10;104;372;177;434;260;0;1237;19;56;23;11;3;594;211;191;71;87;23;11;2
2024;2025;4236;12438;8712;6621;2091;1180;706;203;3;6442;2786;877;2778;3;2270;1080;778;368;44;4326;209;213;220;222;260;310;350;285;319;260;279;312;296;223;209;161;127;53;18;4386;193;241;230;232;222;285;271;304;296;268;297;300;306;247;203;212;148;87;44;568;2014;1054;3268;1801;7;8068;273;214;76;72;9;3862;1330;1355;460;502;163;52;2
2024;2025;4237;12446;1630;1384;246;161;36;49;0;1328;28;174;1126;0;302;164;44;90;4;840;47;58;61;60;43;43;41;59;58;55;54;66;66;53;30;27;11;4;4;790;38;51;46;43;42;29;51;55;69;61;60;61;51;53;35;17;13;7;8;98;306;234;673;319;0;1523;30;62;4;9;3;618;128;219;87;136;41;7;1
2024;2025;4238;12851;960;790;170;117;32;21;0;771;7;322;441;3;189;111;41;36;3;509;25;20;19;15;33;40;44;39;32;40;22;46;42;45;21;13;7;4;3;451;13;20;17;10;28;30;34;30;38;33;20;44;44;32;29;16;8;4;3;78;267;156;329;130;0;873;41;30;7;9;0;452;155;172;61;52;10;3;1
2024;2025;4239;12983;4491;3529;962;550;279;132;3;3447;150;719;2577;3;1044;514;294;202;34;2244;99;112;145;137;139;139;144;150;144;146;166;177;161;137;81;74;50;30;13;2247;113;111;108;149;126;132;130;148;163;141;170;171;155;126;94;77;71;42;20;327;914;478;1794;978;0;4130;73;201;50;37;0;1870;551;673;230;268;110;38;2
2024;2025;4240;10468;3186;2600;586;440;101;45;0;2494;45;1509;940;0;692;389;169;120;14;1587;73;97;79;78;91;92;91;115;121;98;93;136;135;90;69;55;44;23;7;1599;73;62;93;87;71;81;98;116;114;106;120;152;117;91;93;51;40;19;15;211;766;517;1218;471;3;2948;121;55;31;28;3;1361;411;479;199;186;72;14;1
2024;2025;4251;12228;850;766;84;58;21;5;0;740;15;453;272;0;110;59;31;19;3;424;22;22;22;16;18;16;23;30;33;26;27;37;39;36;25;14;13;3;4;426;15;20;30;18;9;18;20;33;32;25;28;41;31;42;25;14;11;7;7;44;163;74;312;257;0;798;32;6;6;8;0;365;100;149;53;41;15;7;1
2024;2025;4252;12643;5824;4021;1803;1231;438;133;3;3831;37;718;3076;0;1993;1081;520;341;51;2969;142;146;150;149;140;197;209;228;255;188;203;246;199;153;118;103;80;50;13;2855;144;138;119;135;127;176;192;226;207;180;207;201;201;146;124;135;93;67;37;502;1130;671;2600;921;0;5265;162;264;68;61;4;2581;883;865;371;339;96;27;2
2024;2025;4253;12711;3888;3298;590;444;65;80;3;3027;51;1051;1925;0;861;562;113;181;5;1900;57;106;120;114;87;73;79;85;153;134;142;174;153;117;92;95;77;30;12;1988;79;93;129;111;78;59;91;105;141;134;153;183;153;123;99;115;61;46;35;157;643;447;1978;663;0;3722;75;43;23;15;10;1648;464;615;237;257;62;13;2
2024;2025;4254;12429;11389;8267;3122;2132;728;258;4;7948;391;3411;4143;3;3441;1953;935;490;63;5696;258;269;346;344;293;322;359;359;432;414;416;450;426;307;249;193;141;85;33;5693;235;276;303;315;265;286;327;361;454;410;419;475;378;324;261;234;183;111;76;531;2142;1294;4970;2452;0;10786;251;126;133;86;7;4790;1392;1713;695;714;197;79;2
2024;2025;4255;12355;1563;1010;553;408;119;26;0;923;32;408;483;0;640;388;158;89;5;828;44;25;24;28;52;44;51;72;65;55;76;87;72;42;35;26;16;13;3;735;37;27;13;25;36;53;58;42;48;54;67;64;69;44;34;29;17;15;3;136;427;226;543;231;0;1414;72;34;21;18;4;714;233;287;96;67;21;10;2
2024;2025;4256;12468;1081;865;216;173;26;17;0;822;36;473;313;0;259;175;39;43;3;563;19;29;27;20;32;28;22;38;50;45;48;52;52;35;26;19;14;3;4;518;24;25;31;16;24;23;28;38;42;30;41;59;39;25;24;28;11;4;6;86;212;140;397;246;0;991;44;22;17;4;3;487;159;184;66;49;21;8;1
2024;2025;4257;12508;360;303;57;51;3;3;0;278;3;70;207;0;82;65;10;6;3;185;7;8;10;6;5;7;5;11;9;15;15;16;16;17;11;11;11;4;3;175;7;12;5;4;3;4;6;12;10;7;16;20;17;13;7;20;11;3;0;20;62;48;180;50;0;340;3;16;3;0;0;166;47;77;20;13;7;3;1
2024;2025;4258;12911;13820;9087;4733;3234;1006;493;0;8235;2495;819;4916;5;5585;3135;1375;955;120;6846;354;331;331;310;301;377;500;554;555;454;463;522;477;401;272;264;220;108;52;6974;309;326;293;245;289;419;479;506;526;439;456;550;463;431;353;375;251;174;90;787;3016;1898;5792;2323;4;12925;255;302;198;128;12;6565;2630;2175;769;722;207;62;2
2024;2025;4259;12967;883;730;153;134;13;6;0;708;36;425;247;0;175;143;12;19;3;464;22;21;17;25;16;21;26;38;23;37;35;49;43;29;23;20;9;4;6;419;20;12;15;22;13;21;39;20;34;30;30;42;36;23;24;20;7;7;4;45;231;92;296;219;0;832;28;8;9;6;0;413;130;172;53;48;9;3;2
2024;2025;4260;10582;3512;1984;1528;1018;368;142;0;1847;17;1013;817;0;1665;958;422;228;57;1821;110;85;79;82;70;122;136;161;156;131;121;135;145;90;77;58;41;13;9;1691;84;85;81;79;62;99;124;131;119;111;106;131;127;101;82;67;45;37;20;223;989;390;1359;544;7;3256;103;55;60;36;3;1562;560;550;171;190;66;25;1
2024;2025;4261;10462;2065;1660;405;365;22;18;0;1561;61;686;814;0;504;408;36;59;3;1055;69;49;52;58;42;41;65;63;66;69;78;103;91;68;58;39;21;17;6;1010;40;45;44;42;35;32;61;71;68;65;86;108;95;65;59;37;29;22;6;86;441;241;907;390;0;1962;46;30;8;17;3;914;268;357;125;134;25;5;1
2024;2025;4262;10446;1017;907;110;60;36;14;0;876;31;423;422;0;141;79;30;26;6;499;21;13;19;39;26;34;24;33;27;30;27;36;50;37;30;26;17;8;3;518;16;18;21;29;22;21;26;30;25;27;39;50;47;42;33;21;29;9;13;48;175;96;426;272;0;964;26;16;5;5;3;436;126;179;57;49;15;10;2
2024;2025;4263;10310;2545;2014;531;428;69;34;0;1921;77;890;953;3;624;416;103;90;15;1257;53;81;52;67;64;69;49;76;96;96;98;114;104;79;58;46;33;18;4;1288;58;75;61;63;66;55;60;97;91;85;102;113;97;82;53;55;40;21;14;149;586;323;1045;442;0;2378;87;42;18;18;3;1078;279;447;139;166;33;14;1
2024;2025;4264;10329;909;749;160;96;43;19;3;722;32;354;336;0;187;119;36;32;0;443;22;24;25;21;23;29;17;24;20;31;32;36;38;34;29;22;10;4;3;466;23;17;29;24;19;24;21;28;29;39;30;36;47;35;29;17;16;3;3;55;197;107;360;190;0;848;31;15;7;7;3;375;94;147;58;50;17;9;1
2024;2025;4271;11738;8917;4825;4092;2330;1304;454;4;5246;85;2351;2807;3;3671;1694;1185;645;147;4556;248;251;216;219;252;330;418;385;365;348;313;332;277;210;145;114;76;41;16;4361;252;211;208;208;232;353;375;369;334;264;277;298;264;226;167;140;94;48;41;646;2327;1334;3073;1511;26;8166;288;266;90;97;10;4003;1466;1322;545;410;187;73;1
2024;2025;4273;11845;863;770;93;71;17;5;0;749;43;484;222;0;114;71;19;24;0;420;18;31;30;19;11;18;27;31;37;23;33;28;26;22;23;26;10;6;3;443;27;25;30;20;14;15;23;40;38;20;32;32;32;35;26;14;10;4;6;49;193;94;337;190;0;809;28;12;9;5;0;358;105;130;38;57;20;8;1
2024;2025;4274;11636;4339;3771;568;401;82;85;0;3688;145;2087;1456;0;651;394;117;133;7;2181;135;111;115;107;109;96;152;181;162;120;167;156;169;135;97;83;58;22;6;2158;115;109;103;104;105;93;145;173;140;120;168;182;159;158;82;94;56;32;20;290;948;504;1720;864;13;4004;183;81;23;46;3;1864;528;716;274;244;83;19;1
2024;2025;4275;12696;938;789;149;117;22;10;0;774;37;477;260;0;164;109;29;26;0;475;26;28;26;15;22;23;32;34;46;38;43;29;30;21;27;16;14;4;3;463;21;34;25;23;15;19;28;31;50;25;29;34;28;30;27;19;11;9;5;54;245;154;305;180;0;874;26;15;13;10;0;419;142;149;51;55;18;4;1
2024;2025;4276;12677;5106;3869;1237;662;399;176;0;3865;118;2607;1139;3;1241;521;401;282;37;2563;142;174;146;144;133;131;174;208;205;158;169;195;174;136;105;91;44;25;9;2543;137;157;128;136;131;134;165;209;186;158;169;184;166;149;112;95;59;42;26;346;1353;650;1900;852;5;4726;209;70;54;43;4;2112;639;726;277;298;126;46;1
2024;2025;4277;12328;955;781;174;110;52;12;0;790;34;487;269;0;165;82;41;27;15;509;23;22;29;31;32;21;41;40;40;32;39;42;31;28;27;20;8;3;3;446;30;16;17;29;14;24;37;31;39;22;41;33;29;24;20;22;11;3;6;58;223;122;354;197;3;890;33;17;4;9;3;403;125;133;68;50;16;11;1
2024;2025;4279;12335;3128;2414;714;431;215;68;0;2356;106;818;1432;0;772;376;257;123;16;1635;76;72;71;77;83;91;98;134;123;107;137;142;117;105;75;58;40;19;10;1493;69;85;77;76;65;60;96;99;112;107;115;111;108;102;78;49;35;32;17;243;720;385;1198;582;0;2858;98;105;37;27;3;1334;393;523;159;168;66;25;1
2024;2025;4280;12494;15120;9048;6072;3250;2425;397;0;9455;255;5333;3864;3;5665;2184;2587;671;223;7704;473;445;412;398;433;463;612;642;612;513;529;537;480;354;294;234;153;85;35;7416;401;444;397;344;363;483;586;608;536;478;487;502;462;385;318;245;204;102;71;947;3757;2013;5748;2654;3;14018;405;293;217;175;12;6431;2151;2052;862;909;347;110;2
2024;2025;4281;16126;1621;1413;208;158;35;15;0;1395;94;806;495;0;226;150;37;34;5;829;37;59;45;44;54;42;51;66;58;58;50;60;65;50;37;23;14;11;5;792;38;46;52;40;47;44;48;49;55;51;57;68;70;40;24;22;16;20;5;94;325;179;612;411;0;1515;66;20;8;12;0;665;178;260;84;83;48;12;2
2024;2025;4282;12852;9896;7311;2585;1420;902;263;0;7119;1412;2646;3060;3;2777;1051;1193;435;98;5046;253;281;323;300;245;306;314;387;401;345;347;374;303;264;208;197;122;52;24;4850;267;249;265;243;237;268;346;335;379;356;322;320;299;260;230;188;144;77;65;525;2235;1361;3888;1887;0;9288;266;184;67;88;3;4103;1226;1441;537;595;218;86;2
2024;2025;4283;12873;4630;3247;1383;743;408;232;0;3310;124;2041;1144;3;1320;587;426;270;37;2307;101;122;113;121;122;124;170;187;174;170;168;181;151;148;88;83;47;30;7;2323;145;133;118;96;102;125;180;179;156;146;172;169;159;136;112;85;56;26;28;354;1341;563;1590;765;17;4228;217;82;50;51;3;2048;727;713;234;246;89;39;2
2024;2025;4284;10707;1365;1147;218;160;49;9;0;1127;42;739;346;0;238;149;56;25;8;702;29;42;36;35;33;48;50;51;57;45;51;69;44;43;32;24;9;3;3;663;33;40;28;24;17;48;43;63;55;44;53;52;56;38;27;19;9;9;5;102;352;203;444;264;0;1252;67;29;4;12;3;606;197;218;87;69;27;8;1
2024;2025;4285;10590;5098;3551;1547;998;347;202;0;3568;68;2078;1421;3;1530;793;423;262;52;2613;118;114;131;142;155;176;150;201;191;184;174;219;166;139;130;91;85;32;15;2485;119;112;112;138;114;134;139;178;173;161;182;177;173;140;143;119;100;41;30;349;1130;727;2132;750;10;4712;207;87;40;45;7;2254;802;735;311;277;101;28;1
2024;2025;4286;10850;1441;1272;169;123;32;14;0;1234;52;800;382;0;207;114;51;41;3;731;31;36;30;38;40;26;46;35;55;48;64;70;65;51;40;32;12;7;5;710;33;45;32;29;28;27;36;39;58;47;43;73;68;48;45;23;16;15;5;81;389;146;574;251;0;1349;51;13;14;11;3;636;195;255;76;79;20;11;1
2024;2025;4287;10370;2039;1817;222;132;53;37;0;1797;98;1039;660;0;242;131;47;63;3;1020;41;62;69;52;46;35;36;61;65;63;87;96;73;65;47;54;43;14;11;1019;50;54;57;36;36;33;43;72;82;61;77;81;76;62;66;54;44;22;13;96;374;263;897;399;10;1925;74;16;5;19;0;853;223;361;97;117;44;11;1
2024;2025;4288;10338;170;156;14;13;0;3;0;156;9;94;53;0;14;10;0;4;0;91;3;5;5;4;5;4;3;4;9;6;6;7;12;7;7;3;3;3;0;79;3;3;5;5;3;3;3;7;6;6;6;9;9;7;3;3;3;4;3;7;27;19;81;36;0;162;7;0;0;3;0;72;16;38;8;5;3;3;1
2024;2025;4289;14361;12876;10040;2836;1692;698;440;6;9687;2242;3027;4416;3;3189;1524;843;773;49;6372;322;282;326;303;305;410;534;517;507;451;384;419;403;359;276;228;187;109;50;6504;301;359;273;291;292;431;464;522;461;390;386;438;450;386;293;278;233;153;103;830;3276;1713;4987;2068;3;11953;423;292;94;102;12;6088;2406;2089;678;655;192;68;1
2024;2025;4303;11840;4326;2457;1869;972;730;165;3;2615;41;1954;620;0;1711;775;605;232;99;2233;112;122;98;116;139;149;138;136;135;149;132;160;168;159;130;78;67;27;18;2093;107;104;83;93;104;131;128;127;136;118;136;139;169;160;123;90;73;42;30;226;1078;605;1694;723;0;4066;150;21;42;44;3;1851;593;685;213;218;98;44;2
2024;2025;4304;12210;4561;2532;2029;1277;573;174;5;2675;74;1876;723;3;1886;1061;554;250;21;2338;134;123;104;101;115;177;209;167;155;143;158;206;158;110;82;91;61;36;8;2223;130;111;110;105;124;151;171;153;136;128;137;171;135;117;109;82;69;57;27;402;1200;610;1622;725;3;4127;220;66;102;42;4;1959;652;675;263;236;77;56;2
2024;2025;4305;15646;2717;2146;571;371;133;67;0;2055;34;1360;659;3;662;388;125;124;25;1336;46;76;70;85;90;78;62;85;78;85;107;113;100;73;63;57;39;22;7;1381;45;79;76;94;84;76;58;87;98;88;114;102;97;74;63;67;40;25;14;134;656;339;1132;454;3;2577;74;36;19;10;3;1141;343;404;141;172;62;19;1
2024;2025;4306;11999;605;398;207;177;9;21;0;391;5;103;282;3;214;136;24;54;0;303;17;23;15;13;14;16;17;15;34;28;21;26;19;10;16;11;4;3;3;302;17;21;18;13;23;8;20;28;29;30;18;19;22;10;11;7;3;5;0;44;179;119;160;103;0;557;6;30;7;4;3;236;56;84;32;47;9;8;1
2024;2025;4307;12091;1013;777;236;188;32;16;0;746;12;542;192;0;267;193;35;39;0;526;21;41;25;31;29;17;19;39;41;32;40;40;55;36;17;23;10;7;3;487;19;32;30;21;29;12;25;40;34;38;34;42;35;36;23;15;9;9;4;67;249;129;395;173;0;943;37;11;18;4;0;409;106;151;57;59;26;10;1
2024;2025;4309;12672;3700;2555;1145;730;312;103;0;2480;58;1766;656;0;1220;702;314;193;11;1895;70;129;98;94;96;102;117;122;169;118;116;147;145;106;111;63;55;28;9;1805;78;94;90;79;79;85;114;122;129;113;119;142;135;140;86;86;58;32;24;251;838;631;1426;554;0;3428;149;41;57;23;3;1629;540;592;192;202;75;28;2
2024;2025;4310;12685;1821;953;868;581;226;61;0;944;16;612;314;3;877;500;254;117;6;974;33;51;48;57;56;66;56;71;80;61;75;102;71;60;27;25;20;13;3;847;39;40;41;38;40;46;54;63;62;64;62;82;61;40;40;27;27;10;11;182;478;279;645;228;9;1631;81;40;56;12;3;790;265;276;102;95;36;16;1
2024;2025;4311;12694;1605;953;652;404;205;43;0;986;19;743;224;0;619;382;171;65;3;869;42;46;38;44;54;53;59;69;75;61;63;67;53;45;34;34;23;7;3;736;34;44;40;22;42;53;49;51;61;50;42;58;47;51;27;24;21;11;9;148;466;175;514;302;0;1446;88;33;25;12;3;704;250;238;77;85;40;14;1
2024;2025;4312;12786;2955;2473;482;313;116;53;0;2349;75;1536;738;0;606;331;123;121;31;1460;71;71;89;84;97;79;67;102;89;102;121;108;122;78;68;54;34;19;5;1495;61;98;94;80;83;68;95;111;98;93;116;119;91;80;60;56;50;26;16;164;694;352;1120;621;4;2771;99;44;18;23;0;1203;329;414;193;178;69;20;1
2024;2025;4313;12775;2444;1755;689;495;130;62;3;1718;764;551;403;0;726;455;153;111;7;1232;55;65;54;41;65;77;75;88;75;80;103;111;83;84;58;56;47;13;3;1212;61;53;52;52;63;69;76;82;63;76;85;96;95;90;67;59;37;20;16;188;621;272;919;431;13;2235;116;26;45;20;3;1041;305;422;129;123;48;14;1
2024;2025;4314;12404;224;198;26;23;0;3;0;168;6;79;83;0;56;40;3;14;0;112;0;7;7;4;5;3;4;6;12;6;9;8;8;14;11;6;3;3;0;112;3;10;3;6;7;3;4;3;13;6;5;12;12;7;9;6;3;3;0;8;48;23;107;38;0;216;3;4;3;0;0;97;23;47;8;16;3;3;1
2024;2025;4318;13040;1564;1325;239;201;30;8;0;1232;45;562;625;0;332;221;51;58;3;758;42;33;31;30;40;27;38;50;47;53;52;58;68;50;46;41;34;13;5;806;25;38;42;36;33;27;42;67;43;57;67;76;57;47;44;50;26;21;8;74;337;263;663;227;0;1482;38;24;10;9;3;703;220;262;109;84;21;7;1
2024;2025;4319;12987;799;625;174;110;36;28;0;576;8;242;326;0;223;128;37;45;13;409;23;19;18;20;23;24;24;33;21;24;26;42;43;23;20;14;7;3;4;390;27;19;16;17;19;26;37;27;20;25;22;36;38;22;23;9;5;3;0;124;192;89;265;127;3;665;26;89;8;11;0;349;105;149;37;36;15;7;1
2024;2025;4320;10541;1304;1054;250;183;45;22;0;1011;33;739;239;0;293;182;48;55;8;650;28;39;32;37;34;28;32;54;44;47;61;52;44;38;32;24;20;3;3;654;30;33;31;28;42;34;38;47;38;60;52;38;53;35;36;31;19;5;4;82;331;142;474;275;0;1213;55;11;16;9;0;576;205;184;67;85;29;6;1
2024;2025;4324;16616;8336;5246;3090;2120;677;293;0;4876;159;2547;2168;3;3460;2114;775;525;46;4349;174;206;188;186;228;247;288;283;328;289;297;350;365;283;227;170;138;74;28;3987;177;173;183;166;161;188;219;276;256;231;271;343;360;270;221;192;165;87;48;566;2143;1168;3275;1150;34;7731;223;175;155;45;7;3800;1421;1325;468;375;133;78;2
2024;2025;4401;15456;16354;10389;5965;3848;1389;725;3;10080;1106;2174;6797;3;6274;3512;1640;1015;107;8217;398;457;413;397;437;489;563;614;599;553;576;641;562;445;341;321;226;135;50;8137;349;397;381;343;373;464;509;537;552;523;570;640;567;453;415;397;332;205;130;1202;3954;1998;6396;2776;28;15035;291;557;294;130;47;7778;3215;2502;873;840;265;83;1
2024;2025;4406;15403;732;585;147;133;8;6;0;566;9;310;247;0;166;136;12;17;3;376;22;14;23;33;9;14;24;24;27;22;21;30;32;23;12;19;13;9;5;356;21;24;19;16;16;9;23;17;27;23;23;28;28;20;21;18;12;9;3;37;167;96;310;122;0;692;21;11;3;5;0;289;76;98;42;50;16;7;1
2024;2025;4411;15402;5180;4334;846;636;149;61;0;4222;106;1652;2464;0;958;639;184;129;6;2624;148;137;156;135;148;135;176;177;202;171;175;189;211;149;105;92;67;34;17;2556;129;141;137;128;125;132;150;199;168;160;180;200;214;165;98;87;68;43;32;397;1156;572;2042;1013;0;4733;190;162;41;53;3;2109;593;765;265;314;117;55;2
2024;2025;4416;15406;1340;1105;235;167;50;17;3;1085;10;628;447;0;255;159;57;35;4;675;40;32;36;26;31;37;60;47;46;42;52;60;56;56;26;12;14;3;3;665;28;52;22;39;31;38;38;50;47;50;42;66;51;43;29;17;12;6;4;116;352;159;518;183;12;1211;96;14;7;12;0;550;149;204;72;86;27;12;1
2024;2025;4421;15404;3165;2540;625;537;50;38;0;2362;16;379;1967;0;803;570;118;105;10;1572;85;53;41;65;64;88;106;127;105;92;131;125;116;115;84;87;49;28;11;1593;72;58;62;63;63;74;115;104;107;103;105;139;128;109;80;84;55;44;28;233;830;393;1251;458;0;2918;57;133;30;26;3;1569;645;561;165;157;33;8;1
2024;2025;4426;15409;1005;825;180;161;13;6;0;781;12;430;339;0;224;173;26;18;7;483;20;32;23;26;29;21;19;23;27;27;41;34;44;35;23;27;14;12;6;522;15;37;32;31;25;19;17;31;26;35;37;43;47;31;32;24;18;14;8;68;190;129;460;158;0;935;42;10;14;3;3;414;112;153;54;58;31;6;1
2024;2025;4431;15412;3452;3045;407;314;59;34;0;2902;41;590;2270;3;550;373;93;80;4;1743;94;107;113;95;102;92;101;125;122;104;116;151;127;100;80;63;27;17;7;1709;99;96;66;92;91;85;116;121;108;118;127;142;140;95;75;62;35;27;14;197;862;440;1357;596;0;3223;73;106;14;35;3;1371;351;498;186;228;78;30;2
2024;2025;4436;15411;11945;7818;4127;2379;1356;391;3;7758;589;3375;3790;4;4187;2206;1251;613;117;5946;293;307;296;295;323;391;440;475;436;335;378;399;396;349;289;232;181;91;40;5999;289;286;288;242;310;343;411;453;369;351;360;431;416;421;278;295;227;133;96;837;2533;1581;4979;1996;19;11012;379;272;170;96;16;5402;2069;1735;647;646;205;100;2
2024;2025;4441;15413;1631;1111;520;330;157;33;0;1117;5;547;564;3;514;311;141;54;8;849;56;54;38;37;40;54;73;66;68;54;46;58;68;50;33;26;16;11;3;782;43;54;36;31;37;36;70;66;60;40;37;56;68;41;37;32;21;8;9;126;468;222;588;227;0;1491;79;22;22;15;3;677;214;228;77;111;26;21;1
2024;2025;4446;15417;673;548;125;107;10;8;0;541;26;306;209;0;132;102;17;13;0;340;29;29;12;8;16;20;30;26;33;21;15;15;17;26;18;16;3;5;3;333;14;23;21;14;11;31;25;34;22;14;12;20;30;29;11;11;5;5;3;62;204;79;204;124;0;608;48;6;7;4;0;286;96;91;42;39;12;6;2
2024;2025;4451;15397;1921;1536;385;320;51;14;0;1411;10;690;711;0;510;398;47;59;6;966;46;36;41;51;56;43;44;62;56;73;84;73;87;66;46;52;31;11;8;955;44;40;34;56;37;39;45;53;57;77;63;88;85;69;59;47;36;16;10;102;476;247;821;275;0;1809;50;23;24;14;3;854;273;327;107;97;37;13;2
2024;2025;4461;15451;14951;9789;5162;2882;1861;415;4;10001;224;5757;4015;5;4950;2428;1595;622;305;7453;405;413;396;377;437;515;614;628;524;461;418;497;483;417;319;243;179;94;33;7498;384;415;358;342;401;483;592;603;477;425;422;526;506;480;314;285;230;146;109;996;3271;1799;5742;3140;3;13823;552;257;163;141;15;6596;2377;2170;781;823;310;135;1
2024;2025;4471;15449;6417;4576;1841;1223;486;132;0;4550;116;1865;2568;3;1867;1059;543;235;30;3251;161;166;186;164;196;237;246;234;239;213;228;239;204;155;132;120;64;39;28;3166;166;161;165;136;186;210;206;207;215;189;221;219;217;174;143;122;99;77;53;499;1542;778;2496;1102;0;5861;206;179;95;65;11;2923;1145;911;344;352;127;44;1
2024;2025;4476;15427;3980;2818;1162;792;315;55;0;2883;52;1718;1113;0;1097;661;305;117;14;2048;105;125;122;133;114;124;140;168;152;149;113;141;154;110;75;65;32;20;6;1932;99;131;129;100;100;104;126;165;141;126;119;139;153;104;67;64;32;15;18;337;908;605;1460;670;0;3611;203;79;47;36;4;1582;417;555;241;231;96;42;1
2024;2025;4486;15446;2104;1862;242;200;25;17;0;1809;38;433;1338;0;295;208;45;36;6;1085;65;66;63;59;55;53;77;85;80;55;64;92;85;59;54;44;12;13;4;1019;63;59;51;55;50;46;79;86;61;52;77;81;76;61;45;31;18;24;4;152;462;248;808;434;0;1930;60;70;21;22;3;851;247;304;114;112;48;26;1
2024;2025;4495;15466;655;600;55;44;10;3;0;578;29;301;248;0;77;56;11;10;0;332;27;17;14;19;16;14;20;35;18;17;25;33;31;25;9;6;3;3;3;323;25;22;9;12;15;16;21;26;22;21;21;32;32;20;7;8;7;5;3;34;175;72;212;162;0;613;15;17;0;9;3;265;71;91;51;31;12;9;1
2024;2025;4501;15448;3932;2799;1133;716;346;71;0;2797;83;1489;1224;3;1135;651;322;133;29;2039;104;137;104;97;101;122;180;158;148;112;143;139;142;126;97;69;34;15;11;1893;100;96;115;71;105;114;156;145;109;114;123;144;141;105;102;54;44;30;25;248;1052;578;1479;555;20;3638;143;57;52;39;3;1706;599;580;203;210;78;36;1
2024;2025;4506;15450;4152;2926;1226;651;490;85;0;2894;75;1756;1063;0;1258;607;493;142;16;2076;110;125;99;100;96;154;138;167;154;143;131;142;160;108;98;63;59;20;9;2076;107;100;111;93;127;120;144;165;110;124;126;156;141;137;90;77;67;43;38;326;965;544;1625;692;0;3795;207;54;59;34;3;1766;580;612;206;234;91;43;1
2024;2025;4511;15452;2624;2160;464;331;92;41;0;2093;46;1046;1001;0;531;333;104;89;5;1375;79;84;83;67;80;83;85;118;98;77;96;94;106;66;56;50;31;13;9;1249;68;69;74;61;57;75;106;79;108;80;84;102;87;66;51;39;23;14;6;166;685;350;967;455;3;2434;103;43;17;24;3;1083;313;393;130;152;71;24;2
2024;2025;4536;15468;1902;1539;363;262;85;16;0;1476;29;384;1062;3;426;277;99;44;6;973;35;62;39;54;65;47;53;66;62;59;72;92;83;61;51;36;23;6;7;929;42;40;46;45;53;30;53;59;67;55;82;94;79;62;46;35;18;10;13;131;385;262;793;331;0;1764;45;59;24;9;3;802;226;298;119;111;28;20;1
2024;2025;4545;15473;4138;2529;1609;1249;293;67;0;2567;82;735;1750;0;1571;1107;294;140;30;2129;103;92;100;108;105;124;163;154;163;146;151;141;143;122;96;93;79;35;11;2009;92;96;98;103;82;102;131;135;136;129;138;142;128;116;109;112;92;44;24;249;846;601;1669;773;0;3870;81;102;53;25;7;1936;759;643;218;223;71;22;1
2024;2025;4546;15467;1887;1598;289;245;17;27;0;1528;49;257;1222;0;359;276;28;53;3;956;48;52;43;40;51;52;47;64;76;72;77;84;77;61;41;40;18;11;3;931;39;56;54;43;33;36;54;71;72;61;77;84;75;54;44;32;29;10;7;99;429;304;697;358;0;1778;21;53;23;11;3;828;253;302;116;128;22;7;1
2024;2025;4551;15442;9800;8019;1781;1157;489;135;0;7633;219;2829;4582;3;2167;1139;616;391;21;4923;242;313;266;225;247;278;325;382;365;293;303;358;340;282;282;216;118;58;30;4877;270;264;260;215;232;267;314;339;318;283;336;354;348;283;269;208;154;98;65;744;1914;1174;4019;1948;3;8985;215;417;88;90;5;4261;1367;1572;477;566;210;69;2
2024;2025;4561;15423;3232;2541;691;538;114;39;0;2409;31;1364;1014;0;823;490;200;109;24;1657;73;103;100;100;87;91;122;112;134;115;92;128;99;113;88;57;25;10;8;1575;79;82;63;72;78;107;103;107;121;103;102;110;120;111;78;54;47;24;14;208;873;473;1223;455;0;3000;110;58;33;27;4;1382;425;496;183;184;72;22;2
2024;2025;4566;15458;27099;19623;7476;4998;1457;1015;6;18828;9279;1978;7563;8;8271;4384;1989;1666;232;13418;610;640;692;727;767;973;1104;1033;1009;836;825;907;817;728;598;526;314;211;101;13681;629;637;612;656;684;974;1044;964;901;874;867;911;882;791;648;616;488;298;205;1683;5639;3182;11429;5123;43;25197;685;597;342;226;52;12509;4802;4191;1482;1471;423;140;1
2024;2025;4571;15457;4636;3844;792;630;100;62;0;3708;54;1677;1976;3;928;579;159;181;9;2337;125;145;140;110;127;139;144;175;184;160;151;186;169;119;102;81;55;18;7;2299;102;150;132;108;115;116;143;156;187;160;151;195;157;132;110;90;51;30;14;328;1092;749;1752;715;0;4274;137;121;58;42;4;1956;581;715;246;290;93;31;1
2024;2025;4590;15469;906;773;133;105;16;11;3;750;21;434;295;0;156;96;27;31;3;475;20;28;33;26;22;23;39;38;30;32;30;26;33;41;18;20;9;4;3;431;27;22;18;17;16;24;27;28;37;32;26;39;35;26;24;12;11;5;5;73;206;100;358;169;0;823;40;24;7;10;3;386;104;153;51;53;19;6;1
2024;2025;4591;15410;3167;2226;941;712;195;34;0;2172;25;1028;1118;3;995;597;250;112;36;1632;91;112;89;75;95;123;132;119;116;114;98;121;105;84;69;42;32;8;7;1535;70;93;78;81;65;90;122;125;116;102;106;105;101;99;73;47;38;17;7;243;896;478;1120;430;0;2899;105;83;47;30;3;1325;389;474;176;197;58;31;2
2024;2025;4601;15447;1112;1020;92;75;3;14;0;983;19;376;588;0;129;86;12;31;0;587;39;53;28;16;25;27;33;39;47;36;32;44;45;43;23;25;19;8;5;525;30;28;16;16;16;30;24;53;40;34;25;43;47;49;23;29;15;6;3;57;258;175;408;214;0;1043;19;34;4;12;0;487;130;222;53;50;25;7;1
2024;2025;4606;15396;1276;1152;124;115;3;6;0;1111;23;501;587;0;165;139;10;16;0;637;43;41;45;25;34;22;28;44;39;37;51;47;55;46;30;23;18;4;5;639;32;51;34;40;29;20;22;51;46;39;54;52;59;33;30;24;14;3;6;91;243;154;573;215;0;1177;52;23;14;10;0;506;124;190;60;89;32;11;1
2024;2025;4611;15429;1737;1556;181;156;6;19;0;1505;54;848;603;0;232;165;18;48;3;885;54;52;53;43;43;67;63;65;63;51;52;56;54;50;46;36;23;7;7;852;52;53;44;45;42;51;70;45;60;48;66;58;64;42;42;41;11;12;6;143;430;196;667;301;0;1571;71;51;19;25;0;736;221;262;101;100;38;14;2
2024;2025;4616;15431;1139;1021;118;95;11;12;0;983;14;528;441;0;156;116;14;25;3;565;30;28;28;23;23;26;38;45;43;38;29;42;63;41;27;23;10;6;3;574;47;38;22;30;14;19;51;38;39;27;31;49;50;36;25;23;18;12;5;77;257;119;437;249;0;1047;41;27;7;17;0;484;138;188;62;60;24;12;1
2024;2025;4621;15430;1476;1317;159;122;21;16;0;1275;21;687;565;3;201;128;29;41;3;738;42;49;36;28;22;35;36;58;62;43;48;60;55;63;34;33;25;9;0;738;39;32;44;42;30;32;51;53;57;35;44;56;67;49;39;32;22;10;4;94;341;208;608;225;0;1370;50;29;13;13;3;622;164;253;71;98;23;13;1
2024;2025;4641;15398;2355;1815;540;481;34;25;0;1718;21;1088;609;0;637;507;45;83;3;1151;52;75;66;63;53;52;54;68;91;82;75;97;102;72;56;46;26;15;6;1204;50;62;75;63;49;44;57;65;101;87;89;114;106;79;63;44;32;13;11;138;493;322;1027;374;3;2203;89;25;23;15;0;1022;326;348;139;151;47;11;2
2024;2025;4643;15425;2696;1692;1004;925;55;24;0;1545;5;980;560;0;1151;971;94;80;6;1334;78;70;61;57;52;39;65;87;85;98;87;115;122;92;70;77;41;27;11;1362;72;49;66;64;45;49;70;92;95;93;95;134;109;80;70;76;48;35;20;148;843;321;1074;310;0;2529;90;24;31;22;0;1207;365;474;164;156;40;8;1
2024;2025;4646;15421;3780;2548;1232;1102;90;40;0;2348;79;1369;900;0;1432;1181;119;130;3;1874;79;86;78;101;82;66;76;114;153;125;143;176;159;123;121;88;56;33;15;1906;79;90;73;89;90;76;94;110;147;122;122;184;166;145;107;85;69;37;21;228;918;587;1490;557;0;3528;91;60;70;30;3;1739;603;644;205;201;64;22;2
2024;2025;4651;15401;347;194;153;147;3;4;0;164;3;108;54;0;183;169;3;11;0;168;5;8;8;10;8;4;7;14;13;10;18;14;16;8;10;7;7;3;0;179;7;8;9;8;4;10;8;11;20;10;5;29;15;4;13;6;9;3;3;35;80;61;135;36;0;310;20;7;7;3;3;170;68;56;27;14;3;3;1
2024;2025;4656;15400;1799;1377;422;355;49;18;0;1326;38;760;528;0;473;368;56;48;3;925;54;42;59;66;48;40;48;46;67;60;60;89;66;56;46;46;19;10;3;874;48;30;37;42;34;40;55;57;53;76;57;69;82;58;52;30;29;18;7;186;447;241;647;278;0;1600;118;35;26;18;3;796;276;267;103;107;35;8;1
2024;2025;4666;15445;2837;2228;609;493;76;40;0;2182;53;1421;708;0;655;471;93;81;10;1447;77;99;88;75;74;70;99;105;115;97;81;109;124;79;52;63;23;15;3;1390;81;92;67;67;55;56;107;116;87;99;93;128;113;77;52;36;35;21;8;194;700;450;1017;476;0;2617;122;47;15;29;7;1154;301;423;172;173;58;27;2
2024;2025;4671;15408;23407;9997;13410;10472;2456;482;0;10178;580;6373;3216;9;13229;9311;2239;1165;514;11872;500;574;528;544;613;804;996;1022;902;844;772;884;837;587;467;436;326;171;65;11535;515;533;478;506;536;733;893;864;816;764;752;844;775;622;542;502;449;287;124;1469;5674;3060;9306;3897;3;21754;442;253;728;209;21;11264;4812;3439;1390;1146;337;140;2
2024;2025;4681;15459;1503;1206;297;273;7;17;0;1174;27;734;413;0;329;277;10;42;0;752;50;38;40;42;37;41;40;68;51;42;55;71;62;44;33;29;7;3;3;751;43;58;43;35;33;37;57;56;46;56;41;64;57;60;25;19;8;8;5;107;415;179;528;274;0;1383;66;18;20;14;3;620;177;209;89;96;41;8;1
2024;2025;4683;15460;1796;1278;518;416;63;39;0;1268;25;867;376;0;528;387;70;69;3;881;38;54;55;55;42;30;50;62;63;61;75;83;59;65;32;28;19;8;3;915;60;48;47;49;51;41;53;65;74;65;67;77;69;51;38;26;17;8;9;94;422;319;695;266;0;1684;53;13;26;20;0;704;161;267;115;105;33;23;2
2024;2025;4691;15426;3723;2202;1521;1175;236;110;0;2039;993;299;747;0;1684;1172;262;203;47;1854;86;91;111;78;89;96;114;126;139;112;123;159;174;106;95;78;49;19;9;1869;77;99;87;79;83;115;102;131;138;120;131;158;158;130;92;76;49;34;10;291;937;581;1422;463;29;3397;140;45;100;31;10;1616;561;577;182;212;65;19;1
2024;2025;4696;15394;5453;3317;2136;1848;221;67;0;3135;42;2157;936;0;2318;1807;318;189;4;2757;150;146;161;146;125;138;206;213;193;165;205;240;207;149;121;82;49;44;17;2696;112;152;142;136;119;137;194;163;200;206;207;256;198;139;102;82;72;54;25;413;1377;779;2115;768;3;5018;239;58;100;35;3;2332;722;798;321;372;93;26;2
2024;2025;4701;15432;1171;921;250;213;23;14;0;888;36;534;318;0;283;220;31;32;0;605;43;40;29;23;27;27;34;37;44;40;43;53;47;42;32;22;16;4;3;566;23;31;44;24;20;26;26;38;47;50;35;58;47;33;28;18;9;4;5;70;294;186;414;207;0;1086;45;10;12;15;3;472;102;198;70;69;25;8;1
2024;2025;4711;15433;2880;2296;584;467;98;19;0;2276;54;1178;1044;0;604;416;129;57;3;1501;77;101;79;86;68;101;93;140;101;101;109;103;102;87;70;36;25;18;4;1379;73;78;105;70;61;74;79;113;111;93;79;95;111;65;69;39;32;18;14;179;684;332;1135;550;0;2676;83;56;35;26;4;1162;321;414;150;174;79;24;1
2024;2025;4716;15434;1342;1033;309;231;55;23;0;1012;11;333;668;0;330;194;88;47;3;699;41;29;40;26;38;65;71;46;45;40;43;57;51;38;34;18;8;5;4;643;38;38;32;27;43;48;56;49;45;34;41;46;45;49;21;11;9;4;7;114;392;160;458;218;0;1212;46;56;12;16;0;579;163;226;81;76;28;5;1
2024;2025;4721;15443;3030;2636;394;291;68;35;0;2532;79;820;1633;0;498;305;92;92;9;1574;78;90;96;99;85;73;88;117;109;99;99;134;128;91;68;60;41;16;3;1456;77;75;75;76;72;65;85;117;110;97;90;124;104;87;70;60;46;15;11;187;692;367;1199;585;0;2826;85;71;25;19;4;1276;375;474;160;167;68;32;2
2024;2025;4723;15470;904;797;107;85;15;7;0;767;20;234;513;0;137;93;20;24;0;457;24;26;19;22;25;31;28;43;42;36;24;36;34;20;16;16;11;3;3;447;30;22;19;24;30;27;38;39;34;23;34;40;22;21;13;14;13;3;3;79;207;123;322;173;0;811;40;28;7;17;3;382;99;147;65;51;13;7;1
2024;2025;4724;15454;4916;4146;770;487;199;83;3;3996;59;1350;2587;0;920;462;268;185;5;2489;141;156;111;122;149;161;186;190;175;154;141;186;169;147;112;86;53;36;14;2427;138;120;133;100;114;154;182;154;167;151;150;185;165;135;129;101;68;50;31;294;1327;596;1872;826;3;4578;139;118;30;47;4;2155;702;780;264;282;93;34;1
2024;2025;4726;15419;3028;2680;348;253;57;38;0;2593;89;779;1725;0;435;280;70;81;4;1557;92;106;89;78;69;70;100;113;117;88;78;131;123;116;67;62;35;19;4;1471;79;113;80;56;75;61;102;103;103;79;91;129;123;88;57;63;36;23;10;172;648;427;1136;645;0;2825;78;78;15;32;0;1266;371;480;139;178;68;30;1
2024;2025;4741;15435;1331;1137;194;140;41;13;0;1080;14;505;561;0;251;163;52;34;3;683;45;39;34;33;39;27;37;52;46;53;37;46;70;50;35;19;13;6;3;648;35;36;42;25;34;22;47;45;51;32;46;59;59;41;27;20;13;8;6;108;306;177;503;237;0;1211;51;47;10;12;0;530;138;191;66;94;26;15;1
2024;2025;4746;15407;5976;4568;1408;926;381;101;0;4504;64;1738;2700;3;1472;729;471;229;43;2964;138;202;174;161;182;146;166;212;239;186;221;214;222;153;129;100;61;43;15;3012;139;187;166;157;131;146;182;232;231;201;203;219;200;182;118;127;93;55;43;369;1272;903;2335;1097;0;5556;187;143;29;55;6;2508;820;810;323;376;129;50;1
2024;2025;4751;15463;3061;1833;1228;681;474;73;0;1907;24;355;1528;0;1154;455;560;123;16;1552;100;92;77;63;76;128;141;131;104;108;97;92;96;77;66;53;31;16;4;1509;68;86;72;71;96;125;131;103;94;77;96;104;108;75;70;53;40;27;13;191;961;386;1080;443;0;2831;56;90;42;40;3;1367;499;452;153;174;63;26;1
2024;2025;4756;15415;867;779;88;86;0;3;0;767;35;378;354;0;100;84;3;12;3;455;16;36;34;28;24;40;22;29;39;22;32;39;33;20;12;15;7;5;3;412;19;32;26;28;14;28;19;29;34;19;28;42;32;22;14;14;5;3;4;32;159;104;334;238;0;828;19;4;8;8;0;331;82;115;33;66;24;11;1
2024;2025;4761;15453;8200;6131;2069;1229;663;176;3;5951;160;1869;3921;3;2249;1072;815;324;38;4175;237;199;206;226;224;276;346;308;290;276;262;299;301;253;187;144;87;36;18;4025;177;177;190;215;208;251;296;272;271;253;262;325;300;238;214;164;115;63;34;521;1862;926;3429;1462;0;7607;206;233;76;76;3;3702;1345;1232;460;476;147;42;1
2024;2025;4776;15471;1730;1383;347;249;78;20;0;1387;28;587;772;0;343;218;72;44;9;873;57;46;47;43;47;67;64;73;63;46;57;70;56;46;35;23;16;11;6;857;32;54;40;50;40;65;74;61;49;63;54;58;58;43;33;33;20;14;16;156;431;231;630;282;0;1555;103;40;11;19;3;739;223;274;93;106;33;10;1
2024;2025;4781;15441;5065;4136;929;620;251;58;0;3984;105;1815;2063;3;1081;556;312;149;64;2555;146;149;154;141;140;141;165;184;198;147;164;236;170;122;112;91;52;29;14;2510;141;138;142;121;118;113;160;166;187;151;163;227;174;143;128;91;70;50;27;329;1061;619;2138;918;0;4688;160;130;27;52;8;2067;589;736;267;303;121;51;1
2024;2025;4786;15462;2506;2129;377;261;83;33;0;2080;33;341;1705;3;426;229;101;83;13;1241;43;78;93;84;69;68;62;72;78;84;108;91;91;72;54;42;25;19;8;1265;65;67;70;85;61;49;74;78;103;101;99;99;68;67;77;38;38;18;8;126;482;399;1120;379;0;2366;54;58;10;18;0;1006;257;361;139;179;56;14;1
2024;2025;4791;15418;1213;1111;102;85;11;6;0;1090;46;252;792;0;123;85;17;21;0;621;40;37;45;44;27;18;31;48;28;52;48;48;42;40;26;22;18;7;0;592;27;48;46;26;22;24;38;39;47;43;41;34;53;34;25;22;12;8;3;65;240;130;505;273;0;1141;28;32;5;7;0;471;130;153;56;85;36;11;1
2024;2025;4801;15399;957;686;271;253;7;11;0;645;30;309;305;3;312;266;16;29;3;480;19;22;11;18;17;12;22;29;34;33;26;44;50;40;34;31;21;9;8;477;17;30;21;15;15;8;22;35;26;25;22;45;36;41;32;36;27;16;8;88;229;110;392;138;0;862;35;24;28;8;0;456;173;174;53;40;11;5;1
2024;2025;4806;15405;1923;1541;382;313;44;25;0;1404;70;652;682;0;519;378;92;49;0;975;43;50;40;47;42;40;63;62;62;62;68;80;93;65;59;47;37;11;4;948;48;51;51;39;31;34;51;58;66;63;60;69;92;76;54;46;36;14;9;118;475;248;755;327;0;1792;45;53;18;15;0;837;253;331;105;92;34;22;2
2024;2025;4811;15464;1176;990;186;152;17;13;4;950;35;475;440;0;226;153;25;47;3;610;23;36;28;25;21;24;38;43;50;42;43;56;56;52;36;15;15;6;3;566;31;31;29;30;24;21;26;40;47;32;44;65;52;33;24;19;12;3;3;80;277;188;415;215;3;1090;42;19;19;5;3;495;145;185;68;62;28;7;1
2024;2025;4816;15472;1573;1405;168;157;6;5;0;1367;66;865;435;3;206;171;10;23;3;773;43;39;45;29;31;34;42;50;50;58;52;63;55;62;40;46;22;8;4;800;32;71;55;46;26;31;32;69;55;44;56;67;51;55;45;32;20;8;5;76;279;183;697;338;0;1483;54;11;10;15;0;648;168;257;83;90;33;17;1
2024;2025;4821;15455;1783;1571;212;159;31;22;0;1496;31;775;690;0;287;200;31;55;3;908;33;59;59;63;37;28;58;61;65;57;78;75;63;52;57;35;19;7;3;875;47;54;50;56;28;34;45;48;70;56;68;78;63;71;44;27;20;13;3;112;360;235;713;359;4;1654;60;35;16;17;3;750;215;294;79;100;45;17;1
2024;2025;4826;15424;704;491;213;178;23;12;0;469;17;248;204;0;235;165;38;26;6;371;12;20;16;30;17;17;20;22;27;29;24;42;23;20;27;13;5;6;3;333;6;16;18;21;7;16;16;27;22;28;21;30;34;22;21;9;6;7;6;60;171;85;248;140;0;642;22;21;14;3;3;314;112;112;24;50;12;4;1
2024;2025;4831;15416;3339;2696;643;473;126;44;0;2556;51;1496;1008;3;783;475;169;129;10;1693;85;83;84;90;105;106;106;132;124;107;117;130;113;102;67;70;41;24;7;1646;90;90;91;76;88;68;104;124;108;106;118;131;128;93;83;61;50;24;13;239;827;445;1316;512;0;3076;172;38;24;27;3;1428;437;517;191;191;67;25;1
2024;2025;4841;15465;2259;1836;423;337;50;36;0;1787;41;937;808;3;472;313;65;81;13;1135;43;63;49;62;63;59;61;78;89;86;84;88;107;63;53;43;24;15;5;1124;46;63;54;59;61;52;65;93;82;79;82;90;89;69;52;39;25;18;6;139;577;267;946;330;0;2111;78;36;20;13;3;956;264;359;144;128;47;14;2
2024;2025;4846;15414;421;368;53;52;0;3;0;359;13;224;122;0;62;57;3;3;0;211;14;8;8;10;14;10;16;17;13;12;12;14;22;15;11;7;5;3;3;210;10;14;4;8;5;9;14;15;14;7;16;18;23;19;13;8;4;6;3;23;75;74;174;75;0;394;16;5;3;4;3;184;54;73;24;22;7;4;1
2024;2025;4851;15422;1454;1040;414;381;16;17;0;891;22;538;331;0;563;476;33;54;0;717;29;32;30;40;13;23;33;39;37;37;56;64;93;65;53;42;21;5;5;737;31;25;27;30;25;23;44;45;41;52;56;83;79;54;50;31;19;10;12;75;404;189;568;218;0;1368;44;16;14;11;3;689;232;276;91;66;20;4;2
2024;2025;4864;15395;4054;2901;1153;953;126;74;0;2629;89;1333;1207;0;1425;1019;204;179;23;2025;46;107;106;111;99;75;96;140;138;137;130;153;185;146;141;94;74;26;21;2029;65;66;97;96;85;71;81;133;123;141;119;168;204;156;136;107;81;69;31;228;983;580;1695;568;0;3813;106;78;41;15;3;1953;780;690;217;196;52;18;2
2024;2025;4871;15440;1858;1384;474;368;74;32;0;1313;37;458;817;3;545;384;93;67;3;915;42;42;54;50;37;41;53;54;76;66;65;78;80;65;42;34;21;11;4;943;44;42;47;52;47;43;45;71;59;62;69;69;81;65;49;43;25;20;10;130;468;243;730;286;3;1717;37;66;23;13;3;828;289;293;96;94;35;21;1
2024;2025;4881;15436;1414;1239;175;148;14;13;0;1196;45;668;483;0;218;169;18;30;3;731;42;42;32;38;26;39;50;55;47;52;42;50;64;66;31;24;17;8;6;683;38;34;34;34;25;36;44;54;42;46;42;58;54;50;29;24;18;10;11;115;288;179;556;276;0;1286;65;26;12;16;9;606;159;255;74;82;28;8;1
2024;2025;4891;15461;3590;3020;570;442;90;38;0;2884;43;1956;885;0;706;465;109;110;22;1829;90;115;96;93;124;102;102;119;134;115;115;132;161;113;79;63;49;20;7;1761;82;105;123;96;95;46;98;138;136;102;132;128;128;119;69;74;36;36;18;223;788;455;1477;647;0;3348;158;28;33;22;3;1444;420;473;198;238;84;31;1
2024;2025;4901;15438;1428;1221;207;169;27;11;0;1202;61;750;390;3;226;169;27;30;0;723;49;36;32;43;40;37;48;47;47;41;45;64;65;53;29;17;16;10;4;705;38;42;38;38;33;31;51;45;43;39;54;59;60;43;35;27;15;9;5;110;339;125;558;295;3;1300;74;26;4;21;3;582;166;218;67;84;24;23;1
2024;2025;4911;15428;4173;2819;1354;855;438;56;5;2856;58;1690;1107;3;1317;743;397;113;64;2154;116;95;86;88;102;196;183;195;178;121;133;136;142;132;103;80;38;23;7;2019;106;91;101;88;118;151;184;132;136;114;109;159;157;112;101;67;47;29;17;299;1160;532;1566;616;0;3837;200;38;52;40;6;1882;642;688;219;224;82;27;2
2024;2025;4921;15444;2615;2125;490;404;58;28;0;2114;61;1173;878;3;501;358;65;74;4;1374;85;80;80;65;55;95;120;106;99;87;87;102;103;65;60;32;31;11;11;1241;79;81;64;57;56;77;99;97;81;77;83;99;83;68;41;37;28;14;20;226;653;343;833;560;0;2358;147;38;33;34;5;1041;283;363;152;150;70;23;1
2024;2025;4941;15420;3008;2431;577;429;94;53;3;2334;80;1352;901;3;674;423;128;116;7;1526;73;83;90;80;75;96;100;116;94;103;116;128;112;93;69;53;29;7;9;1482;80;73;69;73;80;89;103;115;79;106;119;137;112;69;74;44;39;13;8;227;705;393;1217;466;0;2751;141;43;36;32;5;1272;385;450;174;185;54;24;2
2024;2025;4946;15437;12504;9291;3213;2080;752;381;0;9011;518;5381;3109;3;3493;1784;967;644;98;6355;354;343;313;319;324;532;528;506;476;402;382;398;387;331;262;189;168;86;55;6149;300;285;289;275;264;438;488;454;434;326;396;398;382;330;320;311;220;130;109;899;2672;1630;4947;2347;9;11501;521;210;144;119;9;5730;2232;1876;643;675;207;97;1
2024;2025;4951;15439;2640;2165;475;393;60;22;0;2076;61;1190;825;0;564;406;83;74;3;1352;79;87;88;72;64;59;70;87;106;102;100;106;92;83;77;40;25;11;4;1288;50;78;68;71;56;56;67;101;107;91;104;99;94;81;66;40;29;20;10;149;665;401;982;443;0;2469;115;22;10;24;0;1088;295;415;131;170;50;27;2
2024;2025;5001;11768;5160;3753;1407;1107;163;135;3;3290;83;2785;422;0;1870;1207;368;258;37;2578;125;110;156;142;124;153;168;182;182;185;195;199;166;157;121;97;53;51;12;2582;91;119;136;108;141;161;173;157;173;182;179;190;197;152;118;107;97;55;46;324;1120;727;2146;841;3;4799;239;27;50;43;3;2379;932;716;343;295;73;20;2
2024;2025;5002;16078;45305;32891;12414;9552;1410;1416;36;29952;14259;11874;3816;3;15353;9885;2624;2595;249;22022;929;1143;1125;1269;1208;1352;1456;1479;1465;1572;1615;1681;1448;1157;975;873;678;431;166;23283;932;982;1106;1127;1140;1296;1452;1442;1561;1647;1681;1811;1599;1291;1148;1135;872;592;469;1983;7103;5390;16542;14283;4;43022;1128;330;450;345;30;21159;8598;6229;2973;2449;716;194;2
2024;2025;5003;14518;3132;1788;1344;1026;219;99;0;1748;35;1506;206;3;1384;856;347;175;6;1634;81;79;85;75;101;130;124;135;105;127;116;144;106;63;63;48;27;20;5;1498;80;87;87;81;77;114;109;111;114;103;112;116;62;75;59;40;40;19;12;225;785;483;1081;558;0;2881;163;9;46;29;4;1385;502;400;232;171;61;19;1
2024;2025;5009;12665;404;362;42;35;3;4;0;353;55;275;23;0;51;39;3;9;0;200;8;10;7;14;9;5;6;17;14;10;22;15;15;8;16;10;7;4;3;204;10;10;6;5;15;4;5;17;12;10;16;17;12;18;11;9;16;4;7;23;60;17;134;170;0;378;17;3;5;3;0;180;62;58;28;24;7;3;1
2024;2025;5010;12725;1684;1335;349;283;44;22;0;1244;35;1021;188;0;440;307;82;45;6;827;35;33;55;38;42;46;57;66;59;62;66;73;56;40;29;33;20;13;4;857;35;35;36;58;33;47;73;55;58;62;62;74;52;39;37;31;34;16;20;128;410;237;561;348;0;1543;100;21;6;14;0;781;292;250;116;89;31;3;1
2024;2025;5017;13012;2671;1954;717;619;41;57;0;1848;46;1578;223;3;823;619;83;107;14;1344;57;72;69;68;76;89;85;94;95;94;101;109;90;69;54;54;38;21;9;1327;54;64;55;56;57;70;91;98;109;98;109;96;97;70;52;61;57;14;19;159;564;336;1091;520;3;2495;118;21;15;20;3;1202;413;398;185;159;36;11;1
2024;2025;5048;14492;1796;1575;221;176;28;17;0;1494;417;894;183;0;302;234;31;34;3;907;34;28;38;33;40;47;43;47;49;68;84;86;72;68;59;44;37;19;11;889;28;39;32;39;33;33;44;51;45;58;71;61;79;68;53;65;33;28;29;70;328;190;587;621;0;1722;49;18;3;5;0;868;371;267;104;86;33;7;1
2024;2025;5049;14918;1747;1635;112;98;3;11;0;1552;76;1351;124;3;195;150;16;28;3;879;42;39;33;35;37;53;40;48;44;51;65;69;68;66;66;52;35;22;14;868;34;38;32;32;32;35;43;48;36;55;47;68;89;68;54;52;40;36;29;81;201;187;569;709;0;1653;61;11;8;13;3;845;353;272;108;79;25;8;2
2024;2025;5050;15509;2070;1874;196;165;19;12;0;1756;114;1486;156;0;314;242;22;49;3;1055;32;51;62;53;66;58;52;59;69;75;74;82;79;60;40;52;48;26;17;1015;35;37;37;56;47;44;44;58;73;60;78;79;76;63;40;59;51;39;39;100;302;211;696;761;0;1962;79;14;4;10;3;939;370;263;139;133;27;7;2
2024;2025;5061;11719;1452;1057;395;331;44;20;0;1006;90;823;93;0;446;335;55;39;17;758;17;29;30;36;41;38;40;38;60;66;60;68;55;46;38;44;27;14;11;694;15;24;30;26;31;31;32;39;48;35;54;46;49;53;50;44;39;22;26;77;241;138;513;483;0;1370;43;12;20;6;3;737;359;199;89;62;25;3;1
2024;2025;5063;11872;108;96;12;11;0;3;0;90;6;74;10;0;18;15;3;3;0;60;0;0;0;3;0;3;4;5;4;3;10;9;7;3;5;5;3;0;3;48;3;0;0;0;0;3;3;5;0;3;5;7;9;4;4;3;3;0;3;8;30;23;31;16;0;99;6;3;3;3;0;63;37;20;3;4;0;0;1
2024;2025;5064;11815;961;514;447;336;87;24;0;480;14;429;37;0;481;332;93;47;9;502;17;16;25;20;27;24;22;31;42;42;39;55;35;27;32;24;18;4;3;459;13;21;31;23;25;16;23;37;27;40;32;23;27;31;31;16;24;10;9;99;227;108;362;164;3;858;75;12;10;3;3;461;201;135;60;41;17;7;2
2024;2025;5071;11579;185;172;13;13;0;0;0;161;3;154;5;0;24;22;0;3;0;85;4;3;5;3;0;3;3;4;7;8;4;10;4;8;10;7;3;3;0;100;4;3;3;3;4;3;5;6;5;5;7;8;8;11;14;5;5;3;3;14;42;8;50;71;0;169;12;0;3;3;0;95;40;36;8;7;4;0;1
2024;2025;5072;15685;2705;2136;569;426;128;15;0;1956;891;829;236;0;749;511;150;67;21;1341;44;49;63;67;41;51;79;71;76;89;86;117;136;109;98;71;51;32;11;1364;34;49;53;43;48;56;61;68;77;81;98;124;124;113;89;106;65;55;20;86;389;227;1097;906;0;2611;48;11;25;9;3;1335;580;432;158;121;35;9;1
2024;2025;5073;12066;801;567;234;184;26;23;3;497;14;427;56;0;304;208;42;43;11;416;13;17;22;23;21;10;21;18;19;34;35;41;30;32;30;17;18;10;5;385;3;14;20;20;15;16;21;19;18;26;30;19;42;21;26;21;23;21;10;52;161;91;336;159;3;746;30;10;12;3;0;376;156;118;47;37;11;7;1
2024;2025;5076;13153;317;263;54;52;0;3;0;227;14;188;25;0;90;81;0;9;0;158;3;10;10;6;7;13;5;6;10;15;10;11;13;14;10;5;6;3;3;159;4;8;4;10;10;6;6;11;10;8;8;12;11;12;8;14;9;5;3;24;45;32;124;91;3;293;16;3;5;3;0;145;54;48;20;18;3;3;1
2024;2025;5077;13084;920;604;316;279;15;22;0;577;11;516;50;0;343;257;47;39;0;479;32;21;9;21;30;41;44;33;26;32;24;55;39;15;16;22;12;7;0;441;32;16;18;18;27;41;33;30;21;25;30;32;34;16;26;14;10;10;8;117;248;99;264;191;3;787;86;10;18;19;0;406;148;122;65;46;16;9;1
2024;2025;5078;13099;376;309;67;55;7;5;0;280;11;252;17;0;96;70;13;13;0;203;7;8;10;11;8;11;8;10;15;9;20;16;11;17;8;13;12;6;3;173;3;7;6;9;9;6;5;9;15;11;15;13;12;17;8;6;8;13;3;20;63;38;150;105;0;354;17;3;3;3;0;177;80;49;17;23;7;3;1
2024;2025;5079;13092;926;713;213;187;21;5;0;665;57;552;56;0;261;221;25;14;3;472;14;14;16;22;20;26;22;25;33;34;34;39;46;29;32;22;24;14;6;454;13;13;27;22;21;16;20;18;27;27;26;38;33;34;31;20;31;18;19;47;148;78;350;303;0;879;35;3;6;4;0;453;200;134;59;42;15;3;1
2024;2025;5091;11673;5322;3857;1465;1307;81;77;0;3306;53;2233;1020;0;2016;1495;234;256;31;2489;66;87;94;107;118;118;127;123;133;149;176;226;185;181;157;160;165;81;36;2833;82;78;74;102;114;110;123;123;149;165;187;236;234;214;195;237;205;134;71;305;1119;821;2406;671;0;5005;185;55;55;21;3;2811;1391;850;297;209;52;12;2
2024;2025;5096;11832;436;349;87;73;10;4;0;309;6;181;122;0;127;100;13;12;3;214;6;3;5;5;9;8;7;10;10;6;20;21;26;16;14;18;18;10;3;222;3;7;4;6;8;3;9;12;7;6;17;17;28;26;19;19;17;11;4;29;101;60;202;44;0;405;15;10;4;3;0;228;96;85;31;11;5;0;1
2024;2025;5097;11833;1619;1221;398;349;31;18;0;1043;75;602;366;0;576;450;55;70;3;788;19;15;29;25;21;30;30;26;34;37;55;89;89;77;62;63;51;27;9;831;16;20;22;30;25;14;25;32;38;39;65;78;83;62;82;68;67;39;26;108;335;172;646;358;0;1508;49;27;31;3;3;885;431;312;67;56;15;4;1
2024;2025;5108;12051;4831;3881;950;839;55;56;0;3595;100;2921;574;0;1236;909;151;161;15;2398;112;118;100;118;129;128;140;151;133;156;196;210;152;153;111;124;89;55;23;2433;92;87;100;121;122;113;132;140;140;163;207;208;196;146;127;148;91;66;34;284;981;633;1950;982;3;4518;216;38;24;33;3;2201;784;743;319;271;71;13;2
2024;2025;5112;16588;1253;885;368;227;45;96;0;823;23;670;130;0;430;233;74;122;3;669;24;40;46;77;51;19;35;39;41;41;61;49;43;35;22;16;15;10;5;584;21;19;32;37;28;22;30;38;30;54;57;49;39;29;24;24;20;19;12;84;323;170;446;229;3;1162;50;11;21;9;0;525;190;150;78;74;24;9;1
2024;2025;5113;12828;16374;10515;5859;4533;739;583;4;9062;5388;1656;2011;7;7312;4473;1657;1097;85;7758;238;314;357;405;445;502;482;519;482;532;539;624;566;446;428;341;277;192;69;8616;255;325;358;343;382;493;471;485;548;535;613;722;632;509;538;479;441;297;190;1019;3830;2144;6910;2469;3;15278;595;173;207;99;22;8367;4007;2443;969;717;183;48;2
2024;2025;5115;12807;6727;5021;1706;1496;111;97;3;4613;77;3699;837;0;2114;1507;300;254;53;3243;111;150;169;186;170;183;165;179;207;209;224;284;238;196;158;164;137;78;35;3484;123;149;146;158;156;166;199;187;218;241;261;312;251;213;195;190;154;106;59;334;1403;843;2906;1239;3;6353;241;34;54;43;3;3217;1286;1012;476;356;76;11;2
2024;2025;5117;12393;201;184;17;16;0;3;0;173;3;117;53;0;28;18;0;10;0;99;5;3;4;3;3;8;4;3;7;3;9;11;12;7;3;7;7;3;3;102;5;5;3;6;3;4;5;4;5;3;5;9;8;14;5;7;9;3;3;10;33;20;89;49;0;188;3;8;3;3;0;97;35;39;14;5;3;3;1
2024;2025;5118;12436;7321;5487;1834;1584;129;121;0;4735;56;3454;1225;0;2586;1805;352;388;41;3401;129;132;159;169;146;158;187;175;192;191;243;307;253;264;209;212;157;65;53;3920;104;126;154;150;171;160;213;169;207;254;310;341;299;286;264;284;197;138;93;419;1642;982;3209;1069;0;6868;286;66;61;38;3;3712;1701;1134;437;337;82;21;2
2024;2025;5120;12463;2572;1801;771;566;121;84;0;1443;101;895;447;0;1129;674;239;195;21;1188;39;32;37;35;64;68;51;68;82;74;82;87;101;77;80;85;65;40;21;1384;23;34;30;41;53;74;56;61;82;82;98;91;113;110;108;107;92;72;57;201;728;360;1055;226;3;2359;119;36;45;13;0;1475;843;386;134;87;21;4;2
2024;2025;5121;13135;687;541;146;134;8;4;0;450;4;243;203;0;237;194;25;16;3;336;3;7;4;9;10;22;8;15;13;11;23;29;34;40;31;33;26;13;5;351;4;13;4;5;14;7;12;12;15;17;22;43;32;25;38;33;25;16;14;42;176;95;316;58;0;644;25;3;13;3;0;381;187;140;32;18;4;0;1
2024;2025;5125;12922;522;391;131;112;4;15;0;333;9;187;137;0;189;141;8;38;3;277;4;4;7;6;12;6;8;9;8;12;19;34;30;34;24;33;13;10;4;245;3;3;4;6;5;4;5;10;11;13;19;26;32;24;29;16;17;14;6;32;122;65;220;83;0;489;21;6;5;3;0;291;136;111;24;17;3;0;1
2024;2025;5131;10558;3393;2500;893;618;130;140;5;2206;27;1696;483;0;1187;697;226;237;27;1626;82;72;90;97;99;112;97;85;110;94;112;147;93;103;72;59;56;31;15;1767;64;90;77;70;95;116;103;101;103;111;115;144;119;93;86;101;83;58;38;228;912;557;1236;460;0;3140;180;17;25;28;3;1607;662;493;199;187;52;14;1
2024;2025;5136;15686;663;594;69;59;5;5;0;554;67;332;155;0;109;85;9;15;0;336;5;6;8;9;14;15;13;11;23;23;22;29;31;39;39;29;13;5;3;327;7;5;6;10;12;11;7;15;11;13;21;28;35;43;34;33;20;11;5;36;87;74;309;157;0;627;17;9;9;3;0;353;178;118;27;22;5;3;1
2024;2025;5138;16587;2858;2413;445;369;33;42;3;2208;49;1786;373;0;650;462;68;116;4;1418;45;53;79;93;89;84;67;64;81;87;117;134;113;90;81;63;46;21;11;1440;47;57;64;72;90;67;68;73;92;93;139;130;108;87;81;75;45;31;21;148;543;301;1359;507;0;2696;121;15;7;18;3;1244;385;432;198;173;44;12;1
2024;2025;5141;11722;4554;3035;1519;1254;162;103;0;2670;10;2160;500;0;1884;1372;227;262;23;2159;90;101;102;99;126;134;135;129;131;155;198;176;132;119;87;105;80;46;14;2395;85;97;94;113;129;134;147;132;152;192;198;182;161;122;101;147;102;68;39;294;1143;598;1844;675;0;4229;227;14;47;36;3;2228;953;685;290;234;53;13;2
2024;2025;5143;11757;351;304;47;45;0;3;0;272;8;209;55;0;79;63;0;16;0;169;5;7;11;12;3;3;9;9;10;11;17;22;15;13;7;7;6;3;0;182;4;9;12;8;17;6;5;5;12;9;17;26;15;6;4;10;8;3;6;15;50;71;163;52;0;334;13;3;3;3;0;152;55;39;27;24;6;3;1
2024;2025;5144;11703;938;827;111;102;3;6;0;747;57;577;113;0;191;151;8;32;0;455;9;18;17;29;18;20;25;21;27;17;48;37;53;43;22;20;14;11;6;483;17;16;16;27;28;28;21;20;17;34;38;40;47;34;25;29;14;17;15;38;135;93;394;278;0;898;26;3;10;3;0;443;187;134;61;38;16;7;1
2024;2025;5146;11684;313;269;44;34;7;3;0;240;3;159;80;0;73;50;9;14;0;148;4;7;4;7;6;5;3;3;7;10;17;12;12;19;13;9;3;7;0;165;3;5;8;9;7;5;3;9;7;11;15;15;17;18;11;12;4;4;5;16;78;35;128;56;0;296;14;0;3;3;0;160;72;51;20;11;6;0;2
2024;2025;5148;11902;1510;1260;250;213;10;27;0;1113;15;953;145;0;397;305;30;57;5;731;21;36;38;44;44;36;35;27;48;61;64;64;64;43;28;33;25;12;8;779;25;31;48;49;51;19;24;50;48;55;70;59;73;35;46;34;30;15;17;72;255;176;729;278;0;1429;65;0;7;9;0;618;184;172;122;117;17;6;2
2024;2025;5149;11770;619;525;94;85;3;7;0;479;5;398;76;0;140;106;5;29;0;313;14;18;18;16;19;18;19;14;18;13;18;26;34;28;17;4;13;4;3;306;10;10;13;5;22;13;9;17;15;16;21;34;33;26;15;14;15;8;10;41;116;54;287;121;0;577;28;3;7;4;0;268;96;75;45;37;9;6;2
2024;2025;5151;14939;2801;2169;632;520;48;64;0;1915;12;1589;314;0;886;647;94;140;5;1370;49;57;52;63;65;85;102;87;95;94;128;112;126;78;61;56;33;15;12;1431;56;56;52;68;71;79;94;86;102;107;116;112;103;92;65;64;48;35;25;155;678;374;1118;475;3;2631;112;6;34;16;3;1291;481;422;194;142;40;12;2
2024;2025;5154;11806;930;505;425;373;29;23;0;415;10;335;70;0;515;407;54;54;0;472;6;13;13;19;21;24;23;22;32;26;56;50;52;31;21;32;17;9;5;458;8;15;20;17;22;18;23;16;28;41;45;49;40;28;29;24;20;7;8;93;237;140;339;121;0;832;62;9;21;5;3;475;214;140;72;39;9;3;1
2024;2025;5160;11475;474;351;123;115;3;5;0;306;5;235;66;0;168;145;9;14;0;247;14;15;10;10;3;14;9;12;9;9;25;23;22;24;17;14;6;7;4;227;5;11;8;9;4;7;8;12;10;16;15;20;25;17;17;15;13;7;8;21;122;67;181;83;0;447;10;9;3;6;0;226;92;72;32;21;7;3;1
2024;2025;5161;11492;790;647;143;112;22;9;0;589;7;479;102;3;201;135;38;28;0;385;12;17;24;31;28;11;12;20;31;31;39;27;21;21;12;25;14;4;5;405;11;20;22;19;16;16;15;15;35;33;37;40;34;22;22;15;17;9;7;31;171;108;329;151;0;754;23;3;6;5;0;336;110;104;55;53;11;3;1
2024;2025;5162;11484;1585;1123;462;389;43;30;0;989;5;847;137;0;596;451;64;74;7;795;27;34;45;43;48;58;49;43;45;55;62;84;56;38;31;30;30;10;7;790;30;27;30;50;41;48;41;51;47;54;63;80;64;38;33;44;20;19;10;82;410;217;646;230;0;1493;61;3;14;11;5;695;245;210;113;97;20;10;2
2024;2025;5167;11404;2404;1693;711;560;79;72;0;1485;18;1302;165;0;919;642;122;155;0;1178;56;39;68;59;72;72;59;95;61;86;103;96;102;51;48;52;26;25;8;1226;40;51;61;56;65;57;91;72;83;87;106;109;78;57;56;54;41;40;22;166;606;357;879;395;3;2222;122;4;37;16;3;1130;455;322;182;134;28;9;2
2024;2025;5171;11413;4400;3048;1352;1116;136;100;0;2549;31;1813;705;0;1851;1362;196;273;20;2052;47;92;110;122;129;97;73;104;106;142;150;158;182;149;109;115;95;52;20;2348;63;85;139;110;103;82;98;96;130;142;196;184;184;148;160;154;136;89;49;268;900;630;1977;625;0;4118;175;37;53;17;0;2058;854;600;276;233;76;19;2
2024;2025;5176;11616;2186;1901;285;254;18;13;0;1675;11;1408;256;0;511;388;49;72;3;1059;44;51;78;69;67;40;48;51;71;70;82;91;72;53;56;48;34;22;12;1127;40;45;72;65;61;40;46;68;74;87;92;77;81;77;65;46;43;28;20;120;435;227;1023;381;0;2053;87;14;17;15;0;926;300;283;144;142;49;8;1
2024;2025;5180;11570;1483;1204;279;239;22;18;0;1087;6;895;185;3;396;292;49;53;3;700;26;31;41;42;38;36;36;46;51;46;56;60;45;33;27;41;23;17;5;783;41;39;38;40;32;31;52;45;49;56;65;56;50;40;49;38;27;24;11;94;346;223;574;246;0;1377;77;6;9;13;3;662;230;208;110;89;16;9;2
2024;2025;5181;11571;587;491;96;89;4;3;0;442;0;352;90;0;145;117;14;14;0;287;13;12;8;15;16;22;12;18;15;16;24;19;29;29;18;10;6;3;3;300;11;12;19;14;4;24;16;10;24;19;20;28;22;35;8;18;6;4;6;35;152;74;240;86;0;547;28;3;4;5;0;273;99;87;45;32;9;3;1
2024;2025;5186;12042;468;312;156;125;22;9;0;252;3;205;45;0;216;150;45;18;3;237;11;9;9;16;13;16;12;16;13;16;16;21;31;10;8;6;10;3;3;231;7;10;10;10;10;9;18;14;9;20;23;18;25;11;10;10;7;6;4;35;114;48;211;60;0;430;20;3;11;3;3;203;72;56;41;21;9;4;1
2024;2025;5187;12118;1398;1079;319;264;38;17;0;960;14;807;139;0;438;308;64;61;5;675;30;31;33;38;31;39;29;41;54;52;61;60;43;37;30;30;23;9;4;723;28;51;30;31;32;26;41;45;54;57;69;56;50;29;24;47;25;18;10;88;337;214;579;180;0;1299;70;9;8;12;0;614;210;178;116;85;20;5;1
2024;2025;5189;12623;1757;1131;626;520;65;41;0;1043;10;898;135;0;714;531;101;76;6;850;23;31;43;58;41;68;59;43;62;64;68;82;68;31;43;28;22;12;4;907;25;24;44;58;54;51;43;44;68;83;73;86;50;43;44;38;35;21;23;105;422;199;753;275;3;1646;82;7;13;6;3;829;340;237;130;87;30;5;1
2024;2025;5192;15628;63629;37986;25643;19989;3126;2516;12;31602;10079;16218;5297;8;32027;21972;4471;4959;625;30773;1133;1246;1463;1684;1962;2101;2088;1957;1976;2018;2325;2504;2207;1625;1324;1235;994;661;270;32856;1101;1234;1367;1494;1728;1827;1918;2041;1999;2257;2622;2587;2304;1808;1624;1698;1460;1036;751;3655;12638;7479;25801;14033;23;59632;1349;437;1763;418;30;31741;14712;8865;4024;3059;830;251;2
2024;2025;5193;12714;1622;1222;400;354;26;20;0;1048;11;821;216;0;574;438;49;86;3;764;29;27;35;52;37;31;46;31;45;56;79;50;66;47;40;37;28;21;7;858;24;31;29;49;44;34;34;43;45;52;68;67;66;55;64;58;41;26;28;91;393;264;662;212;0;1522;59;11;16;13;3;756;288;238;111;102;15;3;1
2024;2025;5194;12765;1373;1071;302;271;16;15;0;958;7;792;159;0;415;325;42;45;3;685;27;34;38;41;41;38;35;35;46;49;65;69;46;28;29;22;17;23;3;688;24;39;30;33;29;50;31;32;51;51;61;65;38;33;22;47;25;18;9;87;297;190;556;242;3;1274;74;10;3;12;3;598;193;188;103;90;20;4;1
2024;2025;5196;12749;6799;3661;3138;2289;474;375;0;3091;21;2567;503;0;3708;2393;617;628;70;3206;128;138;153;168;187;219;259;260;239;227;261;218;200;151;103;119;78;68;30;3593;162;165;168;169;169;242;268;286;231;228;243;233;226;161;151;143;143;120;85;677;2096;845;2411;769;3;6075;330;113;221;53;7;3384;1576;949;411;327;93;28;2
2024;2025;5198;12388;1785;1110;675;580;64;31;0;920;6;756;157;3;865;669;116;80;0;895;35;41;53;30;42;42;48;51;67;53;80;73;62;59;51;41;30;22;15;890;24;25;28;41;39;37;52;58;63;63;81;58;64;54;46;65;48;27;17;134;413;229;732;277;0;1639;65;23;44;14;0;888;383;277;123;81;19;5;1
2024;2025;5199;12442;1389;1172;217;199;9;9;0;1087;18;938;131;0;302;242;26;34;0;699;27;32;55;44;40;36;38;30;40;56;70;70;51;27;28;21;23;8;3;690;22;28;43;44;37;28;25;32;58;59;68;72;50;32;27;21;21;14;9;85;243;194;613;254;0;1298;69;3;9;11;0;573;165;168;112;100;24;4;1
2024;2025;5200;12420;293;253;40;33;3;3;3;223;8;184;31;0;70;48;5;16;3;143;3;5;12;7;7;4;4;8;11;11;18;15;10;11;5;4;4;3;3;150;5;5;8;18;11;3;5;5;5;15;16;12;11;6;6;7;4;7;3;15;49;32;123;74;0;278;15;0;0;0;0;134;48;44;22;12;7;3;1
2024;2025;5203;12331;713;412;301;247;45;9;0;336;8;239;89;0;377;282;59;31;5;360;8;9;15;13;11;11;16;19;15;29;25;41;30;37;22;25;19;11;4;353;7;9;9;13;6;10;12;16;22;30;35;32;31;30;28;20;25;10;8;52;185;116;254;106;0;659;22;14;16;3;0;384;179;133;41;23;5;3;1
2024;2025;5205;12531;805;632;173;136;19;18;0;532;3;459;71;0;273;193;39;41;0;368;11;16;13;18;20;19;22;19;27;26;24;36;30;22;20;20;12;10;3;437;14;14;19;16;16;26;26;21;31;27;34;38;41;28;27;26;18;11;4;73;168;80;379;105;0;729;59;3;6;3;6;372;132;133;45;47;12;3;1
2024;2025;5206;12539;328;275;53;49;3;3;0;244;3;193;49;0;84;60;9;15;0;156;8;5;6;3;10;3;7;6;7;13;18;14;13;16;8;12;6;3;0;172;7;8;12;7;4;9;8;10;12;14;13;17;13;8;10;3;9;4;4;23;62;37;132;74;0;301;13;9;3;4;0;151;64;41;22;16;5;3;1
2024;2025;5207;12564;850;730;120;101;8;11;0;675;13;532;130;0;175;132;15;27;3;414;14;22;25;19;21;19;17;24;27;38;31;34;32;30;19;19;15;4;4;436;16;19;14;22;29;24;20;30;23;31;29;38;38;26;26;19;15;8;9;57;196;101;332;164;0;787;43;5;8;7;0;394;157;123;52;40;16;6;1
2024;2025;5208;12488;1526;1262;264;205;34;25;0;1061;7;886;168;0;465;327;57;79;3;718;26;46;41;45;43;28;24;39;46;43;60;72;57;43;34;31;27;9;4;808;31;37;48;53;43;37;32;50;49;51;76;62;67;47;44;32;24;14;11;72;343;211;701;199;0;1448;52;7;13;6;0;617;180;186;101;101;40;9;1
2024;2025;5210;13116;4853;1866;2987;2297;421;265;4;1411;8;1151;252;0;3442;2267;578;476;121;2543;93;108;93;171;110;155;182;188;190;173;223;216;176;132;97;96;73;46;21;2310;90;88;76;98;99;140;177;145;186;149;197;176;154;126;108;100;90;64;47;421;1634;712;1558;528;0;4406;179;61;169;36;3;2560;1352;654;300;182;53;19;2
2024;2025;5212;13138;1958;1629;329;300;21;8;0;1407;5;1173;229;0;551;434;46;71;0;957;32;54;70;79;53;39;47;47;60;65;79;89;68;50;34;35;33;13;10;1001;45;56;66;52;41;28;50;55;80;61;85;94;71;52;39;60;35;17;14;131;443;252;853;279;0;1822;102;10;12;7;5;818;264;243;125;135;43;8;1
2024;2025;5214;13073;1717;1243;474;396;47;31;0;1050;4;861;185;0;667;504;67;94;3;825;26;43;29;38;58;61;51;49;46;39;70;77;58;45;46;28;26;20;15;892;24;32;39;35;53;59;52;51;44;60;63;85;56;53;48;45;45;28;20;143;524;200;661;189;0;1568;96;15;26;11;3;799;311;248;125;92;20;3;2
2024;2025;5216;13093;1355;1059;296;243;28;25;0;929;8;730;191;0;426;313;47;65;3;652;17;26;39;34;33;32;43;34;32;36;60;64;55;49;30;26;27;7;8;703;21;28;33;39;39;39;39;27;32;56;59;60;65;40;43;35;21;15;12;94;307;181;569;204;0;1256;66;13;14;6;0;611;220;189;100;73;26;3;1
2024;2025;5221;13059;2276;1522;754;601;107;45;3;1318;7;1085;226;0;958;687;153;117;3;1069;31;53;78;64;47;65;57;57;67;87;85;96;66;56;45;46;38;23;8;1207;49;51;65;68;42;59;58;64;82;85;90;101;69;70;57;73;61;34;29;151;625;303;920;277;0;2114;102;9;34;16;3;1043;413;311;141;124;44;10;2
2024;2025;5225;10415;2183;1349;834;563;66;205;0;1123;560;386;177;0;1060;648;122;286;4;994;39;44;42;88;88;65;55;62;61;71;71;62;77;43;40;34;31;15;6;1189;42;41;59;107;142;76;61;57;75;73;83;88;57;52;58;46;24;32;16;240;798;290;736;118;3;1931;116;19;96;18;3;916;404;231;116;127;25;13;2
2024;2025;5226;14938;6717;5961;756;650;56;50;0;5478;402;4327;749;0;1239;935;114;183;7;3305;120;162;209;179;195;142;155;193;201;224;256;287;250;209;189;153;95;64;22;3412;112;152;187;179;155;135;145;211;217;250;278;279;239;222;195;178;131;101;46;260;1038;784;3134;1501;0;6435;188;16;46;29;3;2968;1070;903;459;375;132;29;2
2024;2025;5227;10880;3087;2261;826;683;72;70;3;2027;16;1733;278;0;1060;801;117;142;0;1538;69;71;79;92;103;68;96;104;95;95;125;124;87;93;82;75;48;22;10;1549;60;71;77;82;82;75;75;105;91;116;129;124;100;102;91;76;51;24;18;147;599;359;1427;555;0;2924;115;5;21;20;3;1307;396;434;227;175;53;22;1
2024;2025;5230;10916;613;493;120;108;10;3;0;421;4;315;102;0;192;151;18;23;0;301;12;17;13;18;11;12;11;18;19;18;31;24;35;25;11;11;10;3;3;312;10;7;11;13;18;18;16;16;20;28;29;23;38;19;20;14;6;4;3;36;145;78;255;99;0;577;21;5;9;3;0;297;123;89;41;36;7;3;2
2024;2025;5231;10943;1958;1427;531;431;51;44;5;1245;9;1067;169;0;713;520;89;101;3;947;34;50;54;48;55;54;43;53;51;86;80;83;75;44;42;43;32;13;7;1011;38;37;61;61;52;48;51;48;60;80;88;72;74;52;47;57;33;34;18;111;487;217;856;285;3;1835;89;12;10;12;0;869;341;235;119;128;36;10;2
2024;2025;5233;10755;408;227;181;133;24;24;0;178;4;129;44;3;230;155;34;41;0;218;3;13;7;13;14;4;6;8;15;12;21;22;25;14;10;13;13;5;0;190;4;7;9;7;7;9;6;8;12;6;17;22;13;18;13;15;9;5;3;21;136;61;160;30;0;385;14;3;4;3;3;200;87;61;24;21;3;4;1
2024;2025;5236;15512;4903;3159;1744;1332;217;195;0;2654;32;2142;480;0;2249;1521;320;405;3;2386;79;113;144;146;124;122;96;127;111;167;218;207;202;142;123;89;94;48;34;2517;77;103;152;164;117;94;122;125;159;195;232;212;178;136;128;109;109;58;47;284;1274;689;1991;665;0;4593;173;33;75;29;0;2127;712;679;352;265;87;32;2
2024;2025;5237;14519;1390;1239;151;125;19;7;0;1149;33;939;177;0;241;195;22;24;0;668;21;22;22;36;43;42;27;36;32;45;63;62;48;43;50;36;21;14;5;722;23;26;28;37;29;29;31;28;37;45;62;73;78;56;41;31;35;18;15;66;231;144;646;303;0;1318;48;9;7;8;0;658;250;217;99;66;21;5;1
2024;2025;5238;15392;4729;3827;902;784;56;62;0;3524;126;3050;348;0;1205;895;135;173;3;2395;105;125;122;133;119;130;154;173;154;187;204;220;158;121;108;70;66;33;13;2334;117;102;117;106;103;123;138;179;179;173;184;191;154;122;103;99;66;40;38;259;903;570;1762;1230;5;4432;202;14;40;41;0;2108;750;653;321;284;75;25;2
2024;2025;5239;16611;3126;2345;781;670;56;55;0;2039;220;1339;480;0;1087;841;91;151;4;1528;44;47;71;86;67;75;73;57;94;84;141;133;137;131;80;96;65;37;10;1598;39;50;73;82;57;60;71;65;76;98;135;143;147;129;120;99;75;48;31;164;679;412;1375;496;0;2944;97;40;24;18;3;1571;707;491;187;127;46;13;2
2024;2025;5240;16619;3005;2091;914;804;67;42;3;1902;46;1584;272;0;1103;857;115;128;3;1479;52;70;78;77;76;64;83;103;90;99;120;139;140;84;70;57;46;23;8;1526;55;77;69;67;71;63;73;106;106;115;126;121;120;82;86;68;53;39;29;172;697;462;1131;543;0;2821;126;10;30;16;3;1400;557;433;194;167;39;10;2
2024;2025;5242;11707;3356;2361;995;830;88;77;0;2047;35;1809;203;0;1309;997;130;177;5;1630;55;57;70;82;95;114;116;87;90;99;130;147;132;104;70;74;56;39;13;1726;56;64;78;67;102;102;95;85;103;120;129;140;132;98;81;93;76;62;43;227;786;372;1338;633;0;3111;154;11;54;25;3;1696;804;453;238;148;40;13;2
2024;2025;5249;14499;2262;1963;299;274;6;19;0;1785;50;1576;159;0;477;410;15;51;3;1116;49;53;46;55;44;51;49;74;73;79;79;110;97;70;61;59;36;27;4;1146;41;55;54;45;53;55;57;69;61;86;87;99;88;65;58;59;66;30;18;118;413;295;946;490;0;2132;86;7;20;17;0;999;342;320;155;134;39;9;1
2024;2025;5250;13251;7564;4150;3414;2560;350;504;0;3390;72;2868;448;3;4174;2946;522;682;24;3744;114;132;142;179;208;217;206;190;220;264;335;327;331;240;170;176;157;89;47;3820;99;147;167;171;176;168;170;180;222;255;302;320;271;235;205;225;214;153;140;506;1664;986;3184;1218;6;7033;258;49;182;36;6;4090;2210;1067;427;261;96;29;2
2024;2025;5251;11594;2834;2288;546;455;37;54;0;1930;20;1702;208;0;904;706;66;126;6;1340;50;50;61;61;54;63;63;67;78;82;113;112;117;98;98;72;51;33;17;1494;48;62;69;58;48;57;83;78;82;114;95;119;114;119;85;93;84;49;37;144;496;388;1254;552;0;2677;98;6;39;14;0;1341;505;452;201;145;32;6;2
2024;2025;5254;15630;15085;11192;3893;3354;230;299;10;9713;5360;3234;1117;3;5372;4212;398;707;55;7326;222;294;350;404;510;484;443;412;392;435;626;637;525;414;366;311;261;171;69;7759;222;247;308;395;493;454;402;392;413;537;603;635;559;427;424;440;366;264;178;973;2951;1620;5840;3698;3;14033;480;73;401;88;10;7383;3218;2180;998;754;181;52;2
2024;2025;5257;12329;4412;3187;1225;996;116;113;0;2684;47;2230;407;0;1728;1378;139;199;12;2085;67;85;116;133;118;85;75;92;127;128;172;194;191;139;116;107;78;43;19;2327;71;93;118;136;109;72;86;100;131;157;202;215;192;158;124;116;122;82;43;210;851;589;2069;693;0;4187;129;9;64;19;4;2007;758;631;289;238;65;26;2
2024;2025;5260;12544;2340;1857;483;420;9;54;0;1600;30;1431;138;3;740;621;26;89;4;1139;38;47;55;44;62;48;64;52;69;75;95;125;88;72;61;59;38;32;15;1201;46;46;55;65;44;57;43;69;59;80;93;108;105;63;69;59;60;57;23;111;429;250;1051;499;0;2217;78;7;26;12;0;1073;383;350;174;132;26;8;1
2024;2025;5263;12904;2695;2134;561;489;35;37;0;1901;42;1663;196;0;794;623;61;106;4;1332;55;69;49;66;62;66;71;72;76;77;105;127;117;86;65;69;56;32;12;1363;41;48;53;65;62;67;65;81;88;86;105;122;127;88;74;61;59;44;27;164;529;321;1088;593;0;2515;115;11;37;17;0;1247;468;399;188;138;45;9;1
2024;2025;5266;10381;4522;3370;1152;995;85;72;0;2867;18;2444;405;0;1655;1303;141;200;11;2270;83;107;126;138;132;129;99;105;112;169;204;200;178;136;119;110;75;40;8;2252;62;93;98;128;134;98;95;101;144;170;230;208;180;121;119;119;72;46;34;242;748;513;2066;953;0;4264;156;16;62;22;3;1990;677;605;344;292;56;16;1
2024;2025;5268;10930;3491;2358;1133;970;109;54;0;1896;31;1619;246;0;1595;1317;139;130;9;1715;64;72;85;93;87;80;85;78;110;111;155;168;140;87;85;87;71;35;22;1776;62;66;81;94;71;96;72;83;106;137;171;130;154;97;88;89;86;55;38;208;792;483;1490;517;3;3267;134;17;48;20;5;1636;635;506;257;180;44;14;1
2024;2025;5269;14974;1889;1674;215;196;8;11;0;1502;99;1255;148;0;387;330;19;38;0;922;28;35;37;34;44;48;50;42;52;51;81;85;97;71;53;50;38;16;10;967;32;38;43;48;42;39;42;51;57;55;87;100;72;49;56;63;44;24;25;69;282;237;858;443;0;1810;49;11;9;10;0;869;314;296;125;107;21;6;2
2024;2025;5281;11904;6201;3980;2221;1575;474;172;0;3752;213;3281;257;3;2449;1502;558;277;112;3166;129;145;191;198;167;189;163;197;209;181;231;261;197;179;166;149;108;73;33;3035;106;137;156;144;140;158;143;179;201;191;201;230;236;174;179;174;120;102;64;337;972;585;2635;1671;3;5826;206;31;89;41;8;2788;1064;821;399;360;114;30;1
2024;2025;5287;16079;4269;2995;1274;1112;120;42;0;2809;136;2437;234;3;1460;1108;194;122;36;2153;72;103;118;123;121;127;106;157;153;166;195;207;139;103;80;77;51;42;13;2116;88;92;127;122;111;109;120;118;158;153;167;178;131;103;88;85;88;43;35;220;775;569;1715;990;0;4018;162;18;37;33;3;1880;669;551;293;271;79;17;1
2024;2025;5304;11798;47;44;3;3;0;0;0;44;3;37;6;0;3;3;0;0;0;29;0;3;3;0;0;3;3;3;4;3;3;0;6;3;3;3;3;0;0;18;0;0;0;3;0;3;3;0;0;3;3;3;0;3;3;3;3;0;0;4;7;5;8;23;0;43;4;0;0;0;0;28;17;7;3;3;3;0;1
2024;2025;5307;11402;49;42;7;6;0;3;0;42;0;30;12;0;7;5;0;3;0;29;0;3;3;0;0;0;3;3;3;3;6;3;3;3;5;3;3;3;0;20;0;0;0;3;3;0;0;3;3;3;3;3;3;3;3;3;0;0;0;3;10;7;25;6;0;48;3;0;0;0;0;31;20;7;3;0;0;3;1
2024;2025;5309;11388;37;35;3;3;0;3;0;34;3;27;6;0;3;3;0;3;0;23;3;0;0;3;0;3;0;0;3;3;3;3;5;3;3;0;3;3;3;14;0;0;0;0;3;3;0;0;0;3;3;3;0;3;3;3;3;0;0;0;6;3;15;14;0;37;0;0;0;0;0;25;18;6;0;0;0;3;1
2024;2025;5310;14919;1111;964;147;135;6;6;0;916;246;546;124;0;195;159;11;25;0;525;21;24;20;21;23;25;31;28;30;29;35;51;57;33;38;24;20;7;8;586;34;30;23;17;25;27;32;38;26;29;36;45;52;47;35;27;25;23;15;48;226;91;406;340;0;1056;37;8;3;7;0;547;252;153;61;60;18;3;1
2024;2025;5315;12814;41;37;4;4;0;0;0;36;0;24;12;0;5;3;0;3;0;22;3;0;0;0;0;0;0;3;3;3;3;3;4;3;3;3;3;0;0;19;3;0;0;0;0;0;0;3;0;0;3;3;5;3;3;3;3;0;0;0;9;5;24;3;0;41;0;0;0;0;0;26;16;7;3;3;0;0;1
2024;2025;5317;14495;2674;2397;277;242;8;27;0;2234;87;1848;299;0;440;318;36;85;3;1313;49;74;70;52;65;56;69;85;88;95;77;111;112;72;78;85;44;18;13;1361;59;82;63;49;64;55;67;84;84;84;89;121;98;90;91;70;54;29;28;136;424;283;1075;756;0;2515;100;25;9;24;3;1231;462;394;184;139;41;11;1
2024;2025;5323;14497;498;464;34;32;0;3;0;449;13;390;46;0;49;41;0;8;0;261;16;4;9;19;9;9;14;14;17;6;18;25;31;23;15;15;10;5;3;237;14;8;9;8;13;10;12;7;10;14;22;21;18;16;15;16;11;7;6;26;74;38;143;217;0;461;20;6;0;11;0;221;81;79;18;26;14;3;1
2024;2025;5324;14940;1534;1373;161;139;13;9;0;1271;18;1077;176;0;263;193;32;37;3;751;34;33;50;47;45;42;35;39;44;59;52;65;46;48;35;42;12;17;6;783;29;46;38;46;29;33;33;46;50;61;58;58;64;55;43;37;33;11;13;64;283;209;840;137;3;1463;50;8;3;10;0;642;205;188;111;102;31;5;1
2024;2025;5396;15627;2685;2369;316;270;19;27;0;2155;54;1673;428;0;530;390;39;100;3;1265;54;60;65;70;60;71;65;53;76;70;93;112;95;80;80;76;52;23;10;1420;41;61;69;60;78;67;48;74;90;90;111;126;118;95;86;73;71;41;21;145;509;294;1225;512;0;2527;98;20;22;15;3;1181;371;432;162;174;31;11;2
2024;2025;5397;14973;1070;954;116;97;12;7;0;879;130;521;228;0;191;146;21;21;3;543;6;18;24;28;18;17;21;31;38;34;37;50;50;40;47;47;27;7;3;527;14;9;22;8;22;18;17;24;27;35;38;45;54;50;46;49;27;12;10;55;206;141;426;242;0;1013;31;18;3;3;3;554;249;192;54;42;15;3;1
2024;2025;5398;15391;5024;3858;1166;1031;67;68;0;3489;94;2558;837;0;1535;1161;167;201;6;2506;86;119;108;111;113;105;117;123;154;164;187;249;225;189;150;134;94;50;28;2518;77;102;124;120;109;95;118;143;149;159;182;240;209;181;165;139;101;50;55;226;930;622;2179;1066;3;4771;125;39;58;30;3;2390;984;733;329;241;87;16;2
2024;2025;5399;16589;776;719;57;40;6;10;3;673;3;581;90;0;103;68;11;24;0;379;9;15;7;12;8;22;12;22;28;21;15;36;43;32;44;25;18;6;4;397;19;12;10;20;15;9;11;19;22;21;23;38;38;40;27;28;31;8;6;35;114;84;274;269;0;738;22;7;3;3;3;404;200;121;38;29;12;4;2
2024;2025;5401;14540;11752;6732;5020;2667;1259;1087;7;6516;2536;2756;1219;5;5236;2303;1240;1594;99;5714;342;367;327;356;355;390;452;414;370;392;367;362;342;269;207;182;123;54;43;6038;333;333;329;295;358;436;478;435;384;374;388;388;341;270;260;267;188;104;77;901;3081;1366;4206;2195;3;10727;536;135;185;140;29;5266;2107;1476;719;597;266;101;2
2024;2025;5402;14541;8841;5679;3162;1503;841;812;6;5306;329;3606;1366;5;3535;1502;862;1091;80;4385;223;291;311;266;271;292;309;328;301;290;260;292;275;206;143;146;96;54;31;4456;206;278;249;257;214;251;324;311;304;289;277;308;276;231;195;172;140;110;64;742;2257;1207;3041;1573;21;8027;392;173;130;82;37;3916;1590;1116;483;457;175;95;1
2024;2025;5403;14808;527;396;131;86;18;25;3;391;6;328;57;0;136;72;23;41;0;257;11;20;21;15;12;20;19;23;20;17;10;14;18;15;6;4;9;3;3;270;17;10;15;13;11;20;17;27;22;17;15;17;16;16;16;10;5;3;3;62;190;64;134;77;0;462;50;5;6;3;3;234;87;73;33;25;13;3;1
2024;2025;5404;14793;452;400;52;41;8;3;0;367;6;278;83;0;85;60;8;16;3;226;9;5;16;11;9;9;7;15;14;14;15;20;15;11;18;18;16;3;3;226;5;13;9;8;5;5;8;13;19;16;13;15;20;12;15;17;16;10;7;14;103;64;209;62;0;435;11;3;3;3;0;216;87;81;21;20;6;3;1
2024;2025;5405;14747;1519;1034;485;321;140;24;0;866;35;591;239;3;653;350;189;112;3;789;31;44;35;39;43;34;37;48;55;63;61;58;68;51;40;38;27;16;3;730;24;35;32;43;33;29;43;46;44;65;59;57;55;50;40;35;26;11;3;136;448;214;491;227;3;1379;74;22;24;9;11;704;277;222;90;82;30;3;1
2024;2025;5406;14645;1015;798;217;130;40;47;0;729;14;442;273;0;286;146;45;92;3;501;30;29;35;32;24;23;34;42;35;35;25;35;33;30;24;14;15;4;3;514;26;33;34;14;17;19;32;56;33;24;34;33;37;35;37;23;16;7;4;55;308;153;321;178;0;948;28;15;9;12;3;451;168;143;65;43;23;9;1
2024;2025;5407;14625;3659;1820;1839;832;264;743;0;1526;45;1069;412;0;2133;836;340;953;4;1848;60;79;109;245;183;106;95;112;128;106;107;115;128;95;67;59;35;13;6;1811;45;59;84;246;216;76;95;105;121;125;115;106;106;80;83;64;40;29;16;631;1148;393;1036;449;3;3008;196;31;394;24;6;1375;650;389;146;145;31;14;1
2024;2025;5408;14620;1215;910;305;219;46;40;0;844;23;671;148;3;371;196;84;90;3;611;33;41;34;39;30;33;43;47;43;33;35;42;43;38;24;25;17;8;3;604;30;36;40;41;21;32;39;45;52;36;40;45;36;34;22;26;17;8;4;115;338;194;399;169;0;1092;79;12;22;9;3;487;134;154;82;82;25;10;2
2024;2025;5409;14663;8221;5241;2980;1680;656;641;3;4638;161;3325;1152;0;3583;1713;825;1017;28;4011;154;207;305;441;221;168;215;258;213;236;287;300;267;224;175;169;97;52;22;4210;148;206;300;489;202;167;225;280;249;254;301;282;287;230;200;181;98;64;47;818;2448;951;2874;1129;3;7358;253;113;435;52;10;3351;1233;1047;465;433;139;34;2
2024;2025;5410;14670;1242;998;244;207;20;17;0;967;27;735;205;0;275;192;27;56;0;623;28;33;31;25;25;26;48;47;44;43;43;52;54;42;32;25;16;6;3;619;32;31;26;32;20;24;42;47;46;40;45;45;47;49;32;28;19;9;5;104;360;186;374;217;3;1133;61;20;20;8;0;617;274;196;58;61;22;6;1
2024;2025;5411;14669;1433;1083;350;314;24;12;0;970;38;739;193;0;463;368;44;47;4;716;31;24;31;30;31;31;40;47;49;51;44;62;51;56;48;39;25;18;8;717;21;30;31;30;25;27;26;53;40;45;45;41;58;69;43;58;36;25;14;96;281;167;590;299;0;1330;51;14;28;8;3;746;348;239;70;67;17;5;1
2024;2025;5412;14616;949;616;333;200;86;47;0;592;42;450;100;0;357;190;81;80;6;471;22;38;29;30;29;28;32;33;38;37;30;24;32;22;23;5;13;4;3;478;19;28;27;23;32;35;29;32;38;30;28;34;33;25;25;19;10;6;5;88;328;157;276;99;3;853;67;7;13;9;0;421;153;132;54;55;19;8;1
2024;2025;5413;14603;1994;1292;702;435;156;111;0;1220;21;1034;165;0;774;375;206;171;22;969;61;81;48;67;58;68;65;71;89;66;58;63;54;38;26;26;27;3;3;1025;61;68;77;56;52;79;66;89;84;58;68;56;48;49;42;33;19;8;12;160;628;373;541;292;0;1812;122;13;17;26;4;832;272;237;133;132;41;17;1
2024;2025;5414;14914;6039;3450;2589;1471;588;520;10;3144;66;2513;562;3;2895;1296;729;811;59;2993;185;183;168;187;178;205;221;221;202;194;207;215;172;143;115;91;59;31;16;3046;141;164;157;155;192;180;212;239;221;192;209;199;176;157;135;124;96;55;42;432;1683;915;2129;878;3;5555;274;49;92;55;14;2643;994;746;388;329;130;56;1
2024;2025;5415;14911;1109;854;255;182;44;29;0;788;30;627;131;0;321;198;48;67;8;557;24;38;40;23;25;25;33;44;38;45;45;43;33;33;23;22;14;8;3;552;18;26;34;25;20;32;33;45;42;48;38;41;35;40;27;18;14;10;6;89;330;156;366;168;0;1015;49;17;20;8;0;496;165;169;73;67;17;5;1
2024;2025;5422;16600;3856;2643;1213;943;141;129;0;2334;213;1525;596;0;1522;981;184;353;4;1940;68;104;132;130;120;119;100;124;141;156;172;142;120;104;71;60;43;20;14;1916;76;97;112;101;108;100;111;139;132;148;162;137;109;89;83;72;72;39;29;342;1021;588;1383;522;0;3497;213;42;77;24;3;1610;513;499;267;236;64;31;2
2024;2025;5423;14784;579;464;115;98;15;3;0;440;9;352;79;0;139;96;18;24;3;286;17;16;7;20;24;19;15;23;18;14;25;22;11;22;9;12;6;4;3;293;16;19;16;17;18;18;18;20;16;16;22;15;19;15;10;18;7;8;5;45;148;68;209;109;0;529;31;0;14;5;0;235;57;82;39;47;8;3;1
2024;2025;5424;14763;303;258;45;28;9;8;0;236;8;178;50;0;67;39;13;15;0;153;10;13;6;9;13;6;12;8;9;12;10;11;13;9;6;3;0;3;0;150;8;8;7;10;7;10;6;8;11;13;11;11;11;8;5;6;7;3;0;33;81;21;118;50;0;267;31;3;3;3;0;112;27;24;29;25;4;3;1
2024;2025;5425;14757;1669;1110;559;481;54;24;0;1086;39;831;216;0;583;428;76;75;4;843;45;33;65;43;56;53;57;63;58;71;70;50;49;39;26;31;23;6;5;826;28;50;44;38;51;40;55;68;63;55;62;48;58;32;43;35;19;25;12;115;469;239;557;289;0;1541;71;7;33;13;4;750;275;212;128;105;21;9;2
2024;2025;5426;14764;514;367;147;111;16;20;0;307;3;192;112;0;207;125;29;53;0;249;7;8;11;21;14;11;20;15;10;11;24;19;17;19;17;13;6;6;0;265;11;10;8;16;13;15;19;15;13;17;23;30;22;18;11;11;8;4;3;39;181;70;163;61;0;472;23;3;10;5;3;205;37;91;34;30;8;5;1
2024;2025;5427;14743;923;646;277;168;63;46;0;546;7;373;166;0;377;188;85;104;0;460;13;26;24;32;37;27;29;15;28;41;38;35;33;20;22;22;12;5;3;463;26;27;27;33;17;20;30;25;33;38;51;39;23;19;20;18;11;3;5;82;266;113;333;129;0;835;53;7;20;6;3;354;97;104;67;60;23;3;1
2024;2025;5428;14730;2457;1760;697;572;81;44;0;1604;24;1189;391;0;853;585;104;157;7;1199;73;93;72;63;69;70;74;87;91;85;94;72;61;59;48;38;26;16;8;1258;68;81;87;71;66;68;71;97;92;102;101;70;56;56;63;45;27;21;16;172;762;410;734;378;3;2263;117;20;34;23;0;1013;345;288;153;154;59;14;1
2024;2025;5429;14624;556;451;105;65;31;9;0;383;7;241;135;0;173;109;34;30;0;283;18;15;17;16;16;16;16;16;21;14;26;24;19;10;16;12;6;4;3;273;15;18;8;20;11;11;14;15;20;25;21;20;19;18;17;9;7;3;3;32;171;70;191;92;0;515;27;3;3;9;3;219;62;65;34;45;10;3;1
2024;2025;5430;14631;508;418;90;69;14;7;0;371;5;226;140;0;137;79;18;40;0;265;11;15;15;20;15;15;17;21;15;17;16;28;20;8;15;12;3;3;3;243;14;10;10;21;8;15;14;19;16;19;23;17;15;15;9;11;3;3;3;33;157;77;174;67;0;474;21;3;6;3;3;214;65;70;26;44;8;3;1
2024;2025;5431;14679;324;267;57;37;14;3;3;236;5;185;46;0;88;55;14;19;0;176;14;9;4;3;11;8;16;13;16;9;9;9;29;4;6;7;6;3;3;148;4;7;3;7;10;8;16;8;10;7;11;24;11;10;4;4;3;3;3;30;93;34;107;60;0;290;22;3;4;5;0;132;36;45;26;13;8;4;1
2024;2025;5434;14615;1081;825;256;195;41;20;0;707;12;446;249;0;374;242;53;79;0;540;20;26;29;48;24;18;25;31;34;55;48;57;30;23;28;22;13;7;3;541;21;30;35;42;24;18;17;32;49;46;50;46;33;36;22;19;12;7;3;81;292;169;405;134;0;998;60;10;9;3;3;460;135;155;77;69;20;4;1
2024;2025;5435;14601;715;585;130;112;10;8;0;540;5;420;115;0;175;132;12;31;0;350;18;18;18;19;20;20;27;20;19;24;23;37;40;14;11;9;6;3;4;365;19;18;23;18;21;20;25;25;20;32;31;25;32;18;8;11;7;8;4;50;171;78;276;139;3;660;43;3;5;6;0;307;93;103;54;42;11;4;1
2024;2025;5436;14586;457;381;76;67;8;3;0;362;3;243;116;0;95;64;11;20;0;230;17;13;18;11;19;11;6;18;20;22;17;20;12;9;9;5;3;0;3;227;11;24;9;14;13;4;9;17;26;20;18;22;12;7;6;4;7;3;3;35;89;128;144;61;0;421;25;6;3;3;0;174;31;61;31;45;6;0;1
2024;2025;5437;14583;447;324;123;107;4;12;0;309;6;241;62;0;138;102;13;22;3;229;15;10;19;18;24;7;11;17;17;23;22;15;10;3;6;5;5;3;3;218;10;13;16;18;18;5;16;13;26;19;22;13;8;6;7;6;3;0;3;25;116;91;141;74;0;419;19;0;6;3;0;164;42;38;33;34;13;4;1
2024;2025;5451;15487;4875;2870;2005;1466;282;257;0;2848;34;1175;1637;3;2027;1198;347;462;20;2443;119;161;156;148;137;175;189;182;165;188;167;141;145;102;104;74;55;21;14;2432;124;152;145;121;138;152;174;195;152;162;173;159;156;105;98;89;69;37;31;391;1398;706;1569;807;4;4447;151;133;88;46;10;2121;780;650;305;240;114;32;2
2024;2025;5456;14546;1885;1596;289;254;15;20;0;1481;13;300;1168;0;404;296;32;70;6;971;46;56;58;77;44;31;55;75;72;69;87;84;63;51;35;31;28;7;3;914;39;43;50;44;43;45;55;71;81;71;69;80;67;44;46;22;20;13;11;134;486;283;678;304;0;1741;46;72;10;13;3;828;255;290;131;115;30;7;1
2024;2025;5458;14749;895;695;200;174;20;6;0;661;5;124;532;0;234;165;31;35;3;438;14;17;16;28;23;29;28;28;36;18;38;43;48;26;21;15;8;3;3;457;23;23;24;22;26;17;27;31;27;33;40;38;43;23;22;19;12;5;3;76;221;126;330;142;0;811;28;36;9;9;3;413;151;149;40;47;21;5;1
2024;2025;5464;15488;3627;2954;673;537;70;66;0;2823;58;901;1864;0;804;525;76;192;11;1788;105;107;104;90;87;74;118;138;138;115;122;137;125;89;92;81;39;15;12;1839;99;100;106;75;67;88;137;134;147;111;128;130;140;103;84;73;59;35;23;231;1027;595;1143;631;0;3364;125;79;19;35;5;1610;536;567;229;201;58;19;2
2024;2025;5471;14755;646;533;113;96;10;7;0;480;0;426;54;0;166;111;30;23;3;336;22;14;22;12;14;29;30;20;40;30;30;24;19;9;10;8;3;0;0;310;17;19;25;11;13;20;31;18;36;20;22;27;21;11;8;3;5;3;3;60;185;110;184;107;0;574;44;3;12;13;0;273;76;97;40;49;8;3;1
2024;2025;5472;14766;531;417;114;89;17;8;0;392;3;334;56;0;139;90;14;33;3;269;18;18;20;14;15;16;16;26;24;14;22;18;16;11;8;7;3;3;0;262;24;8;8;26;9;15;21;28;17;19;21;11;14;8;10;9;8;6;0;51;190;86;139;65;0;474;39;8;3;7;0;215;57;64;42;41;10;3;1
2024;2025;5473;14765;1006;853;153;117;14;22;0;773;3;664;106;0;233;150;28;54;3;486;26;44;28;31;27;19;27;37;46;26;38;40;34;22;14;16;7;4;0;520;19;38;44;32;22;21;25;48;37;36;47;35;40;30;18;17;9;3;3;53;252;133;411;157;0;947;46;4;3;6;0;383;73;126;81;82;18;3;1
2024;2025;5474;14651;432;373;59;46;9;4;0;352;6;305;41;0;80;49;15;16;0;221;10;12;17;13;12;10;9;18;14;13;25;17;8;13;12;7;8;3;0;211;8;14;14;13;11;4;16;13;6;24;18;14;12;18;8;8;8;3;3;17;114;43;177;81;0;413;11;3;5;3;0;174;51;50;34;21;13;5;1
2024;2025;5475;14853;160;145;15;13;0;3;0;138;0;127;11;0;22;16;3;5;0;79;6;8;6;3;3;3;5;8;6;6;3;7;6;3;5;3;3;0;0;81;7;5;8;3;3;3;9;6;7;6;4;3;4;6;5;4;0;0;0;15;43;22;44;36;0;142;14;0;3;3;0;58;12;23;5;11;4;3;1
2024;2025;5476;14814;346;290;56;49;5;3;0;271;0;226;45;0;75;52;8;15;0;169;6;9;16;8;8;12;14;5;14;17;20;10;11;4;8;4;3;3;0;177;12;5;17;11;11;11;11;8;19;13;15;13;10;3;8;3;5;3;3;26;113;32;124;51;0;317;18;3;5;3;0;144;42;42;27;28;4;3;1
2024;2025;5477;14828;4893;3619;1274;980;143;151;0;3405;14;2836;553;3;1488;951;203;325;9;2380;145;124;124;125;141;191;217;195;194;144;172;172;131;97;82;57;39;25;5;2513;137;130;126;133;163;198;213;185;194;150;186;174;130;103;104;90;58;25;14;463;1620;681;1504;625;0;4396;338;35;77;38;9;2214;801;685;319;313;76;20;1
2024;2025;5479;14830;561;485;76;67;6;3;0;462;4;394;64;0;99;68;13;18;0;299;22;26;22;14;15;21;18;21;24;18;22;20;12;17;14;9;3;3;0;262;25;13;18;7;12;11;17;26;22;15;18;15;17;19;8;5;5;4;5;52;125;79;177;128;0;505;36;3;5;10;3;227;61;80;29;41;11;5;1
2024;2025;5480;14819;1097;889;208;184;10;14;0;832;5;706;121;0;265;190;22;52;3;521;22;31;37;36;17;28;34;42;61;33;40;41;22;29;20;13;8;4;3;576;24;48;43;32;31;22;38;42;50;53;44;36;31;35;22;11;6;5;3;111;288;175;349;174;0;983;87;10;11;5;3;441;108;148;81;83;14;7;1
2024;2025;5481;14854;238;213;25;22;3;3;0;200;3;175;23;0;38;26;3;9;0;117;5;7;9;6;8;5;14;6;10;7;8;8;7;6;6;3;0;3;3;121;7;4;9;3;13;7;6;10;8;8;8;15;10;5;4;0;3;0;3;17;47;24;106;44;0;219;15;3;3;3;0;92;21;28;18;18;7;0;1
2024;2025;5482;14716;1210;909;301;251;24;25;3;870;5;745;120;0;340;224;34;78;4;618;36;38;34;41;32;30;49;55;55;34;40;43;36;25;31;17;12;7;3;592;28;45;39;24;24;33;41;50;43;43;42;43;37;25;21;23;11;11;9;112;280;256;399;163;0;1084;83;8;19;15;3;504;149;158;88;81;19;9;1
2024;2025;5483;14746;309;281;28;21;3;5;0;263;0;229;34;0;46;29;6;10;3;163;8;7;8;12;11;5;13;6;8;8;17;21;9;8;7;9;6;0;0;146;6;8;17;8;3;6;7;10;8;9;20;8;11;9;7;8;3;0;0;25;50;45;137;52;0;281;21;3;3;3;0;127;26;54;23;15;8;3;1
2024;2025;5484;14734;1066;864;202;140;46;16;0;780;6;656;117;3;286;172;60;51;3;524;27;35;35;25;21;29;34;49;44;27;46;33;46;21;17;17;15;3;3;542;39;33;29;20;19;25;52;40;41;42;40;38;38;21;24;20;15;5;3;89;371;142;306;158;0;967;70;10;7;12;0;470;158;150;74;65;16;7;2
2024;2025;5485;14736;538;449;89;71;13;5;0;418;3;357;59;0;120;87;15;18;0;262;25;16;13;16;13;12;22;18;21;17;21;16;15;13;8;5;7;3;3;276;17;21;16;13;17;15;19;26;18;21;13;17;22;13;8;9;7;3;3;43;193;49;162;91;0;492;33;3;8;4;0;209;61;55;37;32;22;3;1
2024;2025;5486;14652;1094;935;159;136;8;15;0;892;32;720;140;0;202;146;15;40;3;551;35;32;30;36;22;30;32;49;36;38;38;38;33;26;28;24;15;6;3;543;29;23;30;35;20;22;39;33;40;35;38;41;46;29;31;27;9;9;7;95;307;112;391;189;0;987;81;6;5;15;0;483;170;149;70;64;24;6;1
2024;2025;5487;14547;470;393;77;74;3;0;0;355;8;293;54;0;115;99;8;8;0;236;21;11;15;8;9;17;12;20;22;14;14;16;20;18;6;6;3;4;0;234;17;11;10;7;11;10;15;26;20;17;17;17;22;12;7;4;4;5;3;37;136;64;153;80;0;428;28;3;3;9;0;215;72;75;34;26;8;0;1
2024;2025;5488;14683;67;54;13;12;0;3;0;53;3;42;10;0;14;12;0;3;0;34;4;3;0;3;0;3;4;3;3;3;3;3;4;3;3;3;0;0;0;33;3;3;0;3;3;0;6;3;3;3;0;5;5;3;3;0;0;0;3;9;18;8;18;14;0;58;5;3;3;3;0;24;4;7;5;6;3;0;1
2024;2025;5489;14676;807;594;213;173;17;23;0;554;3;455;97;0;253;156;31;62;4;398;28;23;18;21;12;18;39;28;35;27;31;23;24;18;18;17;9;6;3;409;21;24;16;20;13;23;40;30;31;30;26;25;23;21;23;20;14;6;3;56;282;116;261;92;0;739;40;10;6;12;0;346;94;131;58;47;13;3;1
2024;2025;5490;14681;300;273;27;27;0;0;0;260;4;211;45;0;40;32;3;6;0;150;5;9;9;6;7;11;5;8;11;11;11;7;15;10;6;13;4;3;3;150;8;8;10;5;10;6;7;13;9;8;9;11;14;11;9;8;3;3;0;22;60;55;109;54;0;277;16;6;0;3;0;124;32;50;19;11;8;4;1
2024;2025;5491;14686;496;427;69;53;11;5;0;393;3;332;58;0;103;68;14;21;0;257;12;19;13;25;8;8;8;20;18;16;22;19;20;15;15;9;7;3;0;239;22;17;6;7;14;6;8;23;23;15;17;23;16;17;7;7;8;3;0;32;106;120;160;78;0;462;18;6;7;3;0;200;50;71;29;37;12;3;1
2024;2025;5492;14695;943;779;164;139;13;12;0;736;17;585;134;0;207;158;18;31;0;463;19;17;21;19;26;38;29;34;37;34;31;41;28;27;22;18;14;6;3;480;27;16;31;29;25;22;27;29;36;39;39;45;30;23;20;26;10;4;3;50;210;168;335;180;0;888;42;3;4;7;0;425;141;140;78;47;17;3;1
2024;2025;5493;14668;497;404;93;86;3;4;0;391;3;326;64;0;106;80;7;17;3;244;21;14;13;14;20;20;22;10;17;15;23;19;14;6;10;3;3;3;0;253;10;16;11;13;16;20;16;21;15;14;27;20;11;7;7;7;7;8;7;41;198;36;140;82;0;452;32;3;5;5;0;195;52;61;36;34;11;3;1
2024;2025;5495;14555;3169;2257;912;681;94;137;0;2155;6;1849;300;0;1014;616;139;247;12;1505;70;79;96;82;82;93;121;96;121;115;107;111;90;63;57;52;39;16;15;1664;70;99;112;75;83;99;99;124;124;103;124;108;96;83;57;63;59;38;48;216;738;505;1260;450;0;2941;147;18;46;14;3;1385;472;452;201;199;45;16;1
2024;2025;5496;14556;1945;1458;487;416;38;33;0;1379;3;1176;201;3;566;404;65;94;3;986;60;52;77;58;59;58;54;62;80;75;92;56;64;34;28;39;24;7;7;959;41;63;74;55;51;43;63;75;77;71;84;67;56;37;32;30;20;14;6;144;519;238;791;253;0;1783;97;14;30;20;3;776;211;229;127;171;26;12;1
2024;2025;5497;14578;932;660;272;176;78;18;0;619;106;403;110;0;313;177;89;45;3;470;32;39;32;29;29;37;27;26;43;29;40;34;15;19;13;13;9;4;0;462;27;32;30;29;27;25;28;24;48;31;34;30;24;19;20;10;11;7;6;94;270;113;322;133;0;832;70;7;14;9;0;368;134;106;48;56;15;9;1
2024;2025;5498;14657;2615;1848;767;605;81;81;0;1770;14;1497;258;3;845;539;108;185;13;1237;70;71;85;77;81;65;79;83;92;98;97;84;73;58;43;37;29;13;3;1378;59;69;92;96;65;81;66;87;109;122;99;117;65;71;56;54;37;19;14;210;651;363;1041;350;0;2383;160;13;33;25;3;1136;396;333;185;164;43;15;2
2024;2025;5499;14594;480;378;102;88;8;6;0;350;3;303;45;0;130;86;19;25;0;252;11;20;23;12;11;12;12;24;15;19;22;20;17;8;6;11;5;3;3;228;6;18;11;15;11;8;14;12;22;21;17;13;10;16;9;9;6;5;5;36;139;86;164;55;0;442;31;3;3;3;0;195;55;57;40;35;7;3;1
2024;2025;5501;14900;1226;962;264;199;31;34;0;912;11;772;129;0;314;199;48;63;4;626;40;37;42;34;22;32;56;57;42;52;37;50;31;27;22;21;14;8;3;600;39;48;26;27;19;36;55;55;35;39;43;37;37;35;18;19;19;8;5;96;413;174;375;168;0;1120;75;4;13;12;3;485;118;161;78;102;22;4;1
2024;2025;5503;14908;1342;1113;229;173;26;30;0;976;5;801;170;0;366;227;35;101;3;679;26;30;42;49;41;30;29;39;43;61;56;63;54;32;27;26;24;4;3;663;26;41;34;41;41;20;32;36;46;54;54;52;45;36;30;43;16;10;6;81;285;150;632;194;0;1254;49;13;11;7;8;550;162;160;93;112;18;5;2
2024;2025;5511;16613;1717;1441;276;226;23;27;0;1355;33;1133;189;0;362;250;39;69;4;885;50;63;52;50;40;44;71;80;62;59;69;60;54;39;33;30;18;9;3;832;39;50;43;43;46;45;70;60;62;61;66;66;55;40;25;26;21;7;7;147;454;233;598;285;0;1558;123;9;12;14;3;704;198;220;126;130;22;8;1
2024;2025;5512;14552;1344;1105;239;173;38;27;3;1043;12;867;164;0;301;170;50;79;3;664;31;32;49;48;45;52;31;51;34;40;54;55;41;34;23;18;15;7;4;680;29;44;47;41;43;37;33;46;36;45;57;54;47;33;29;23;18;10;8;100;333;217;464;230;0;1233;86;11;3;11;0;537;152;176;80;84;37;8;2
2024;2025;5514;14771;1354;1104;250;196;29;25;0;1054;25;879;150;0;300;186;46;65;3;680;43;41;54;41;43;32;43;58;62;39;48;51;35;26;22;20;14;7;3;674;39;34;50;32;37;34;47;54;57;43;48;50;33;41;31;22;12;4;6;75;341;212;490;236;0;1262;62;3;10;18;3;542;139;181;89;97;25;11;1
2024;2025;5515;14772;899;719;180;140;18;22;0;673;3;578;92;0;226;139;26;57;4;432;19;31;22;31;22;19;34;31;33;41;38;27;27;22;7;16;7;5;0;467;29;36;26;26;21;30;30;38;36;39;27;32;34;25;8;20;5;3;3;68;219;176;286;150;0;822;56;3;11;9;0;379;116;116;61;66;17;3;1
2024;2025;5516;14825;2787;2129;658;479;102;77;0;1896;12;1539;345;0;891;477;151;255;8;1378;72;82;87;110;94;86;74;85;84;98;102;125;84;49;44;47;28;17;10;1409;51;71;99;96;92;77;67;80;107;105;118;112;71;56;59;60;48;31;9;256;650;346;1222;313;0;2503;200;14;37;30;3;1115;330;328;175;192;68;22;1
2024;2025;5518;14717;6719;5036;1683;1125;363;195;0;4689;58;3928;703;0;2030;1039;542;422;27;3270;172;213;190;231;223;234;220;246;215;203;224;231;191;149;99;116;72;35;6;3449;189;179;174;180;243;248;238;246;219;245;255;245;202;135;145;122;95;59;30;467;2034;891;2431;894;3;6193;366;28;65;63;4;2820;914;834;442;462;116;52;2
2024;2025;5520;14708;1142;966;176;146;13;17;0;911;10;772;129;0;231;151;22;54;4;598;41;43;39;36;34;45;34;42;58;44;36;37;28;20;27;18;9;5;3;544;35;36;37;27;40;27;37;39;50;36;37;39;31;20;16;19;13;3;3;123;291;142;362;224;0;1006;107;8;6;14;3;448;106;150;72;92;22;6;1
2024;2025;5521;14702;1191;930;261;210;13;38;0;874;13;750;110;3;317;205;24;82;6;594;32;24;34;39;39;30;38;44;27;59;51;52;40;26;22;13;13;9;3;597;34;24;36;47;40;26;41;40;42;44;48;38;39;30;20;20;14;11;3;91;297;132;485;186;0;1088;79;0;10;13;3;489;148;146;83;83;22;7;1
2024;2025;5522;14744;789;706;83;71;7;5;0;649;24;550;75;0;140;91;15;33;3;409;20;29;30;36;20;19;22;24;35;32;29;35;27;10;18;10;9;3;3;380;17;26;23;20;32;15;18;22;34;36;34;29;17;17;9;13;10;6;3;70;163;156;262;138;0;717;62;4;3;4;0;296;69;88;51;62;20;6;1
2024;2025;5523;14748;2729;2240;489;372;50;67;0;2086;20;1755;310;3;643;381;74;184;4;1387;78;88;97;102;81;62;96;107;82;97;114;96;84;63;54;41;26;13;6;1342;66;84;93;91;58;64;94;84;106;119;97;91;78;60;57;49;26;14;11;139;672;451;1086;381;0;2567;114;6;14;24;4;1117;328;335;180;208;48;18;1
2024;2025;5527;14687;1155;950;205;166;17;22;0;873;3;729;141;0;282;176;37;68;3;579;25;50;33;22;28;29;40;42;44;48;29;45;39;28;24;26;13;10;4;576;27;51;24;37;29;19;34;57;39;31;38;41;38;20;26;32;14;15;4;72;323;168;422;169;3;1075;60;4;7;8;3;459;123;147;65;93;21;10;1
2024;2025;5529;14562;603;530;73;49;11;13;0;491;5;419;67;0;112;63;19;27;3;304;7;20;19;24;16;8;29;22;18;29;29;20;18;10;14;13;6;3;0;299;10;22;17;20;9;13;26;17;24;21;31;20;17;14;12;17;7;3;3;35;146;118;224;80;0;565;31;3;3;3;0;254;70;89;37;47;11;0;1
2024;2025;5530;14565;575;504;71;53;12;6;0;483;6;422;55;0;92;58;13;21;0;296;15;22;24;21;15;13;17;14;28;23;23;32;8;15;13;6;5;3;3;279;17;18;22;13;12;11;21;17;25;24;24;23;12;16;7;6;7;3;3;47;133;72;196;127;0;523;38;4;4;6;0;217;48;74;30;45;13;7;1
2024;2025;5531;14557;430;394;36;27;4;5;0;373;7;310;56;0;57;37;8;12;0;210;11;13;14;13;9;10;18;18;12;18;18;12;18;11;4;5;3;5;0;220;10;13;15;9;12;15;12;15;17;15;21;17;19;9;9;4;3;3;3;22;117;52;158;81;0;406;19;3;0;3;0;175;42;61;32;30;10;0;1
2024;2025;5533;14577;850;700;150;117;24;9;0;673;26;571;76;0;177;110;29;36;3;416;21;34;31;16;19;22;25;29;30;37;24;44;24;22;10;6;11;10;3;434;13;22;39;29;28;15;21;39;32;28;32;39;29;16;14;13;17;6;3;72;206;99;328;145;0;775;54;0;13;3;5;349;100;112;56;60;15;6;2
2024;2025;5534;14619;304;260;44;38;3;4;0;248;7;209;32;0;56;30;10;15;3;152;9;5;8;11;16;12;6;5;11;11;14;8;6;9;8;6;4;3;3;152;9;11;8;7;11;12;4;10;13;9;10;13;5;7;8;5;5;4;3;23;102;24;97;58;0;278;22;0;3;3;0;122;34;43;14;17;10;4;1
2024;2025;5535;14612;834;729;105;84;8;13;0;695;30;589;76;0;139;84;13;40;3;429;36;22;24;27;32;22;21;44;23;27;29;36;28;20;13;15;8;3;3;405;27;26;22;22;18;22;18;39;36;27;34;30;24;21;14;9;6;4;6;62;227;86;321;138;0;766;54;3;4;7;3;300;60;106;54;58;15;7;1
2024;2025;5537;14887;1308;1133;175;147;8;20;0;1060;42;879;139;0;248;156;27;61;4;655;39;45;51;35;40;34;51;46;44;60;40;44;40;22;21;24;9;6;4;653;25;51;36;36;37;37;47;53;55;51;34;39;36;39;22;15;22;11;7;121;306;263;403;215;0;1176;95;11;10;14;3;524;136;169;88;96;31;4;1
2024;2025;5539;14910;1119;940;179;147;13;19;0;905;11;781;113;0;214;141;20;49;4;583;30;43;44;48;31;34;36;38;50;51;49;44;26;20;12;13;12;0;3;536;33;34;44;38;23;38;31;43;53;49;44;35;19;17;10;13;8;3;3;96;331;119;351;222;0;1011;88;3;4;13;3;412;98;113;76;89;30;6;1
2024;2025;5540;15489;1872;1621;251;217;16;18;0;1522;18;1272;232;0;350;254;20;72;4;936;57;53;48;66;62;51;67;72;68;55;74;74;55;47;35;23;20;6;3;936;52;49;53;44;53;53;75;78;53;83;72;74;53;42;40;26;20;7;9;132;504;262;669;305;0;1720;111;12;7;21;3;793;227;269;130;131;29;7;1
2024;2025;5541;15490;1206;1048;158;127;12;19;0;975;10;821;144;0;231;156;22;51;3;597;31;43;59;39;26;20;35;39;44;63;49;34;22;30;24;18;11;6;4;609;29;45;54;35;27;14;43;46;47;56;38;25;28;38;18;20;21;13;12;79;284;223;406;214;0;1119;64;7;8;8;0;455;116;142;67;95;27;8;1
2024;2025;5551;14777;517;482;35;28;4;3;0;449;9;342;98;0;68;46;4;18;0;246;10;9;11;17;14;13;7;15;17;13;23;24;18;16;15;16;4;3;3;271;6;11;25;16;12;11;9;13;25;24;17;23;20;18;14;13;7;4;3;42;98;71;218;88;0;473;35;5;3;3;0;220;51;97;31;31;9;3;1
2024;2025;5552;14843;681;618;63;52;8;3;0;563;17;407;139;0;118;87;12;18;3;333;9;15;15;18;16;18;22;16;16;21;23;32;21;21;27;20;12;11;0;348;15;17;14;18;7;15;20;19;14;26;20;25;28;30;21;26;15;11;7;45;159;92;253;132;0;631;21;15;9;5;0;331;132;121;28;35;10;5;2
2024;2025;5553;14848;1070;889;181;151;18;12;0;828;7;644;177;0;242;160;28;53;3;539;36;25;30;45;31;30;42;43;35;40;47;33;34;25;24;9;5;4;3;531;20;26;26;45;34;15;31;33;40;51;45;41;27;36;20;19;14;6;3;54;289;140;433;154;0;1006;37;12;3;11;3;447;140;128;72;84;19;4;1
2024;2025;5554;14798;1025;849;176;153;5;18;0;797;3;472;322;0;228;170;12;44;3;515;22;37;25;31;30;31;32;37;39;35;34;41;37;19;20;28;10;4;3;510;22;21;27;34;21;18;31;40;43;40;36;44;43;22;32;19;10;6;3;87;269;178;338;153;0;935;67;14;3;5;3;454;161;147;70;58;14;4;1
2024;2025;5555;14804;434;377;57;49;3;6;0;350;3;224;123;0;84;64;3;16;3;201;13;15;9;8;9;10;14;21;15;19;8;6;11;15;13;6;5;3;3;233;15;12;18;15;5;6;20;17;11;17;9;13;15;16;14;6;7;4;13;39;102;85;137;71;0;387;28;3;6;10;0;175;53;63;18;30;9;3;1
2024;2025;5556;14742;432;389;43;41;3;3;0;371;5;291;74;3;61;44;3;13;3;226;6;13;19;18;18;14;5;9;19;17;18;20;11;12;10;8;8;3;0;206;9;13;9;18;14;5;9;10;17;17;24;10;15;16;5;6;7;3;3;18;91;55;178;90;0;412;17;3;0;3;0;181;53;56;28;39;3;3;1
2024;2025;5557;14751;219;191;28;24;3;3;0;177;5;130;42;0;42;26;3;15;0;106;3;4;8;10;8;3;6;6;9;10;11;8;8;3;4;3;3;0;3;113;3;6;9;9;11;3;5;5;11;8;15;10;5;3;7;3;3;3;0;29;43;58;65;24;0;190;28;0;3;0;0;93;31;26;15;14;7;0;1
2024;2025;5559;14741;464;406;58;47;5;6;0;378;8;294;76;0;86;63;8;15;0;246;15;18;15;15;11;13;18;23;18;8;19;16;16;9;15;3;8;3;5;218;9;9;10;11;12;13;14;21;19;14;11;17;13;10;12;9;9;3;3;39;124;76;160;65;0;422;37;3;0;4;0;191;56;59;36;28;7;5;1
2024;2025;5560;14732;241;201;40;36;0;4;0;183;0;122;61;0;58;49;0;7;3;116;7;8;8;5;5;4;3;5;7;12;5;15;12;8;3;6;3;3;0;125;8;3;10;6;4;3;7;5;10;15;11;11;10;8;5;3;4;3;0;14;57;34;105;31;0;224;14;0;0;3;0;96;21;40;14;13;5;3;1
2024;2025;5561;14725;3390;2727;663;469;119;71;4;2483;28;1886;569;0;907;508;157;232;10;1686;75;96;89;96;97;102;101;136;114;122;119;128;117;93;73;64;44;11;9;1704;65;71;113;88;89;104;103;112;126;119;119;125;115;101;95;72;40;24;23;243;849;473;1377;448;0;3133;194;19;21;21;3;1536;603;462;220;177;55;19;2
2024;2025;5562;14633;145;117;28;25;3;3;0;111;3;72;37;0;34;26;4;4;0;75;3;3;3;4;5;3;4;6;3;5;3;3;11;3;8;9;3;3;0;70;9;3;3;3;0;3;5;6;3;3;7;4;4;5;5;6;3;3;0;11;38;21;49;26;0;130;5;3;3;4;3;69;26;24;9;6;4;0;1
2024;2025;5563;14661;145;132;13;12;3;0;0;124;6;67;51;0;21;15;3;4;0;71;3;4;6;5;6;5;4;3;4;8;6;3;3;8;3;3;3;3;0;74;6;3;5;4;5;4;3;6;4;3;8;7;3;4;3;4;3;3;3;10;26;25;52;31;3;135;4;4;3;3;0;59;19;17;9;9;3;3;1
2024;2025;5564;14617;106;96;10;8;3;3;0;92;0;75;17;0;14;7;3;4;3;50;3;3;4;3;3;3;3;3;3;3;5;5;3;3;4;3;3;0;0;56;3;3;8;3;3;3;3;3;4;7;0;4;3;3;5;3;3;0;3;11;17;18;44;16;0;94;10;0;0;3;0;42;9;16;5;10;3;0;1
2024;2025;5565;14672;513;447;66;61;3;4;0;416;6;293;117;0;97;77;6;14;0;259;19;18;14;18;17;9;14;19;11;12;21;26;22;12;11;6;5;3;3;254;7;8;16;14;14;9;14;11;19;22;19;23;18;12;17;17;12;3;0;55;92;67;214;85;0;453;49;3;5;5;0;217;62;69;43;34;6;3;1
2024;2025;5566;14572;409;370;39;35;3;3;0;354;21;130;203;0;55;37;3;16;0;222;10;14;12;5;9;12;24;20;10;10;12;21;16;13;13;7;9;3;3;187;12;4;11;4;7;14;12;15;12;4;14;17;13;10;12;9;9;6;3;21;126;35;134;93;0;384;14;6;3;4;0;195;86;60;19;20;7;3;1
2024;2025;5568;14591;5139;3901;1238;678;313;247;0;3530;754;2008;768;0;1609;832;350;404;23;2566;90;104;148;148;142;161;161;160;178;165;173;191;169;151;135;131;100;43;16;2573;91;108;129;132;131;118;127;163;143;150;164;192;187;186;153;150;112;81;56;355;1334;582;1869;996;3;4764;224;30;73;31;17;2699;1446;711;222;215;69;36;2
2024;2025;5571;15492;862;736;126;110;4;12;0;676;12;446;218;0;186;130;10;46;0;428;22;27;29;21;18;19;23;21;29;35;32;43;28;25;18;14;14;8;3;434;20;23;25;26;17;12;18;33;29;33;33;37;35;26;22;13;17;5;10;61;164;164;339;134;0;797;41;7;11;5;3;363;110;125;58;51;16;3;2
2024;2025;5581;14760;3915;2922;993;766;95;132;0;2381;11;1857;513;0;1534;944;161;424;5;1949;98;123;129;129;134;93;109;123;143;148;137;150;129;99;61;59;39;33;13;1966;87;117;106;130;106;87;110;152;132;179;153;161;124;102;61;68;52;27;12;288;1121;553;1462;489;3;3596;206;20;57;31;5;1602;411;537;292;282;63;17;1
2024;2025;5582;14810;4847;3617;1230;965;128;137;0;3368;10;2790;566;3;1479;937;191;346;5;2369;125;117;144;145;143;155;173;172;181;170;162;151;148;104;90;79;63;31;16;2478;121;114;119;123;139;158;174;170;202;177;190;151;159;112;102;112;85;39;31;327;1405;703;1833;579;0;4472;253;25;46;50;3;2161;727;698;366;281;71;18;2
2024;2025;5583;14832;10676;5906;4770;3210;664;894;3;5341;19;4435;884;3;5335;2848;887;1528;72;5497;280;273;282;377;475;563;523;440;397;332;327;332;281;208;138;120;95;34;20;5179;286;261;226;276;421;513;450;386;332;328;349;314;281;217;156;149;116;75;43;2144;3124;1055;3202;1150;3;8437;1512;154;419;119;35;4500;1620;1322;676;616;196;70;2
2024;2025;5584;14701;9905;6899;3006;2143;308;554;3;5817;18;4599;1199;3;4088;2317;439;1303;29;4755;215;283;287;341;434;294;295;304;318;349;324;278;271;233;156;139;129;64;41;5150;230;268;274;304;452;246;313;344;352;372;334;332;326;246;195;230;147;118;67;909;2380;1472;3935;1209;0;8929;510;51;320;77;18;4233;1487;1187;622;686;202;49;2
2024;2025;5585;14644;1478;1228;250;201;30;19;0;993;5;754;234;0;485;310;56;114;5;749;23;45;45;47;58;43;24;39;48;45;47;56;50;44;40;46;28;13;8;729;27;42;44;39;42;30;27;33;56;59;46;57;57;40;45;32;33;10;10;100;353;232;658;135;0;1374;74;11;12;6;3;554;101;195;98;116;37;7;1
2024;2025;5586;14649;144873;83040;61833;38255;7338;16203;37;70532;42921;12713;14838;60;74341;36120;9120;28361;740;70480;3489;3475;3364;3911;4951;6691;7257;6405;5575;4910;4678;4063;3417;2508;1862;1612;1225;698;389;74393;3281;3365;3251;3671;4957;6768;7083;6271;5506;5112;4642;4277;3632;2901;2546;2450;2081;1428;1171;11047;35371;17946;53272;27187;50;132647;4150;1432;5105;1334;205;72177;35273;18970;8464;6581;2122;767;2
2024;2025;5587;14647;9531;6847;2684;1861;326;497;0;5858;17;4804;1035;3;3673;1988;528;1120;37;4775;282;325;337;324;280;265;318;371;386;365;350;300;229;173;144;126;116;53;31;4756;238;332;314;254;236;272;331;362;428;370;329;274;247;156;157;155;131;93;77;936;2595;1771;3012;1217;0;8516;680;66;177;90;3;3707;1001;1033;708;691;204;70;1
2024;2025;5588;14568;1509;998;511;365;59;87;0;840;4;656;178;3;669;383;82;201;3;736;30;37;38;34;25;42;69;59;58;46;63;50;45;21;35;36;27;13;8;773;44;41;33;31;26;53;45;64;67;49;51;39;50;28;56;45;27;16;8;106;418;200;606;178;3;1388;66;7;29;17;3;734;302;219;111;78;21;3;1
2024;2025;5589;14575;12758;7132;5626;3752;720;1151;3;6478;20;5302;1152;4;6280;3222;929;2072;57;6250;321;302;299;325;414;583;592;484;486;436;420;417;318;218;176;175;145;96;43;6508;257;293;291;339;426;510;522;469;460;475;429;395;333;288;253;250;262;168;88;1413;3414;1629;4681;1621;0;11250;916;99;338;114;41;6349;2896;1750;854;621;174;54;1
2024;2025;5590;14574;19538;13163;6375;4544;693;1138;0;10545;191;7944;2405;5;8993;5130;1057;2770;36;9215;476;499;515;601;486;490;600;682;675;681;647;596;541;419;338;339;323;193;114;10323;452;499;508;546;418;513;644;739;803;729;724;615;637;466;461;545;495;313;216;1649;5458;2834;7293;2298;6;17746;1004;169;420;163;36;8991;3559;2630;1313;1135;287;67;1
2024;2025;5591;14580;21541;10645;10896;6857;1983;2047;9;9516;80;7853;1574;9;12025;5817;2467;3560;181;10994;465;519;527;715;1014;1125;945;805;740;740;687;709;611;396;303;307;212;112;62;10547;500;505;522;603;835;908;796;757;666;720;751;648;605;420;374;359;252;183;143;2142;5714;2647;7917;3117;4;19235;1213;187;700;180;26;10003;4179;2802;1375;1094;374;179;2
2024;2025;5592;14605;4321;3065;1256;938;147;170;3;2834;10;2370;453;3;1487;842;237;395;13;2125;146;114;101;113;144;144;220;186;126;144;148;111;115;78;74;78;50;24;9;2196;136;106;103;96;116;188;187;188;113;140;150;138;127;95;90;117;50;28;28;559;1408;389;1445;520;0;3715;435;38;68;56;9;1904;648;617;295;251;74;19;1
2024;2025;5601;14806;2261;1710;551;415;73;63;0;1494;35;1135;324;0;767;466;126;172;3;1038;48;45;64;63;65;56;66;84;76;74;73;76;71;45;38;30;33;19;12;1223;46;61;57;70;55;28;81;73;78;85;87;92;69;58;57;58;67;45;56;212;635;330;792;292;0;2031;157;26;24;20;3;1011;410;286;146;118;37;14;1
2024;2025;5604;14753;2087;1674;413;340;44;29;0;1549;31;1274;244;0;538;342;80;113;3;1035;58;53;63;51;48;51;59;81;69;86;81;80;82;46;40;37;33;12;5;1052;57;62;61;55;50;32;64;94;75;66;77;83;69;58;47;56;27;16;3;160;493;301;784;348;3;1916;112;16;27;14;3;904;287;297;141;130;37;12;1
2024;2025;5606;14640;10751;7853;2898;2080;364;454;0;6401;24;4990;1387;0;4350;2499;514;1319;18;5207;231;290;299;285;276;258;305;350;357;343;386;415;356;265;232;250;162;94;53;5544;237;272;250;257;254;221;325;392;391;367;396;394;382;283;294;267;262;162;138;746;2847;1602;4153;1403;0;9926;458;65;199;90;13;4763;1722;1481;677;660;177;46;1
2024;2025;5607;14573;2974;2047;927;719;116;92;0;1906;64;1517;325;0;1068;617;228;216;7;1516;71;70;91;92;97;83;117;111;120;104;121;128;96;69;55;43;26;11;11;1458;63;74;74;89;94;78;97;124;109;130;118;112;75;62;50;56;26;16;11;185;727;394;1110;558;0;2768;119;18;38;24;7;1286;423;417;187;179;59;21;2
2024;2025;5609;14602;329;288;41;38;0;3;0;256;9;201;46;0;73;48;6;19;0;166;15;4;5;6;14;7;11;11;9;12;10;15;9;7;9;5;8;7;3;163;3;7;4;5;7;16;6;12;13;7;18;16;10;7;6;6;10;7;4;24;65;35;136;69;0;302;18;3;3;3;0;150;49;56;21;18;5;3;1
2024;2025;5610;14588;387;316;71;50;6;15;0;271;4;199;68;0;116;57;14;45;0;201;4;9;11;14;17;8;12;20;13;14;24;16;7;7;7;12;3;3;0;186;5;8;8;13;8;9;18;15;15;19;13;12;10;9;12;5;3;4;3;21;114;51;151;50;0;364;17;3;3;3;3;168;53;56;26;25;6;3;1
2024;2025;5611;14584;3517;2760;757;588;54;115;0;2442;43;1919;478;3;1075;673;108;287;7;1766;90;117;111;97;102;74;98;131;128;104;133;124;121;104;90;66;46;23;7;1751;87;86;94;90;86;77;104;131;119;136;140;114;120;97;86;79;54;25;26;294;839;504;1426;454;0;3195;209;21;57;31;4;1436;420;459;224;251;71;11;1
2024;2025;5613;15493;5464;4295;1169;902;135;132;0;3663;162;2715;786;0;1801;1125;227;442;7;2722;125;124;145;163;132;136;178;182;168;213;187;211;203;156;129;133;78;41;18;2742;119;121;130;148;130;118;178;168;203;209;193;207;191;162;140;123;112;57;33;457;1261;750;2169;827;0;4971;313;40;100;40;0;2396;790;789;364;338;92;23;2
2024;2025;5621;14781;585;440;145;131;7;7;0;401;4;332;65;0;184;140;12;30;3;310;22;15;18;11;17;17;28;27;23;23;15;21;24;11;15;11;6;4;3;275;17;16;18;14;17;19;20;26;18;25;13;24;13;14;6;7;3;5;0;53;167;68;208;89;0;526;37;3;13;8;0;240;72;74;33;47;9;5;1
2024;2025;5622;14770;614;537;77;59;11;7;0;455;7;365;83;0;159;99;26;32;3;310;15;18;21;25;14;15;11;25;21;25;28;22;23;15;13;8;3;4;4;304;14;13;23;17;23;14;18;22;28;23;27;20;16;9;19;6;7;3;3;37;179;107;213;78;0;574;22;3;10;3;3;229;46;80;33;52;15;3;1
2024;2025;5623;14844;686;520;166;112;30;24;0;403;3;283;119;0;283;157;39;87;0;335;9;28;24;18;21;9;11;20;26;23;29;29;20;20;13;16;11;3;5;351;4;27;24;22;19;11;11;17;38;18;32;24;22;22;15;21;13;8;3;56;199;100;274;57;0;629;24;6;25;3;3;275;70;87;54;44;17;3;1
2024;2025;5624;15651;11632;6963;4669;3434;578;656;3;6575;21;5414;1137;3;5057;2924;808;1274;51;5836;391;347;305;315;339;567;585;482;435;413;354;329;287;220;151;162;95;43;16;5796;338;345;314;279;324;545;571;484;430;396;349;349;297;201;174;183;119;58;40;1696;3546;1284;3540;1565;3;9823;1163;178;308;142;18;5199;1816;1638;825;670;185;65;2
2024;2025;5627;14860;9774;4221;5553;3328;935;1288;3;3881;13;3208;658;3;5893;2784;1092;1948;69;5135;227;235;240;573;809;578;461;322;330;278;256;234;177;116;98;86;72;25;18;4639;219;248;214;395;604;466;397;328;324;298;223;220;165;132;120;129;92;45;20;1551;3408;1033;2689;1086;7;8154;781;82;666;78;13;3898;1507;1082;580;481;185;63;2
2024;2025;5628;14815;420;329;91;78;4;9;0;283;3;220;62;0;137;95;11;31;0;220;13;19;17;16;14;7;8;14;17;16;24;16;12;7;9;7;3;3;3;200;7;16;9;17;17;8;10;12;25;15;20;9;9;10;9;4;3;3;0;42;137;68;119;54;0;374;30;3;9;4;0;146;28;36;28;37;15;3;1
2024;2025;5629;14816;228;178;50;41;8;3;0;164;3;127;35;0;64;42;10;12;0;109;10;9;3;4;7;9;7;13;7;11;12;3;7;3;6;3;0;0;0;119;3;5;9;11;3;6;8;8;11;10;10;9;4;6;4;4;3;4;3;29;69;36;53;41;0;194;22;3;6;5;0;106;46;28;13;13;4;3;1
2024;2025;5631;14824;742;595;147;104;30;13;0;519;4;386;129;0;223;136;38;47;3;359;15;21;18;15;26;16;31;17;21;20;26;29;34;24;16;12;7;5;6;383;8;19;22;20;22;16;34;16;22;25;25;32;40;23;20;13;12;6;8;53;200;123;270;96;0;683;40;3;9;7;0;296;73;104;52;45;16;6;1
2024;2025;5632;14822;1830;1211;619;494;69;56;0;1075;5;861;209;0;755;463;111;181;0;932;52;44;43;39;79;73;95;67;75;60;65;83;62;29;29;19;7;8;3;898;47;38;39;50;80;58;77;48;55;74;70;71;55;46;33;23;19;9;6;178;538;236;678;200;0;1638;129;10;35;17;3;782;252;244;118;126;33;9;1
2024;2025;5633;14718;2999;2006;993;713;90;190;0;1786;7;1420;359;0;1213;724;150;335;4;1515;51;62;56;148;210;114;85;95;75;81;107;97;63;72;50;64;52;20;13;1484;69;52;67;109;144;90;76;79;79;96;101;85;78;75;69;84;62;38;31;428;811;422;1048;290;0;2549;246;28;149;23;4;1273;481;401;180;152;45;14;1
2024;2025;5634;15494;3222;2567;655;508;68;76;3;2298;27;1803;468;0;924;603;88;231;3;1537;90;100;104;91;81;71;83;111;110;100;110;109;113;76;64;41;37;25;21;1685;91;101;101;81;79;71;105;129;110;121;131;115;99;77;57;60;49;49;59;226;886;662;1018;430;0;2962;166;22;32;35;5;1243;320;403;210;228;71;11;1
2024;2025;5635;14721;13364;6989;6375;3982;1063;1324;6;6268;23;5130;1113;3;7096;3556;1353;2122;65;6887;305;295;340;574;958;619;486;440;407;414;386;385;371;248;216;193;140;77;33;6477;296;315;298;401;612;504;428;456;414;414;415;376;340;287;272;232;210;105;102;1428;3711;1589;4836;1797;3;11840;775;119;505;105;20;5436;2018;1596;801;741;190;90;1
2024;2025;5636;14703;2962;2083;879;781;46;52;0;1851;15;1336;500;0;1111;799;88;220;4;1464;60;64;85;111;106;94;86;71;103;115;110;144;120;54;32;55;33;14;7;1498;55;67;71;98;89;77;78;83;98;126;123;155;104;63;54;60;44;26;27;260;808;422;1138;334;0;2688;186;20;49;16;3;1183;355;330;244;197;50;7;2
2024;2025;5637;14650;1099;823;276;242;22;12;0;757;4;576;177;0;342;239;38;57;8;555;29;35;48;35;28;27;29;40;41;46;47;36;35;25;24;20;5;4;3;544;29;22;38;38;32;26;35;45;35;49;51;32;35;19;28;13;11;3;3;94;304;169;387;145;0;993;71;11;11;13;0;373;72;108;83;83;20;7;1
2024;2025;5638;14622;2734;2156;578;451;67;60;0;1845;17;1437;389;3;889;553;131;196;9;1307;45;60;69;88;77;89;93;79;92;75;83;115;88;67;50;44;41;28;24;1427;55;69;62;79;76;87;80;83;86;93;104;103;92;75;55;61;51;57;59;255;697;407;1065;310;0;2453;192;14;48;26;3;1055;299;317;193;185;43;18;1
2024;2025;5639;14636;836;694;142;117;17;8;0;609;5;478;126;0;227;151;27;49;0;425;21;33;32;33;28;26;22;18;27;31;25;29;30;22;12;17;10;7;3;411;19;30;25;23;17;18;11;36;25;27;42;30;25;23;20;23;11;3;3;45;182;125;369;114;3;783;32;3;10;8;3;313;71;98;57;51;29;7;1
2024;2025;5640;14637;719;599;120;102;11;7;0;518;4;397;117;0;201;137;20;42;3;338;13;22;34;30;18;7;17;16;24;22;29;26;17;17;12;13;10;7;4;381;28;26;21;24;17;13;13;25;25;37;27;28;9;20;17;14;11;16;10;41;193;111;274;100;0;671;25;3;14;8;0;257;52;79;46;55;20;5;1
2024;2025;5642;14690;17701;11027;6674;4875;788;1009;3;9621;3625;3799;2193;4;8080;4808;1119;2094;59;8524;431;420;438;445;436;741;862;767;613;575;530;532;454;302;253;282;230;143;70;9177;478;388;342;393;406;732;844;756;616;588;589;557;494;368;369;427;408;227;195;1385;5469;2149;6276;2419;3;16147;795;185;377;181;16;8581;3613;2668;1159;836;232;73;1
2024;2025;5643;14570;5260;3572;1688;1267;189;232;0;3042;5;2378;659;0;2218;1329;295;575;19;2573;112;133;156;187;157;155;179;187;158;184;200;205;136;109;79;96;84;35;21;2687;116;112;141;175;144;147;156;171;203;202;223;174;147;139;120;131;114;49;23;411;1245;755;2176;673;0;4810;263;48;93;45;3;2371;854;719;367;327;80;24;1
2024;2025;5645;14606;454;380;74;53;14;7;0;365;7;285;73;0;89;58;6;23;3;228;11;5;7;13;17;16;19;18;7;11;23;18;18;14;15;4;8;4;0;226;15;8;6;10;12;13;21;13;10;16;20;20;18;16;11;3;9;3;3;31;114;67;206;36;0;418;23;3;6;5;0;191;40;81;39;22;8;3;1
2024;2025;5646;14587;5865;3728;2137;1689;222;226;0;3299;24;2498;777;0;2566;1703;286;565;12;2858;149;162;163;189;185;151;156;197;202;259;237;224;145;139;92;103;52;37;16;3007;138;142;187;195;147;144;175;202;229;243;244;242;179;143;131;131;75;44;16;342;1506;890;2263;863;3;5484;212;49;73;44;3;2539;858;761;404;396;93;27;2
2024;2025;5648;14590;5155;2731;2424;1608;256;560;0;2172;3;1592;576;3;2983;1735;320;920;8;2698;112;141;126;220;377;222;177;172;198;186;157;124;118;86;82;77;83;30;10;2457;125;123;107;174;215;123;157;193;187;170;154;125;106;104;108;106;91;53;36;634;1793;966;1295;466;3;4476;303;38;283;52;3;2325;941;670;327;303;61;23;2
2024;2025;5649;14880;1934;1316;618;476;92;50;0;1160;10;891;259;0;774;480;135;155;4;962;43;66;50;59;72;56;60;72;65;59;74;89;59;33;33;26;21;17;8;972;44;49;59;50;48;67;51;66;67;76;85;79;55;53;43;37;19;13;11;144;489;329;737;235;0;1777;95;8;39;14;3;817;262;246;134;127;32;16;1
2024;2025;5650;14874;185;153;32;15;11;6;0;137;0;103;34;0;48;23;13;11;3;96;5;4;5;6;8;6;7;5;3;8;3;10;7;5;3;5;5;3;0;89;3;8;4;6;8;5;4;4;7;3;4;6;7;4;5;6;4;3;0;10;48;29;65;33;0;173;9;0;3;3;0;69;15;22;14;11;4;3;1
2024;2025;5651;14885;953;716;237;169;39;29;0;620;5;513;102;0;333;189;74;63;7;473;24;22;23;17;28;39;28;28;35;36;45;36;26;32;18;22;13;3;0;480;18;38;28;28;24;19;19;37;29;44;37;42;31;22;21;19;11;5;8;73;275;203;308;94;0;875;67;0;5;5;3;374;87;124;68;75;11;9;1
2024;2025;5652;14882;602;492;110;92;9;9;0;445;11;350;84;0;157;106;15;33;3;295;12;16;18;13;15;17;21;21;22;16;27;24;24;16;10;7;10;5;3;307;17;17;20;19;17;18;17;17;23;22;25;28;20;18;11;6;9;3;3;47;140;101;224;90;0;552;37;3;8;3;0;250;79;78;34;44;9;6;1
2024;2025;5653;14907;837;689;148;116;22;10;0;589;7;444;138;0;248;163;33;52;0;426;19;21;28;32;34;18;15;20;31;34;32;37;25;30;10;17;13;9;3;411;16;23;22;32;19;15;18;24;27;37;37;32;19;28;19;12;22;5;4;38;189;132;372;106;0;795;29;5;3;5;3;319;67;112;47;67;19;7;1
2024;2025;5654;14901;547;442;105;86;8;11;0;414;6;345;63;0;133;87;14;29;3;279;14;21;18;19;14;3;26;20;20;18;15;20;22;23;5;11;8;0;3;268;15;6;17;9;11;15;14;21;28;19;15;24;19;16;15;13;3;4;4;31;139;93;181;103;0;510;24;3;3;7;0;236;73;81;38;30;10;4;1
2024;2025;5655;14913;1498;1164;334;275;21;38;0;1004;17;769;218;0;494;330;49;114;3;772;40;41;59;63;44;30;35;37;73;53;59;60;52;34;29;32;22;5;4;726;30;44;52;35;39;23;33;36;58;66;74;52;47;29;31;40;17;13;7;119;351;305;515;208;0;1370;91;9;18;9;3;584;156;180;101;99;38;10;1
2024;2025;5656;16612;4383;3606;777;651;72;54;0;3335;46;2673;616;0;1048;719;106;221;3;2149;133;151;148;112;127;119;122;169;158;164;139;143;128;104;71;83;44;21;13;2234;123;125;124;114;130;114;123;168;161;152;171;161;135;108;99;92;67;39;28;298;1070;637;1598;780;0;4049;244;20;28;39;3;1773;500;557;290;304;95;27;1
2024;2025;5661;14767;368;339;29;24;3;4;0;323;6;265;52;0;45;29;4;12;0;180;7;14;12;7;10;7;15;17;16;6;13;10;14;11;5;11;4;3;0;188;11;11;16;9;3;10;16;17;16;9;12;10;13;11;6;8;6;3;3;16;85;58;131;78;0;350;12;3;3;3;0;157;48;52;18;34;4;3;1
2024;2025;5663;14841;262;218;44;38;0;6;0;201;3;169;30;0;61;42;0;19;0;127;5;5;8;9;9;5;9;12;10;7;7;9;11;6;7;5;3;3;0;135;9;10;7;4;3;8;9;7;8;12;8;14;10;5;9;7;4;0;3;21;80;49;78;34;0;239;13;4;3;5;0;109;34;36;15;18;3;4;1
2024;2025;5665;14856;229;211;18;13;3;4;0;198;5;161;32;0;31;15;5;11;0;104;6;0;3;4;7;6;10;3;9;8;7;13;7;6;6;5;4;0;3;125;5;4;12;9;7;9;4;6;9;6;10;8;6;6;9;6;3;5;3;12;55;5;93;64;0;217;10;0;3;0;0;99;30;37;11;14;7;0;1
2024;2025;5669;14821;308;271;37;29;0;8;0;249;5;197;47;0;59;34;3;22;0;150;13;6;7;6;7;8;10;9;11;7;19;10;7;15;7;5;0;3;3;158;5;8;6;12;15;3;16;13;5;8;9;14;14;9;6;9;4;0;3;22;65;41;125;55;0;282;12;10;0;4;0;135;46;40;19;25;5;0;1
2024;2025;5671;14715;240;210;30;19;0;11;0;204;3;123;80;0;36;19;0;17;0;120;9;8;9;3;3;9;6;4;10;9;6;8;12;12;6;5;3;0;0;120;8;7;6;6;3;5;8;5;8;5;10;10;13;8;5;6;3;3;3;9;83;19;79;50;0;230;7;0;0;3;3;102;33;33;13;18;3;3;1
2024;2025;5673;14698;373;321;52;47;0;5;0;292;12;251;29;0;81;61;3;18;0;198;14;7;12;8;12;13;12;8;13;14;16;16;17;8;8;12;4;3;3;175;5;6;5;9;7;11;9;14;4;17;20;14;15;14;6;10;3;3;3;27;87;29;137;93;0;344;21;3;3;3;3;143;31;55;22;26;8;3;1
2024;2025;5674;14623;146;139;7;6;0;3;0;131;3;90;39;0;15;13;3;3;0;69;3;3;3;5;5;5;7;7;3;4;4;5;6;5;3;5;3;3;0;77;3;4;6;3;3;4;9;5;5;5;5;10;3;4;4;3;3;3;3;12;51;9;48;26;0;134;9;3;0;0;0;65;20;22;14;7;3;3;1
2024;2025;5675;16073;4736;2815;1921;1147;300;473;3;2701;98;2078;524;3;2035;948;369;690;28;2354;146;151;150;175;142;157;176;175;166;154;167;164;126;93;74;69;44;18;7;2382;161;153;159;143;136;141;176;180;157;148;150;149;131;106;83;88;56;41;24;414;1356;717;1471;773;5;4287;240;71;80;44;14;1977;701;547;279;295;105;50;2
2024;2025;5678;14685;6646;3618;3028;1911;543;574;0;3417;426;2446;540;5;3229;1581;626;977;45;3338;209;238;232;230;204;216;261;252;241;258;224;219;179;125;82;76;51;20;21;3308;179;225;214;229;191;216;226;256;254;214;213;212;163;122;119;96;76;50;53;603;1707;935;2270;1129;3;5979;367;72;136;73;19;2682;942;695;388;394;166;97;2
2024;2025;5680;14665;341;300;41;36;3;4;0;292;4;247;41;0;49;35;4;9;3;163;9;18;10;7;10;3;12;7;16;8;15;6;11;13;11;4;3;3;3;178;13;13;15;8;11;4;9;16;11;15;14;9;10;12;7;3;3;3;6;25;107;46;106;57;0;315;14;0;10;3;0;130;28;48;20;22;6;6;1
2024;2025;5683;14571;230;206;24;21;3;3;0;193;3;116;74;0;37;25;8;3;3;109;8;10;5;3;8;6;9;9;9;6;6;3;8;4;7;4;3;3;3;121;5;9;5;7;9;4;14;10;10;4;7;6;6;6;8;4;5;3;3;22;65;37;69;37;0;207;11;11;0;3;0;95;27;34;7;23;3;3;1
2024;2025;5684;14611;91;71;20;17;3;3;0;68;3;60;5;3;23;16;3;4;0;45;4;3;3;3;3;3;4;4;5;3;5;3;3;3;0;3;3;3;0;46;3;3;3;3;5;5;4;3;5;3;3;3;3;3;3;0;3;3;3;3;36;11;7;34;0;85;3;0;3;3;0;44;15;18;6;3;3;0;1
2024;2025;5688;14898;151;118;33;24;4;5;0;110;3;89;18;0;41;21;5;15;0;81;4;5;5;4;6;5;5;6;5;5;3;4;6;6;4;4;3;0;3;70;3;4;4;3;4;8;3;8;4;3;4;7;4;4;4;3;3;3;3;6;44;39;43;19;0;146;3;3;0;3;0;62;19;21;7;7;7;3;1
2024;2025;5690;14888;132;117;15;12;3;3;0;114;4;83;27;0;18;13;3;4;0;60;3;3;3;0;3;3;5;5;3;4;6;9;3;7;5;3;3;0;3;72;4;4;4;7;3;5;5;5;5;3;4;7;3;7;3;3;3;0;3;7;31;5;62;27;0;125;5;0;3;0;3;58;22;17;9;5;3;3;1
2024;2025;5692;14909;621;517;104;92;4;8;0;469;8;394;67;0;152;102;14;34;3;312;21;23;20;16;23;15;23;18;27;21;22;18;26;14;8;5;6;6;0;309;15;20;27;14;9;11;21;26;19;26;17;24;25;16;12;11;8;7;3;28;179;94;220;100;0;587;23;3;3;6;0;254;79;75;39;43;14;4;1
2024;2025;5693;15616;2860;2497;363;282;40;41;0;2385;36;1999;350;0;475;295;56;118;6;1449;71;90;88;107;83;86;110;96;96;107;87;108;92;70;64;41;27;17;9;1411;77;94;93;94;68;58;103;106;88;105;104;92;87;74;54;55;22;21;16;207;657;421;947;628;0;2641;151;18;33;16;3;1198;387;353;187;189;61;21;1
2024;2025;5701;14779;270;205;65;43;13;9;0;179;3;98;80;0;91;46;18;26;3;145;6;4;14;14;6;9;11;14;6;10;11;7;11;9;5;5;3;3;0;125;10;6;5;7;3;7;6;11;5;21;8;4;9;11;4;3;3;3;3;37;86;29;87;28;3;229;20;6;11;4;0;109;27;36;21;19;6;0;1
2024;2025;5702;15652;2968;2164;804;605;136;63;0;1784;7;874;903;0;1184;761;179;241;3;1486;66;100;96;91;74;61;65;92;108;126;136;131;111;83;53;48;30;15;0;1482;61;93;97;111;72;50;61;102;126;127;134;122;107;67;55;45;33;16;3;162;911;531;1028;334;3;2795;122;11;29;11;0;1143;258;370;202;247;56;10;1
2024;2025;5703;14788;1483;1137;346;269;51;26;0;972;12;520;440;0;511;318;77;114;3;734;39;44;44;53;55;29;27;51;52;50;73;72;55;29;15;20;13;6;7;749;34;40;49;52;41;36;42;45;54;55;88;65;49;26;21;23;17;8;4;110;400;210;539;224;0;1359;65;9;33;15;3;589;161;176;106;100;34;12;1
2024;2025;5704;14761;2035;1473;562;453;55;54;0;1247;22;712;513;0;788;534;87;163;4;975;44;58;49;61;47;50;36;75;65;86;85;81;56;44;35;37;33;21;12;1060;38;55;52;64;63;35;58;62;71;80;94;99;51;44;44;44;46;33;27;179;549;368;700;239;0;1841;122;21;34;15;3;877;286;284;137;131;31;8;1
2024;2025;5705;14776;991;660;331;194;49;88;0;502;0;121;381;0;489;228;71;189;3;508;27;30;51;49;31;19;22;30;37;29;45;44;29;19;14;18;9;3;3;483;27;32;35;43;17;17;19;31;46;38;44;34;32;18;15;17;14;3;3;95;357;141;308;88;3;892;44;27;19;5;4;345;68;90;60;91;27;9;1
2024;2025;5706;14775;1146;839;307;223;44;40;0;716;8;327;381;0;430;261;60;107;3;571;21;32;38;55;27;20;23;29;47;50;50;44;41;26;18;19;17;10;4;575;27;36;38;32;34;20;26;30;43;51;46;45;41;26;29;23;15;8;5;79;293;252;405;117;0;1063;54;12;10;7;0;470;141;135;74;95;21;4;1
2024;2025;5707;14859;1384;868;516;243;87;186;0;650;3;180;468;0;734;286;137;311;0;684;27;45;69;51;22;29;37;39;56;60;53;56;30;34;29;28;11;5;3;700;26;53;51;38;25;22;29;40;76;79;59;43;35;40;36;23;12;9;4;104;518;208;421;129;4;1276;49;23;25;5;6;529;112;167;118;95;28;9;1
2024;2025;5708;14858;983;645;338;192;62;84;0;506;0;88;418;0;477;233;78;166;0;487;21;38;52;41;24;14;7;21;38;47;54;45;24;16;13;15;11;5;3;496;20;37;48;36;26;16;14;22;51;50;55;30;23;22;16;17;8;3;3;46;268;225;348;90;6;933;8;11;23;3;6;337;56;75;91;82;28;5;1
2024;2025;5709;14809;1279;963;316;236;39;41;0;789;3;345;441;0;490;276;80;134;0;630;30;35;34;51;26;28;22;38;42;44;49;52;65;39;15;26;19;11;4;649;30;41;31;38;27;29;30;37;44;50;57;46;61;34;28;35;17;10;4;85;405;152;494;143;0;1188;49;22;11;8;3;538;159;182;82;80;26;9;2
2024;2025;5710;14817;519;416;103;75;16;12;0;364;3;226;135;0;155;85;28;41;3;247;14;18;7;15;18;13;7;14;19;19;21;19;15;11;11;14;6;3;4;272;19;11;17;16;13;12;14;17;23;16;27;19;9;19;16;12;5;5;3;29;133;83;204;68;3;483;20;4;4;7;3;222;65;73;42;35;7;0;1
2024;2025;5711;14799;2973;1825;1148;705;208;235;0;1352;10;353;989;0;1621;803;292;526;0;1454;61;96;115;136;82;60;50;66;85;121;144;128;92;56;40;50;39;20;13;1519;50;92;146;116;92;53;47;70;107;128;148;117;81;52;55;72;59;18;16;218;990;452;1070;237;6;2739;98;55;64;13;4;1044;216;293;154;264;88;29;1
2024;2025;5712;14794;3232;2060;1172;768;186;218;0;1506;3;419;1086;0;1726;907;297;515;7;1595;45;99;135;123;106;64;64;72;101;116;129;145;123;71;56;61;47;26;12;1637;51;94;119;123;77;57;48;78;127;135;141;138;120;83;66;71;55;32;22;260;948;499;1204;312;9;2964;75;75;100;10;8;1295;385;349;215;277;60;9;1
2024;2025;5713;16609;2445;1715;730;459;146;125;0;1298;13;512;773;0;1147;565;176;402;4;1216;55;75;98;98;79;52;38;53;69;85;112;116;76;47;41;56;34;20;12;1229;37;70;69;90;77;40;39;72;80;120;103;119;90;49;45;55;44;22;8;191;809;339;840;262;4;2240;99;34;56;13;3;948;239;270;182;189;60;8;1
2024;2025;5714;14835;1275;959;316;221;40;55;0;790;3;344;444;0;485;253;69;159;4;623;31;42;42;47;43;32;26;40;36;51;58;56;36;25;16;21;10;8;3;652;42;37;52;46;41;19;23;45;49;61;75;48;31;19;16;19;18;7;4;83;409;190;433;155;5;1185;38;16;26;10;0;468;103;135;87;103;29;11;1
2024;2025;5715;14711;1140;896;244;170;34;40;0;777;7;417;353;0;363;214;45;104;0;571;44;41;35;34;28;24;28;51;50;35;39;43;41;25;14;21;10;5;3;569;28;37;31;25;30;23;30;61;46;32;50;39;45;24;23;18;8;13;6;110;306;181;387;155;3;1022;74;12;22;10;0;439;97;137;82;97;22;4;1
2024;2025;5716;14706;1774;1227;547;387;77;83;0;1039;9;512;518;0;735;415;136;184;0;857;54;48;69;62;36;37;57;60;62;73;73;69;46;26;20;29;22;11;3;917;42;58;60;64;35;38;59;73;78;87;84;57;52;27;28;33;26;13;3;174;545;272;563;217;3;1591;111;28;27;14;3;735;202;232;145;120;30;6;1
2024;2025;5717;14750;3763;2263;1500;862;325;313;0;1704;3;499;1202;0;2059;926;420;711;3;1864;79;123;177;148;125;75;68;93;130;155;159;154;111;70;60;61;43;23;10;1899;74;111;142;159;105;63;63;96;158;197;185;140;112;73;73;58;52;23;15;274;1136;642;1290;413;8;3461;114;48;106;30;4;1365;292;378;268;307;92;28;1
2024;2025;5718;14726;2012;1467;545;361;105;79;0;1166;44;515;607;0;846;502;144;199;3;999;44;61;77;82;55;41;31;47;72;77;78;80;63;45;49;43;34;15;5;1013;34;61;71;67;54;42;37;60;72;87;92;88;66;40;37;50;35;12;8;115;598;353;729;217;0;1888;64;28;22;9;3;759;146;261;142;156;47;7;2
2024;2025;5719;14731;1256;979;277;201;36;40;0;789;5;382;402;0;467;266;82;115;4;593;25;18;47;40;41;22;28;29;28;42;53;56;49;29;32;25;17;10;3;663;25;36;34;30;40;23;39;32;41;57;49;61;42;37;40;29;27;10;11;69;317;204;487;177;3;1178;39;17;10;11;3;507;138;162;84;91;24;8;1
2024;2025;5720;14735;1068;821;247;164;58;25;0;703;7;382;314;0;365;204;84;77;0;535;22;29;29;41;32;28;26;32;22;33;55;35;50;28;21;27;16;3;6;533;18;26;37;23;35;19;18;33;37;42;48;54;40;34;23;25;12;4;5;94;261;191;393;129;0;967;74;4;15;8;0;440;103;166;81;64;23;3;1
2024;2025;5721;14733;13987;9055;4932;3643;609;679;3;7848;35;4720;3088;5;6139;3568;836;1685;50;6835;361;414;422;403;419;468;542;558;550;511;499;455;403;265;196;174;110;55;30;7152;369;377;392;431;369;464;540;566;561;560;535;512;419;290;230;242;153;82;60;901;3739;1932;5148;2248;19;12976;460;176;225;124;26;5938;1850;1834;1041;937;211;65;1
2024;2025;5722;14728;391;324;67;50;13;4;0;285;6;166;113;0;106;66;16;24;0;191;6;12;14;8;14;9;8;10;14;19;18;14;24;3;6;3;5;3;3;200;10;8;10;15;19;5;12;9;18;14;18;16;14;7;4;9;5;4;3;34;101;71;132;53;0;356;20;11;3;3;0;151;35;44;31;33;7;3;2
2024;2025;5723;14680;2180;1371;809;468;121;220;0;1047;5;217;823;3;1133;551;153;423;6;1008;42;67;75;94;64;30;47;43;71;86;107;79;52;50;30;29;24;11;7;1172;51;82;84;86;65;48;37;51;85;104;115;78;72;51;32;43;38;26;24;172;760;314;715;208;11;1990;67;51;48;15;9;756;179;192;129;169;56;31;1
2024;2025;5724;14659;23351;13832;9519;6501;1414;1603;3;11749;4312;2433;5002;3;11602;6391;1786;3288;137;11411;673;665;649;608;544;814;1004;1035;943;863;740;727;647;397;327;332;255;134;54;11940;608;613;565;543;554;809;968;947;1009;905;830;751;671;505;448;490;377;219;128;1770;6483;3307;7896;3834;61;21335;712;351;637;257;59;10831;4306;3117;1623;1314;360;111;2
2024;2025;5725;14582;4271;3001;1270;959;187;124;0;2494;15;1322;1157;0;1777;1067;279;428;3;2035;112;117;132;143;137;92;118;96;137;144;150;164;144;97;77;84;44;36;11;2236;87;114;147;138;110;109;103;123;150;156;204;162;152;128;99;103;79;47;25;288;1065;653;1746;519;0;3946;177;43;64;41;0;1764;517;550;300;283;82;32;1
2024;2025;5726;14658;1196;915;281;216;27;38;0;765;6;345;414;0;431;278;57;96;0;576;24;44;32;41;31;16;25;37;52;45;45;52;50;32;17;13;10;8;3;620;26;47;43;29;25;25;27;29;44;67;62;49;54;31;21;18;15;4;4;57;356;177;442;164;0;1134;37;12;8;5;0;474;122;145;86;99;16;6;1
2024;2025;5727;14613;3009;2027;982;724;139;119;0;1687;4;770;913;0;1322;850;176;292;4;1595;80;107;80;67;58;58;89;119;155;118;147;124;121;90;76;57;29;14;6;1414;75;82;85;59;60;51;82;106;122;97;135;105;116;64;72;48;32;15;8;275;958;546;910;318;3;2721;134;59;68;17;10;1398;556;415;200;163;45;19;1
2024;2025;5728;14598;608;455;153;97;29;27;0;377;5;212;160;0;231;120;29;75;7;296;16;19;20;27;22;20;8;20;15;23;26;18;15;10;10;11;11;4;3;312;16;21;15;13;16;14;14;18;23;31;31;15;21;13;13;14;13;5;6;40;153;154;170;91;0;560;27;4;9;8;0;231;62;72;37;38;11;11;2
2024;2025;5729;14897;1746;1135;611;352;106;153;0;762;4;147;610;3;984;497;162;322;3;834;36;50;45;72;59;30;22;40;49;63;89;66;61;39;24;38;33;14;4;912;37;64;70;67;49;34;26;40;58;73;89;72;64;49;35;39;34;7;5;124;557;276;646;132;11;1607;39;29;53;10;8;629;125;197;107;139;52;9;1
2024;2025;5730;14879;1426;1108;318;222;54;42;0;890;7;417;466;0;536;293;100;142;3;706;30;36;52;52;56;22;26;22;35;64;60;65;54;41;22;33;19;13;4;720;27;41;41;50;41;31;28;34;52;52;69;67;61;39;29;19;23;12;4;75;396;185;601;168;3;1345;52;6;13;8;3;546;121;169;98;123;33;3;2
2024;2025;5731;14639;1367;1117;250;191;38;21;0;960;7;501;452;0;407;240;82;83;3;686;32;44;35;56;52;19;30;41;41;52;56;50;53;41;33;30;14;5;3;681;32;37;38;51;34;24;29;36;56;66;49;61;47;38;36;21;14;8;4;65;333;209;573;187;0;1288;36;10;16;15;3;522;115;174;87;100;37;9;1
2024;2025;5732;14892;1182;823;359;250;67;42;0;725;0;382;342;3;457;269;79;109;0;595;32;36;43;34;33;35;36;45;44;50;41;55;30;23;23;19;11;4;3;587;29;28;44;35;21;32;37;40;56;42;44;46;37;35;22;20;14;3;3;104;360;271;323;122;3;1071;62;18;16;11;4;495;141;165;81;81;21;6;1
2024;2025;5741;14653;270;249;21;13;3;5;0;225;5;183;37;0;45;31;3;12;0;127;3;3;8;8;12;3;3;9;13;6;12;13;10;10;6;7;3;3;3;143;11;10;7;14;7;4;6;13;8;11;11;8;8;7;9;3;3;3;3;24;60;40;95;51;0;246;18;3;3;0;0;109;28;38;15;21;6;3;1
2024;2025;5742;14783;372;311;61;47;12;3;0;291;11;246;34;0;81;61;11;9;0;179;15;10;10;9;8;7;16;14;16;11;12;12;11;10;4;9;4;3;0;193;10;18;13;14;13;10;16;11;9;15;13;10;10;13;6;8;3;3;0;38;102;50;107;75;0;331;37;3;0;3;0;143;38;51;13;27;10;4;2
2024;2025;5743;14778;694;591;103;71;11;21;0;569;5;500;64;0;125;76;13;36;0;344;24;17;22;22;14;19;21;31;24;30;20;19;22;14;17;17;4;5;3;350;23;20;19;20;14;28;25;29;21;20;26;21;18;22;17;15;5;6;3;64;167;80;231;152;0;623;55;3;6;7;0;288;82;93;52;45;12;4;1
2024;2025;5744;14785;1218;880;338;244;39;55;0;822;28;667;127;0;396;258;43;94;3;614;32;34;38;36;33;51;39;46;39;34;54;40;33;23;19;30;17;12;4;604;29;29;30;34;35;36;41;42;44;36;43;43;33;21;24;25;31;15;13;126;347;137;387;212;9;1086;93;17;12;8;3;517;196;153;68;66;24;10;1
2024;2025;5745;14787;1165;949;216;154;26;36;0;925;14;753;158;0;240;148;35;56;3;592;43;35;26;29;49;46;43;36;37;32;42;28;49;33;20;22;12;8;3;573;29;31;27;22;30;36;43;43;40;38;35;42;36;37;35;18;14;12;5;83;336;90;415;241;0;1069;65;12;5;13;3;521;189;156;76;76;20;4;1
2024;2025;5746;14786;1041;853;188;157;14;17;0;782;25;640;117;0;259;166;26;65;3;538;24;32;26;30;33;38;39;47;47;28;48;35;37;24;23;15;10;3;3;503;25;30;30;21;24;40;42;41;50;28;39;45;29;24;16;8;8;3;0;81;325;101;347;187;0;952;60;12;7;9;3;466;157;146;75;76;10;3;1
2024;2025;5747;14773;200;194;6;6;0;0;0;179;3;162;15;0;21;16;3;3;3;94;11;3;5;4;4;3;9;9;5;7;4;8;6;10;3;3;3;0;0;106;7;9;5;6;3;4;13;11;6;4;4;6;8;12;3;3;3;3;3;18;28;19;83;52;0;178;14;3;3;4;0;84;20;32;16;12;4;0;1
2024;2025;5748;14769;261;247;14;13;3;0;0;229;3;204;23;0;32;16;0;16;0;124;9;9;7;4;6;3;11;8;13;4;6;8;16;4;9;3;3;3;0;137;5;12;14;7;4;7;6;13;10;9;8;10;12;5;5;3;3;3;3;3;61;48;94;55;0;255;3;0;0;3;3;102;25;35;13;21;5;3;1
2024;2025;5749;16074;5440;3979;1461;955;260;246;0;3731;67;3110;553;3;1709;856;357;471;25;2742;154;187;172;155;185;193;220;207;192;197;203;187;156;105;88;61;52;23;5;2698;143;178;151;151;177;195;208;222;199;188;190;164;158;105;89;88;46;27;19;347;1413;840;1917;923;0;5048;252;40;46;52;3;2268;724;679;329;384;114;38;1
2024;2025;5750;14627;193;177;16;12;3;3;0;166;3;141;24;0;27;17;3;9;0;92;4;7;3;7;4;3;6;6;4;7;5;6;3;11;6;4;6;0;0;101;4;7;5;4;3;3;9;9;6;8;4;6;7;9;6;8;3;3;3;20;35;25;78;35;0;172;18;0;3;3;3;81;16;39;13;8;3;3;1
2024;2025;5752;14831;403;359;44;30;4;10;0;321;4;268;49;0;82;53;8;21;0;180;9;11;13;5;13;9;9;13;13;12;6;17;7;7;9;12;9;4;3;223;10;10;7;4;11;11;10;14;21;10;21;13;12;19;10;11;9;6;14;41;81;74;145;62;0;362;34;0;5;3;0;182;73;51;30;24;3;3;1
2024;2025;5754;14643;348;323;25;14;6;5;0;309;5;274;30;0;39;18;10;11;0;170;11;6;9;6;3;18;21;11;7;11;7;9;14;11;8;14;3;3;0;178;11;12;9;7;7;14;15;13;8;10;7;13;19;7;4;13;5;3;3;15;100;40;120;73;0;329;12;3;0;4;0;155;44;65;21;18;4;3;1
2024;2025;5755;14621;461;358;103;80;14;9;0;333;3;275;56;0;128;79;17;32;0;239;17;17;14;13;9;13;22;19;14;12;11;20;16;13;13;9;4;3;3;222;17;13;12;12;7;13;17;16;16;14;16;18;8;14;15;4;6;3;3;45;119;64;127;106;0;412;31;3;11;5;0;175;39;66;23;28;12;7;1
2024;2025;5756;14689;489;426;63;56;3;4;0;414;7;350;57;0;75;53;5;17;0;240;10;11;13;21;14;16;11;14;15;25;20;16;18;10;9;12;3;3;3;249;8;15;17;27;9;8;9;19;17;23;13;26;19;14;6;7;4;5;3;18;105;64;180;122;0;469;14;0;4;3;0;196;52;56;41;36;8;3;1
2024;2025;5757;14673;7978;5216;2762;1785;493;482;3;4916;472;3673;768;3;3062;1657;586;778;41;3992;245;230;222;247;253;312;320;318;333;264;247;260;207;143;134;123;66;45;23;3986;226;235;239;211;204;268;285;297;310;266;221;244;245;163;167;141;129;79;56;660;2205;1040;2782;1290;3;7228;472;41;119;105;13;3575;1370;1023;499;498;141;44;2
2024;2025;5758;14655;207;169;38;38;0;0;0;166;3;139;25;0;41;34;3;6;0;106;5;8;6;7;3;8;3;14;6;7;3;12;6;5;7;3;3;3;0;101;5;3;8;3;5;4;8;8;4;8;9;12;5;8;9;3;3;3;0;17;71;35;62;22;0;190;16;0;3;0;0;81;15;36;14;9;4;3;1
2024;2025;5759;14569;228;207;21;20;3;0;0;198;3;150;45;0;30;21;3;5;3;121;6;4;16;6;3;3;7;8;14;8;10;4;3;8;11;6;3;3;3;107;5;6;6;8;0;3;6;3;10;13;3;5;9;10;10;4;4;3;3;7;52;51;87;31;0;221;7;0;0;0;0;100;33;31;17;14;4;3;1
2024;2025;5760;14553;509;441;68;55;8;5;0;420;6;347;67;0;89;62;8;17;3;247;9;17;9;12;20;16;14;16;12;22;17;21;13;15;14;10;6;3;3;262;8;12;18;12;12;13;14;17;18;15;19;23;23;18;12;15;7;3;4;31;108;65;194;111;0;476;26;3;4;3;0;210;55;72;36;38;8;3;1
2024;2025;5761;14549;560;472;88;66;8;14;0;422;17;328;77;0;138;91;9;38;0;276;14;11;22;21;14;12;9;13;18;29;22;23;17;16;14;7;5;6;3;284;11;16;18;13;11;14;14;14;22;23;27;17;23;23;19;8;7;3;3;30;129;79;236;86;0;527;23;3;4;4;3;257;98;86;33;27;9;4;1
2024;2025;5762;14595;133;120;13;12;3;0;0;117;3;106;10;0;16;13;3;3;0;74;3;3;8;7;5;4;6;4;3;6;6;8;4;5;3;0;3;3;0;59;3;3;3;4;3;0;3;7;3;9;3;6;6;7;3;3;0;0;3;6;31;10;52;34;0;126;6;0;0;3;0;59;19;23;6;5;6;0;1
2024;2025;5763;14868;578;501;77;65;5;7;0;459;24;360;75;0;119;91;8;20;0;298;11;18;29;17;11;18;22;14;22;24;22;19;23;15;17;10;4;3;0;280;9;18;19;17;10;15;17;15;30;20;24;16;21;14;13;10;5;4;3;31;105;97;245;100;0;546;26;3;3;3;0;237;53;90;40;46;7;3;1
2024;2025;5764;14866;4319;2831;1488;963;244;281;0;2675;96;2171;408;0;1644;920;275;432;17;2208;121;142;146;135;112;144;181;134;178;148;149;157;122;119;77;51;58;23;11;2111;111;125;129;103;114;132;151;150;154;130;134;134;141;121;82;86;48;45;21;457;1086;576;1417;782;3;3828;290;33;112;48;8;1977;823;558;256;201;88;51;1
2024;2025;5765;14873;488;421;67;51;5;11;0;390;40;294;56;0;98;71;9;17;3;245;8;13;15;10;11;10;16;30;17;15;17;22;10;20;17;11;3;3;0;243;10;12;17;11;9;13;24;13;17;22;9;15;17;24;14;6;3;3;4;43;115;54;168;108;0;444;36;3;6;3;0;230;86;82;29;19;11;3;1
2024;2025;5766;14903;608;489;119;91;13;15;0;443;3;358;82;0;165;108;25;27;5;303;15;14;20;20;25;18;22;19;21;15;26;26;18;14;14;10;4;3;0;305;20;13;17;15;20;19;23;21;22;22;24;24;24;15;7;8;7;3;3;57;124;70;234;123;0;547;49;5;3;5;0;252;77;78;38;41;14;4;1
2024;2025;5785;14792;499;411;88;73;7;8;0;383;7;309;67;0;116;80;18;18;0;246;12;15;7;16;11;21;21;16;18;11;13;16;21;21;10;10;3;3;3;253;12;12;20;12;13;16;12;21;14;14;19;17;25;11;10;11;8;4;3;41;157;50;150;101;0;455;30;3;9;4;0;219;76;74;25;27;13;4;1
2024;2025;5790;14545;569;505;64;54;6;4;0;472;17;336;119;0;97;69;10;18;0;266;15;18;16;16;14;7;15;14;21;19;19;21;20;18;14;9;5;3;3;303;15;20;20;18;15;16;17;22;21;25;19;20;30;18;9;8;7;3;0;42;156;90;204;77;0;524;36;3;3;3;3;241;75;75;42;32;14;3;1
2024;2025;5792;14697;656;496;160;100;30;30;0;446;3;375;69;0;210;107;32;71;0;331;17;19;18;26;29;18;22;21;21;28;20;26;25;17;9;7;5;3;3;325;17;15;7;28;30;14;18;22;24;27;25;31;23;16;9;8;5;3;3;106;155;116;208;71;0;547;84;5;16;3;3;269;80;80;47;44;14;4;1
2024;2025;5798;14607;530;406;124;104;12;8;0;400;7;333;60;0;130;80;18;32;0;278;17;22;16;10;13;15;24;26;31;18;10;23;6;16;13;9;5;4;0;252;13;20;18;8;10;20;19;28;16;18;12;16;13;13;9;9;7;3;3;66;172;75;128;89;0;461;55;3;8;4;0;225;71;75;27;37;13;3;1
2024;2025;5799;15505;2228;1848;380;319;24;37;0;1660;8;1347;305;0;568;392;47;126;3;1112;54;91;62;68;59;56;59;68;87;94;76;88;77;52;45;42;21;9;4;1116;54;76;69;66;53;34;67;90;79;101;77;89;61;54;52;38;31;17;8;168;612;314;836;297;3;2043;135;15;15;16;4;881;235;258;161;177;39;11;1
2024;2025;5803;14902;628;554;74;64;8;3;0;521;5;435;81;0;107;80;10;17;0;321;29;19;18;18;22;18;26;31;24;25;16;12;19;17;11;8;6;3;3;307;14;24;17;15;11;20;29;30;22;19;13;18;23;19;9;8;8;3;5;39;169;129;158;133;0;585;25;4;9;5;0;256;73;83;36;44;18;3;1
2024;2025;5804;15491;1574;1339;235;192;23;20;0;1231;28;1021;182;0;343;224;47;64;8;792;38;47;51;48;36;45;58;61;54;55;56;62;50;41;30;24;25;8;3;782;49;44;37;53;36;44;49;52;59;58;59;52;48;39;32;33;27;6;5;110;356;224;592;292;0;1449;82;17;8;16;3;653;180;219;114;104;25;11;1
2024;2025;5805;16617;6341;4849;1492;1027;239;218;8;4516;124;3434;958;0;1825;965;312;524;24;3085;188;220;184;181;190;146;229;243;235;213;197;186;202;147;114;102;57;33;18;3256;177;188;197;215;143;164;255;233;220;204;239;216;194;163;136;112;90;64;46;528;1496;984;2232;1100;3;5759;374;85;59;58;6;2664;891;793;388;416;127;49;2
2024;2025;5806;15687;3189;2665;524;385;57;82;0;2437;36;2012;388;3;752;426;92;230;4;1535;85;81;97;108;91;101;84;109;116;110;127;102;94;72;67;47;23;15;6;1654;69;96;105;101;89;90;90;115;129;127;119;103;94;91;83;68;45;23;17;196;865;487;1181;460;0;2972;160;23;12;21;3;1372;466;427;174;222;67;16;1
2024;2025;5812;14852;196;175;21;18;0;3;0;149;3;117;30;0;47;30;3;15;0;102;10;11;6;5;8;6;6;9;9;3;9;4;5;5;0;4;3;0;3;94;7;9;5;3;9;6;8;12;4;8;4;3;7;3;3;3;0;4;3;12;101;10;43;30;0;183;5;7;0;3;0;66;13;19;12;12;5;5;1
2024;2025;5813;14807;494;436;58;54;0;4;0;417;27;230;160;0;77;61;3;14;0;238;11;16;15;8;14;15;15;13;14;14;15;18;16;24;8;16;3;3;0;256;14;13;12;12;12;16;14;15;21;11;16;26;19;18;10;12;9;4;3;28;112;74;166;114;0;465;16;6;5;3;3;213;59;81;31;33;7;3;1
2024;2025;5816;14805;2982;2008;974;655;188;131;0;2012;42;1353;616;3;970;493;182;279;16;1423;91;94;71;84;101;120;118;98;106;88;95;89;82;51;50;41;25;14;5;1559;113;103;89;86;99;122;124;95;98;90;113;92;90;62;59;51;45;11;17;234;883;527;784;554;0;2718;113;63;51;35;3;1242;394;389;188;180;53;38;2
2024;2025;5817;14729;976;803;173;136;13;24;0;778;43;515;220;0;198;134;14;43;7;493;28;26;42;30;31;27;30;26;33;41;36;34;35;18;22;19;9;5;3;483;26;35;29;23;25;23;25;37;35;33;28;32;36;20;24;21;15;11;5;60;232;173;248;263;0;908;36;13;9;9;3;416;149;111;61;69;17;9;1
2024;2025;5819;14707;469;355;114;89;12;13;0;348;3;278;67;0;121;65;19;35;3;240;22;16;22;16;9;17;18;22;20;11;15;11;10;9;8;6;4;3;3;229;21;17;13;12;18;17;22;16;18;12;17;9;9;9;8;3;5;3;0;48;199;68;95;59;0;419;27;9;8;6;0;182;62;46;17;32;17;8;1
2024;2025;5821;14682;383;311;72;51;3;19;0;300;18;187;95;0;83;42;10;30;3;201;10;11;25;14;10;5;12;14;13;14;13;13;8;6;12;11;3;5;3;182;18;11;11;7;5;10;10;13;16;12;14;7;12;10;7;8;7;0;4;27;89;70;93;104;0;352;19;5;3;4;3;150;40;52;21;20;13;4;1
2024;2025;5822;14560;10758;5992;4766;2791;1090;880;5;6032;2841;1342;1847;3;4726;2093;1120;1407;106;5305;309;318;329;329;336;370;384;414;347;349;390;364;330;222;179;145;101;67;22;5453;305;349;334;330;294;357;385;377;351;375;350;360;275;254;233;212;170;79;63;721;2672;1395;3865;2102;3;9943;366;162;164;104;19;4749;1841;1299;680;577;255;97;1
2024;2025;5827;14877;318;267;51;37;3;12;0;255;7;189;59;0;63;36;4;23;0;157;10;7;14;10;12;9;11;11;3;12;14;14;5;10;7;3;3;3;3;161;9;4;10;13;13;5;8;17;9;9;8;13;20;5;7;5;4;3;0;13;100;36;91;78;0;302;10;3;3;3;0;131;46;37;16;19;11;3;1
2024;2025;5828;14881;108;99;9;7;0;3;0;95;3;64;28;0;13;6;3;5;0;59;4;3;4;5;3;3;4;3;3;5;7;3;4;3;3;3;3;0;0;49;3;3;3;3;3;0;3;5;3;7;5;6;3;5;3;3;3;0;3;6;25;11;33;33;0;102;5;0;3;0;0;46;13;17;5;10;3;0;1
2024;2025;5830;14542;523;434;89;77;5;7;0;426;9;265;152;0;97;58;6;30;3;258;25;18;17;17;10;8;20;23;21;13;14;15;14;18;7;7;5;4;3;265;23;15;14;13;10;11;21;26;18;11;16;18;25;17;11;6;6;3;3;33;171;77;153;88;3;485;16;13;3;5;3;210;61;67;25;41;11;5;1
2024;2025;5831;15496;3425;2616;809;631;85;90;3;2547;70;1883;594;0;878;550;104;206;18;1726;115;115;102;89;101;80;140;108;113;129;106;104;102;100;87;65;36;17;17;1699;91;97;100;97;75;79;122;135;121;98;116;111;118;91;72;66;53;37;20;221;822;514;1104;764;0;3172;132;55;29;34;3;1431;468;454;205;193;80;31;1
2024;2025;5841;14845;3653;2593;1060;874;113;73;0;2435;731;809;895;0;1218;834;146;232;6;1772;81;101;101;107;83;91;93;131;116;101;117;131;141;106;92;84;57;21;18;1881;81;86;101;79;85;91;108;108;115;125;128;148;137;110;105;101;71;59;43;254;844;407;1176;971;3;3365;123;63;66;36;0;1660;694;490;208;167;67;34;2
2024;2025;5842;14609;499;435;64;53;8;3;0;415;34;238;143;0;84;59;11;14;0;242;12;14;13;17;10;11;19;13;13;13;17;14;25;13;15;9;7;4;3;257;11;16;23;9;15;12;15;9;15;24;14;17;19;15;15;9;14;3;3;31;87;53;198;130;0;462;24;3;3;7;3;216;76;71;23;28;11;7;1
2024;2025;5843;14618;813;539;274;232;30;12;0;493;20;224;249;0;320;222;36;61;3;419;18;18;14;19;27;25;21;29;25;30;31;34;32;24;23;18;14;10;7;394;8;21;17;25;15;13;14;23;16;35;24;24;39;25;20;31;22;11;11;68;168;95;292;190;0;739;19;28;21;6;0;422;201;135;39;27;11;9;2
2024;2025;5851;14782;430;311;119;95;15;9;0;265;8;186;71;0;165;106;22;37;0;211;8;5;7;14;6;19;15;21;14;11;15;23;16;9;12;13;3;3;3;219;13;9;10;14;14;14;14;14;10;19;17;21;12;9;5;9;7;4;4;31;144;51;140;64;0;398;20;4;6;3;0;183;50;70;29;24;6;4;1
2024;2025;5852;14837;532;387;145;109;31;5;0;321;0;206;115;0;211;127;41;43;0;264;14;8;24;23;12;12;8;13;20;21;25;21;12;15;13;15;4;3;3;268;5;14;20;17;17;9;16;14;23;21;21;20;23;11;16;11;5;4;3;42;159;65;193;73;0;486;30;4;8;4;0;209;54;66;31;43;11;4;1
2024;2025;5853;14840;814;622;192;136;27;29;0;568;9;374;185;0;246;147;35;64;0;418;26;29;22;28;23;20;14;22;33;19;37;45;31;15;14;22;9;8;3;396;23;22;23;14;18;10;28;29;34;22;39;37;24;18;15;21;11;4;4;83;232;100;256;143;0;724;53;11;18;7;3;345;105;106;62;57;12;3;1
2024;2025;5854;14842;401;328;73;53;11;9;0;292;12;196;84;0;109;65;19;25;0;202;11;6;13;19;12;12;12;5;13;19;19;17;10;9;6;9;8;3;0;199;12;12;23;10;18;9;7;7;14;19;19;10;7;8;11;7;5;3;0;19;112;62;147;61;0;376;16;3;3;6;0;155;49;44;24;23;9;6;1
2024;2025;5855;14712;620;453;167;120;23;24;0;376;0;199;177;0;244;146;28;67;3;291;15;17;13;21;14;13;8;16;17;25;24;27;23;19;14;9;8;5;3;329;16;10;29;21;23;12;14;18;22;30;24;29;22;16;18;14;6;4;3;38;181;87;243;71;0;574;27;3;8;8;0;243;58;82;44;38;16;5;1
2024;2025;5856;14704;785;576;209;135;34;40;0;507;3;331;173;0;278;153;47;77;3;399;28;29;31;35;14;12;21;26;36;22;33;27;21;24;16;17;4;3;0;386;29;23;25;27;19;11;23;35;27;36;29;24;23;21;10;13;8;3;3;55;224;120;255;128;3;724;34;3;18;6;0;281;69;79;49;59;16;9;1
2024;2025;5857;14739;1441;1052;389;306;48;35;0;886;11;550;325;0;555;405;67;82;3;708;41;43;39;39;32;34;49;37;47;64;72;54;57;25;25;24;11;11;4;733;30;46;41;35;28;46;49;50;58;54;76;60;45;35;37;18;14;5;6;104;412;281;459;184;3;1332;63;18;18;10;0;613;185;197;105;97;25;4;1
2024;2025;5858;14638;633;448;185;157;7;21;0;408;6;264;138;0;225;151;23;51;0;322;13;19;25;14;13;15;25;23;23;31;21;29;26;20;9;9;5;3;3;311;15;18;21;17;14;18;20;25;20;25;27;26;18;16;10;8;7;6;0;51;192;92;202;96;0;574;30;6;14;9;0;263;76;89;38;47;7;6;1
2024;2025;5859;14694;2752;2004;748;574;91;83;0;1733;16;1124;591;3;1019;624;126;268;3;1336;69;77;94;92;80;57;64;73;115;102;107;116;86;53;54;45;29;15;8;1416;57;89;93;89;77;53;70;92;113;125;105;97;88;63;66;55;38;27;19;173;776;350;1084;367;3;2561;133;7;30;19;3;1077;298;312;190;209;54;14;1
2024;2025;5860;14558;1584;1108;476;364;84;27;3;989;12;687;290;0;595;388;96;109;3;794;41;40;50;51;45;50;59;46;52;55;62;69;51;32;26;34;25;6;0;790;33;27;39;49;46;52;45;49;57;59;75;65;55;34;35;34;27;6;3;103;419;306;536;220;0;1464;71;10;20;18;3;669;206;214;106;103;26;14;1
2024;2025;5861;14604;6540;3826;2714;1908;377;427;3;3271;149;2084;1037;3;3269;1919;478;854;18;3195;154;156;251;288;163;185;225;209;244;250;241;213;176;109;108;71;64;64;24;3345;156;169;231;275;149;181;220;224;225;251;263;235;187;132;91;117;116;71;52;581;1895;924;2230;904;6;5908;263;93;211;51;14;2656;904;827;422;376;99;28;1
2024;2025;5862;14894;235;159;76;65;7;4;0;151;0;123;28;0;84;55;12;17;0;119;6;7;5;9;11;7;8;7;8;7;13;11;4;5;3;4;3;3;3;116;6;3;7;9;14;3;6;9;6;12;15;3;4;6;3;5;5;3;3;20;67;31;86;31;0;214;17;3;3;3;0;94;24;31;19;15;5;0;1
2024;2025;5863;14916;387;286;101;92;6;3;0;250;0;150;100;0;137;102;5;30;0;195;9;14;9;10;13;4;10;16;11;16;15;15;18;10;13;6;5;3;0;192;8;9;9;8;18;7;6;18;9;19;16;22;11;10;13;6;3;3;0;38;149;40;119;41;0;348;28;3;6;3;0;167;45;63;28;25;4;3;1
2024;2025;5871;14654;1541;1275;266;197;50;19;0;1163;18;946;198;3;378;257;57;64;0;749;43;41;37;33;35;35;44;47;51;44;50;50;55;58;48;41;24;11;3;792;35;37;44;38;24;33;49;60;40;50;54;52;64;63;50;48;27;16;8;159;374;192;545;268;3;1373;101;23;34;10;0;752;316;257;68;77;23;11;1
2024;2025;5872;14646;4753;3459;1294;1004;172;118;0;3158;873;1749;534;3;1595;1069;228;290;8;2422;114;129;135;165;130;130;130;161;167;171;185;156;156;127;118;93;88;42;25;2331;92;116;132;110;87;91;136;166;147;149;177;157;156;139;127;138;100;60;51;310;950;626;1792;1074;3;4416;175;32;95;31;4;2287;978;702;276;215;80;36;1
2024;2025;5873;14648;918;778;140;108;18;14;0;710;24;553;133;0;208;144;29;34;3;478;24;29;26;27;23;25;21;30;40;30;34;23;30;43;28;21;10;7;7;440;17;25;24;16;16;10;24;39;33;26;32;27;36;34;23;22;19;8;9;73;201;128;344;172;0;838;61;3;9;7;0;429;173;132;47;51;20;6;2
2024;2025;5882;14846;3337;2538;799;605;86;108;0;2184;27;1545;612;0;1153;722;138;291;3;1609;92;69;70;77;70;85;120;118;88;110;124;123;135;110;64;64;36;33;21;1728;87;61;70;73;66;91;119;123;94;113;131;143;136;102;86;79;67;43;44;350;1030;493;1089;375;0;2968;240;41;64;22;3;1501;540;513;238;158;40;12;1
2024;2025;5883;14802;2320;1675;645;465;73;107;0;1419;10;1054;355;0;901;520;117;259;5;1086;48;47;57;48;46;46;69;74;76;82;71;83;64;59;60;74;41;27;14;1234;46;62;52;58;45;35;74;92;82;92;76;89;90;67;71;74;60;42;27;145;689;407;864;215;0;2163;99;17;28;13;0;1058;359;398;138;121;34;8;1
2024;2025;5884;14833;3385;2306;1079;733;187;157;3;2067;21;1605;441;0;1318;732;231;339;16;1655;64;102;88;89;77;108;115;138;116;112;118;112;119;81;56;78;44;28;10;1730;79;84;89;78;73;87;113;156;113;114;123;120;111;102;88;70;65;38;27;263;919;452;1326;425;0;3103;152;29;75;22;4;1562;619;460;230;172;59;22;1
2024;2025;5885;14642;1928;1403;525;375;63;87;0;1258;10;914;334;0;670;380;100;189;3;946;49;50;53;48;47;57;68;79;82;66;64;62;54;47;32;48;25;9;6;982;49;75;61;42;53;47;58;86;81;68;69;66;43;53;38;45;24;17;7;182;735;233;587;190;3;1729;119;25;31;17;7;810;223;288;132;124;37;6;1
2024;2025;5886;14550;26955;14730;12225;6648;2109;3451;17;12583;1185;8227;3161;10;14372;6438;2669;5122;143;12886;561;629;581;911;893;791;933;866;907;827;855;911;866;652;506;500;350;222;125;14069;509;594;678;929;925;787;925;855;880;879;962;949;892;739;663;624;575;388;316;2716;7150;3592;9561;3925;11;24090;1020;389;1233;182;41;12490;5643;3613;1554;1129;395;156;2
2024;2025;5889;14656;12812;8972;3840;2502;580;755;3;7664;66;5969;1628;3;5148;2691;772;1636;49;5991;286;335;309;375;389;359;452;419;407;366;422;441;388;273;213;236;153;117;51;6821;295;325;340;299;333;357;462;469;466;474;495;511;428;330;305;362;274;182;114;1026;3487;1777;4914;1606;3;11689;626;141;244;104;8;6123;2535;1809;854;666;207;52;2
2024;2025;5890;14872;20142;12166;7976;4793;1423;1746;14;10620;4192;4160;2263;5;9522;4616;1805;2981;120;9602;507;510;472;539;514;834;948;830;765;648;683;592;521;368;290;257;166;114;44;10540;466;493;460;448;507;910;1007;897;789;708;719;690;577;466;384;361;310;214;134;1481;5454;2730;7318;3157;3;18499;832;215;392;183;21;10078;4775;2737;1250;945;262;109;2
2024;2025;5891;14876;1038;611;427;252;78;97;0;522;3;403;116;3;516;260;89;165;3;512;29;21;27;20;11;27;55;41;39;39;42;32;40;22;21;15;14;11;6;526;23;25;16;30;30;36;31;40;47;26;38;37;40;28;23;21;15;12;8;142;381;124;306;85;0;890;96;20;21;9;3;551;287;150;50;42;15;7;1
2024;2025;5892;16618;12464;9546;2918;1978;480;458;3;8061;120;6076;1863;3;4403;2441;700;1247;15;6002;223;352;384;459;411;286;265;330;367;374;483;512;433;290;274;229;185;88;57;6462;258;359;364;425;362;238;282;373;435;457;543;533;448;322;283;286;225;148;121;847;3467;1624;5044;1476;6;11568;527;92;203;61;13;5032;1467;1594;782;909;232;48;1
2024;2025;5902;14759;445;398;47;30;8;9;0;361;7;314;40;0;84;47;15;22;0;231;16;11;12;11;14;13;9;23;18;17;16;20;18;13;10;3;3;3;3;214;13;14;15;11;7;9;8;23;16;15;18;17;14;12;5;8;3;3;4;32;128;36;177;72;0;408;28;3;3;6;0;182;52;53;27;44;6;0;1
2024;2025;5903;14756;257;242;15;8;0;7;0;235;5;204;26;0;22;14;0;8;0;135;7;11;15;3;4;8;13;10;11;4;6;6;3;9;14;5;5;0;3;122;7;10;5;3;3;9;4;18;8;4;7;8;8;9;5;9;3;3;3;16;52;44;93;52;0;239;15;3;0;3;0;107;32;36;11;21;6;3;1
2024;2025;5904;14864;554;481;73;65;4;4;0;448;3;363;82;0;106;73;14;19;0;287;14;12;20;10;15;14;13;26;22;16;17;19;22;26;19;11;7;3;3;267;17;20;6;7;11;15;18;20;18;18;15;21;19;24;19;11;4;3;3;36;124;54;264;76;0;513;29;0;7;5;0;240;68;88;39;39;3;3;1
2024;2025;5905;15506;724;607;117;109;5;3;0;579;3;483;94;0;145;113;10;21;3;357;15;18;30;14;16;29;23;29;28;24;26;17;32;11;22;10;7;6;0;367;16;29;27;22;22;24;20;29;32;23;24;28;15;16;11;14;9;4;3;30;192;101;253;148;0;689;26;3;3;5;0;283;67;93;54;46;16;7;1
2024;2025;5907;14857;322;288;34;24;3;8;0;274;19;200;55;0;48;28;10;10;0;150;7;6;8;8;5;10;16;11;14;8;7;8;13;12;4;7;3;4;0;172;9;8;10;10;9;10;20;14;14;6;10;9;14;10;6;4;7;0;3;24;88;46;94;70;0;297;18;5;3;3;0;154;59;57;12;18;7;3;1
2024;2025;5908;14862;173;151;22;16;5;3;0;149;4;113;32;0;24;10;6;8;0;88;7;13;6;3;3;3;10;10;5;6;3;6;6;3;7;3;0;3;0;85;10;8;4;3;3;3;9;8;8;3;4;6;6;5;3;3;4;3;0;13;65;22;45;28;0;158;11;3;0;3;0;64;15;20;10;9;9;3;1
2024;2025;5909;14811;736;628;108;69;26;13;0;563;3;425;137;0;173;99;25;42;7;375;12;16;28;38;35;16;11;10;24;22;33;30;22;22;18;15;9;8;6;361;18;20;19;22;22;10;14;22;20;31;26;29;22;22;20;19;9;12;4;38;162;115;345;75;3;695;33;3;3;3;3;271;46;98;42;69;9;7;1
2024;2025;5910;14836;426;400;26;24;3;3;0;388;6;336;46;0;38;28;3;7;0;218;11;20;17;10;5;9;13;17;21;11;13;9;14;16;17;8;5;3;0;208;13;14;8;8;11;9;15;24;11;11;13;9;14;18;12;6;8;3;3;27;103;50;159;87;0;396;23;3;3;3;3;182;54;62;29;28;7;3;1
2024;2025;5911;14829;241;209;32;28;3;3;0;205;3;173;31;0;36;29;3;5;0;127;7;6;3;6;9;7;10;10;9;9;9;7;8;8;8;7;3;3;0;114;7;7;12;3;4;5;10;8;9;4;6;12;10;9;3;3;3;3;3;9;77;28;93;34;0;231;5;3;3;3;0;105;31;37;14;21;3;0;1
2024;2025;5912;14820;173;160;13;12;0;3;0;148;4;125;19;0;25;17;3;7;0;88;5;12;3;0;5;3;9;8;9;3;5;0;9;9;6;3;3;0;0;85;7;5;6;0;3;3;9;10;4;6;3;5;8;6;4;3;3;0;4;23;39;21;46;43;3;149;15;3;4;0;3;73;17;35;9;4;7;3;1
2024;2025;5913;15507;916;778;138;105;12;21;0;754;12;628;114;0;162;114;12;36;0;437;29;34;25;18;23;29;29;39;39;21;35;29;23;17;15;17;10;5;0;479;28;38;25;41;28;15;32;38;34;22;41;34;24;25;15;14;10;8;7;55;267;113;300;181;0;856;38;16;3;5;0;361;97;120;52;55;24;13;1
2024;2025;5914;14699;379;312;67;56;3;9;0;308;4;264;40;0;71;50;3;18;0;179;8;13;7;8;9;12;18;14;15;5;20;10;11;10;3;5;8;3;3;200;14;16;15;11;10;8;15;17;9;15;14;14;11;9;3;11;6;3;0;16;116;43;139;65;0;361;13;0;3;3;0;167;58;51;22;28;7;3;1
2024;2025;5919;14634;725;580;145;109;16;20;0;554;6;462;86;0;171;112;20;38;3;366;18;14;16;22;32;37;33;36;20;23;22;25;24;17;10;9;4;3;3;359;22;24;13;22;22;27;26;23;23;22;19;32;27;19;9;11;9;6;3;50;253;78;205;139;0;666;42;3;7;9;0;296;87;98;38;51;14;8;1
2024;2025;5921;14678;269;228;41;41;0;0;0;227;12;184;31;0;42;38;0;4;0;131;10;11;10;3;4;8;11;9;13;3;10;8;8;6;5;8;5;0;0;138;6;13;5;5;9;9;14;11;5;7;8;10;9;8;7;7;4;3;0;23;64;43;82;57;0;244;15;7;3;3;0;106;27;39;12;17;7;4;1
2024;2025;5922;14691;780;640;140;117;9;14;0;597;3;491;103;0;183;116;18;45;4;396;12;19;18;34;31;24;27;31;31;24;23;24;23;27;14;14;7;6;7;384;12;24;20;29;27;22;26;32;22;31;28;29;20;18;16;11;4;9;4;79;178;89;321;112;3;697;48;6;25;4;0;312;89;99;48;59;11;6;1
2024;2025;5923;14666;202;158;44;40;0;4;0;149;3;117;31;0;53;38;7;8;0;106;3;4;5;5;8;6;8;7;6;8;8;10;7;9;7;3;3;3;0;96;4;7;9;5;3;0;8;3;7;7;7;9;8;7;3;5;3;3;3;15;45;37;72;33;0;185;6;3;7;3;0;74;22;21;11;11;5;4;1
2024;2025;5924;14671;424;369;55;46;4;5;0;354;3;276;75;0;70;48;8;14;0;221;19;16;15;11;14;15;19;15;21;17;9;18;11;8;4;4;3;3;0;203;13;7;14;9;12;14;19;19;13;22;10;15;11;11;5;3;6;3;0;34;157;71;109;53;0;383;31;3;3;8;0;170;50;56;21;30;8;5;1
2024;2025;5925;14563;214;192;22;15;3;5;0;187;3;164;20;0;27;14;3;12;0;105;6;5;6;3;6;12;7;8;6;9;3;6;9;10;3;5;0;3;3;109;4;6;6;7;3;8;7;7;4;8;5;10;10;6;5;5;0;5;3;20;57;24;80;33;0;192;16;3;3;3;0;96;29;36;15;12;4;0;1
2024;2025;5926;14579;876;805;71;53;3;16;0;741;8;655;78;0;135;84;9;41;3;444;30;36;22;31;33;20;24;30;35;25;38;34;21;19;15;10;11;8;3;432;22;29;36;27;25;19;27;30;38;23;39;31;20;22;15;12;9;3;6;64;204;120;303;185;0;811;50;0;5;5;5;326;62;114;52;71;24;3;1
2024;2025;5928;14544;194;173;21;15;3;3;0;165;3;136;28;0;29;18;3;8;0;95;3;8;7;4;3;7;6;8;9;11;5;5;3;3;4;8;3;3;0;99;6;13;7;6;3;4;3;9;14;4;6;6;7;5;3;5;3;0;0;11;41;31;60;51;0;183;9;3;3;0;0;79;20;32;9;7;11;0;1
2024;2025;5929;14896;663;560;103;85;5;13;0;530;0;436;94;0;133;93;7;33;0;347;20;17;32;32;20;15;20;26;27;36;33;20;15;9;11;8;4;3;0;316;21;15;25;16;17;19;20;29;33;29;24;19;16;16;4;7;4;3;0;46;162;137;175;143;0;615;41;3;3;3;0;262;67;82;43;57;8;5;1
2024;2025;5930;14899;234;183;51;41;0;10;0;174;3;152;19;0;60;45;3;14;0;116;8;3;10;11;7;4;6;8;10;9;8;4;6;5;5;6;3;3;3;118;7;9;7;8;9;3;7;8;5;8;7;7;8;6;3;12;3;3;3;18;51;34;75;56;0;213;6;0;12;3;0;87;23;29;8;14;8;5;1
2024;2025;5931;14878;515;423;92;72;3;18;0;380;3;298;79;0;135;77;26;30;3;257;13;14;12;16;23;15;14;20;20;17;13;26;17;10;14;5;6;3;3;258;9;16;17;16;17;14;7;21;17;14;20;23;21;12;13;8;5;5;3;39;128;87;196;65;0;473;36;3;3;3;0;201;52;65;31;39;8;6;1
2024;2025;5932;14870;232;195;37;27;5;5;0;188;3;169;18;0;44;25;7;12;0;122;10;7;7;8;6;4;8;10;7;9;7;10;6;4;9;3;5;3;0;110;3;5;9;3;5;7;9;11;4;3;11;12;9;3;5;7;4;3;3;9;49;39;92;43;0;221;6;3;0;3;0;94;22;35;21;9;5;3;1
2024;2025;5933;14869;707;593;114;95;10;9;0;551;3;460;90;0;156;100;25;31;0;339;13;18;21;15;14;23;22;17;25;19;25;30;29;20;19;13;9;5;3;368;11;23;18;21;25;22;19;25;17;28;16;42;28;18;19;13;14;4;5;42;173;93;321;78;0;662;36;3;3;4;0;306;91;109;46;48;4;8;1
2024;2025;5934;14871;235;219;16;15;0;3;0;208;7;172;29;0;27;13;4;10;0;117;3;3;6;7;8;7;6;3;5;8;12;11;8;7;5;8;4;3;4;118;4;7;5;5;9;5;3;7;5;10;11;7;11;3;7;12;5;0;3;3;46;12;117;57;0;232;3;3;0;0;0;102;35;34;10;18;3;4;1
2024;2025;5935;14883;108;90;18;16;3;3;0;71;3;45;25;0;37;17;4;12;4;62;5;4;8;3;3;3;4;3;4;3;3;3;4;6;3;3;0;3;0;46;0;5;3;3;0;3;7;3;4;3;3;4;7;3;3;0;0;0;0;14;32;22;28;12;0;93;9;5;0;3;0;41;10;9;14;3;4;3;1
2024;2025;5937;14906;146;126;20;18;0;3;0;119;3;90;27;0;27;24;0;3;0;70;5;4;5;3;3;3;7;4;4;5;6;10;4;5;4;0;0;3;0;76;3;0;7;11;5;3;3;5;7;5;4;10;3;4;3;3;3;3;0;7;37;23;57;22;0;136;3;0;5;3;3;60;21;17;9;7;4;3;1
2024;2025;5938;15497;30292;18524;11768;7047;2156;2551;14;16952;8369;5374;3203;6;13340;6325;2946;3879;190;14844;746;838;922;922;920;1088;1149;1111;1051;1059;1001;924;797;660;490;479;374;183;130;15448;725;808;810;816;833;993;1149;1066;1027;1064;1065;962;881;734;685;700;505;358;267;1655;6204;3876;12489;6061;7;28416;987;216;380;244;49;14052;5878;3942;1830;1620;585;197;2
2024;2025;5939;14912;3524;2964;560;399;34;126;3;2778;73;2114;591;0;746;454;59;231;3;1692;84;103;119;121;97;93;107;111;105;114;116;112;110;92;68;58;45;24;13;1832;76;103;115;97;81;95;123;115;116;127;122;130;128;98;86;87;58;37;38;217;872;630;1261;544;0;3290;172;26;15;21;0;1529;557;456;199;223;73;21;1
2024;2025;6002;13228;14085;10924;3161;2015;548;597;3;10606;3883;5234;1482;7;3479;1942;771;748;18;6938;293;311;319;335;388;488;553;499;447;419;483;540;481;415;359;283;182;94;49;7147;282;335;335;298;378;437;498;462;422;429;440;543;537;448;381;349;265;202;106;897;2823;1408;5529;3422;6;13098;487;128;227;109;36;6495;2560;2165;708;748;233;81;2
2024;2025;6004;12132;338;297;41;36;3;3;0;293;88;174;31;0;45;35;6;4;0;176;6;5;8;4;3;12;8;16;9;16;11;15;19;20;11;12;3;0;3;162;3;3;6;4;3;11;8;12;10;7;7;20;21;12;15;3;8;4;5;21;63;34;104;116;0;314;14;3;3;4;0;170;68;72;16;7;7;0;1
2024;2025;6007;15617;10674;8650;2024;1380;430;208;6;8402;517;6773;1109;3;2272;1293;616;336;27;5332;243;261;274;228;241;302;401;392;375;331;355;419;363;346;289;231;161;87;33;5342;240;264;246;225;232;326;341;347;383;307;322;402;388;356;332;268;194;114;55;578;1841;1131;3997;3125;3;10009;371;99;83;96;16;4872;1784;1723;506;603;194;62;2
2024;2025;6008;13759;2310;2057;253;215;27;11;0;2001;100;1646;255;0;309;250;28;30;3;1172;56;69;63;71;61;61;63;67;79;78;89;104;86;64;62;52;30;12;5;1138;52;64;61;64;54;57;72;92;60;82;80;81;80;58;78;46;33;13;11;139;436;274;757;704;0;2154;110;19;9;17;3;957;262;347;120;171;52;5;1
2024;2025;6009;12984;281;275;6;5;3;0;0;269;115;139;15;0;12;6;4;3;0;145;3;9;3;4;4;3;6;5;12;8;6;12;18;19;14;7;7;5;3;136;0;3;8;8;4;9;4;6;5;6;10;12;16;14;11;8;5;5;3;9;24;12;35;201;0;272;8;0;0;0;3;127;42;48;14;16;7;0;1
2024;2025;6010;10560;1175;1042;133;111;11;11;0;997;49;799;149;0;178;142;14;22;0;571;37;39;40;28;21;20;28;39;47;44;40;41;39;32;25;21;14;12;4;604;28;44;49;34;21;25;40;45;39;42;43;46;38;32;22;23;12;14;7;46;329;149;352;299;0;1124;36;7;3;6;0;459;119;155;61;85;28;11;1
2024;2025;6011;10159;71;47;24;23;0;3;0;41;6;28;7;0;30;29;0;3;0;52;0;0;0;3;3;4;3;3;6;4;5;11;4;6;0;3;0;3;3;19;0;0;0;3;0;0;0;0;3;3;3;3;4;3;3;3;3;3;0;3;20;10;24;15;0;69;0;3;3;0;0;43;23;16;4;0;0;0;1
2024;2025;6021;11763;3835;2489;1346;1065;158;123;0;2399;114;1788;497;0;1436;1007;196;233;0;1926;88;130;106;132;124;148;133;168;152;123;129;145;107;65;55;51;44;15;11;1909;86;94;137;98;126;125;134;144;155;138;119;131;118;80;66;60;46;29;23;368;1145;461;1179;681;3;3446;266;26;63;28;6;1624;554;487;237;246;79;21;1
2024;2025;6022;11418;4389;3575;814;716;57;40;3;3363;280;2073;1009;3;1026;767;70;182;7;2183;100;123;116;101;111;142;150;153;165;163;134;148;165;111;104;108;58;21;10;2206;103;115;112;96;91;124;148;178;165;132;149;140;164;122;120;112;71;48;16;390;1148;659;1243;943;6;3971;255;84;36;33;10;2050;781;692;237;254;63;23;1
2024;2025;6023;11635;9408;6903;2505;1758;360;386;3;6570;631;4729;1206;4;2838;1679;528;611;20;4706;238;278;279;259;263;327;314;300;339;293;323;323;294;258;199;192;147;55;25;4702;208;234;235;236;242;266;301;325;327;283;347;329;322;281;238;213;172;93;50;772;1990;1324;3163;2159;0;8566;546;80;111;84;21;4069;1383;1306;591;524;185;80;2
2024;2025;6024;12518;7314;5875;1439;1141;194;104;0;5615;546;3840;1228;3;1699;1178;250;268;3;3685;164;192;156;191;167;225;263;291;262;227;246;256;283;243;198;163;99;41;18;3629;146;190;177;156;138;180;249;282;244;219;236;296;294;234;179;179;116;72;42;535;1636;829;1792;2521;3;6747;281;120;108;51;7;3402;1286;1146;438;400;95;37;2
2024;2025;6025;10923;6605;4859;1746;1394;177;175;0;4499;128;3546;822;3;2106;1354;322;395;35;3219;162;195;177;196;196;198;223;228;232;213;220;248;231;180;109;109;60;27;15;3386;169;205;215;178;179;217;227;257;214;207;257;261;233;166;147;105;78;48;23;409;1502;1038;2408;1246;3;6155;302;41;50;50;7;2712;799;871;426;424;137;55;1
2024;2025;6032;11846;222;185;37;35;0;3;0;173;8;130;34;3;49;40;3;8;0;116;3;3;3;3;8;4;9;8;6;7;10;9;17;10;4;6;3;4;3;106;9;3;4;0;6;3;10;6;5;3;5;9;19;6;5;7;4;3;3;22;65;42;56;37;0;196;8;5;8;4;3;100;44;33;10;7;4;3;1
2024;2025;6033;12790;770;694;76;72;3;3;0;653;118;394;141;0;117;96;5;16;0;394;23;21;10;19;23;22;26;25;28;21;25;41;24;29;16;24;9;4;4;376;26;24;8;17;17;22;29;22;20;18;31;27;33;21;14;22;9;10;6;39;114;66;214;337;0;726;27;8;3;7;0;347;121;123;43;39;16;5;1
2024;2025;6034;13134;3303;2724;579;506;33;40;0;2603;393;1723;485;3;700;539;62;99;0;1732;76;93;103;123;92;95;92;99;119;121;123;119;130;87;86;83;53;25;13;1571;64;83;84;90;83;87;88;96;97;96;108;99;111;81;96;76;62;40;30;149;532;288;830;1504;0;3135;74;40;31;21;3;1447;578;398;181;168;74;48;2
2024;2025;6035;13002;1114;870;244;220;12;12;0;861;75;609;176;3;253;213;12;28;0;584;41;32;23;32;24;36;46;52;45;35;49;36;41;32;23;21;9;6;3;530;33;22;17;23;38;29;44;36;32;33;35;38;38;34;22;21;12;12;11;86;240;144;291;353;0;1016;59;5;21;13;0;517;225;138;64;57;25;8;2
2024;2025;6037;16601;10907;7613;3294;2481;686;127;0;7016;1047;4017;1949;3;3891;2523;739;618;11;5581;247;265;290;282;259;315;386;414;379;368;404;428;387;371;270;245;153;80;38;5326;249;230;266;229;219;291;379;396;367;378;345;383;405;288;286;250;186;102;77;564;2231;1168;3160;3783;3;10266;132;108;312;85;4;5058;2000;1585;613;568;235;57;2
2024;2025;6052;11883;363;304;59;58;3;0;0;292;45;160;87;0;71;65;3;4;3;190;4;3;8;14;8;11;10;10;7;12;11;16;25;13;15;8;9;4;3;173;6;5;5;10;3;6;11;6;9;5;15;24;15;18;9;13;5;7;3;24;69;31;104;135;0;338;6;6;9;3;3;185;83;57;24;14;4;3;2
2024;2025;6054;11892;129;115;14;13;0;3;0;111;32;59;20;0;18;15;0;3;0;69;3;3;3;6;5;3;3;3;3;4;9;5;5;5;3;6;7;3;3;60;3;3;5;3;3;3;3;3;3;5;4;6;3;3;4;8;3;3;3;8;11;11;29;70;0;119;7;0;3;3;0;57;23;19;6;4;4;3;1
2024;2025;6056;14504;544;475;69;60;5;4;0;447;70;280;97;0;97;78;11;8;0;280;10;10;9;9;4;10;22;19;14;14;20;14;30;30;32;16;7;5;5;264;14;3;9;8;6;7;16;18;15;16;17;23;30;34;22;10;9;4;3;26;117;49;180;170;3;516;15;8;3;3;0;273;109;112;20;25;7;0;1
2024;2025;6057;12018;910;737;173;144;27;3;0;694;99;458;137;0;216;154;52;10;0;474;17;21;32;10;12;22;22;27;30;28;25;36;48;43;43;28;17;5;8;436;7;13;13;18;13;19;22;30;29;28;23;44;45;37;36;23;21;8;7;42;175;108;194;386;5;866;23;7;8;4;3;445;187;156;48;35;16;3;2
2024;2025;6058;12017;357;330;27;25;0;3;0;321;42;215;63;3;36;32;3;3;0;188;12;11;10;7;9;5;13;14;9;13;15;13;15;19;11;7;3;3;3;169;10;10;10;4;8;5;9;11;11;12;3;14;21;8;19;7;4;3;3;14;86;22;80;155;0;337;11;3;3;6;0;152;50;47;22;22;8;3;1
2024;2025;6061;12609;339;283;56;43;4;9;0;282;38;178;66;0;57;42;4;11;0;176;7;10;9;13;3;6;4;13;12;17;17;10;5;12;17;14;4;3;3;163;5;11;9;10;4;3;4;7;10;21;8;8;8;19;10;13;10;3;3;20;66;54;69;128;3;318;9;6;4;3;3;154;61;51;14;13;12;3;2
2024;2025;6076;14958;663;584;79;77;3;3;0;562;111;320;131;0;101;93;3;6;3;338;10;6;9;20;16;20;21;14;11;18;34;30;30;25;23;27;12;8;4;325;11;5;10;20;19;11;17;8;19;20;26;29;21;23;28;29;15;8;6;42;104;65;146;306;0;619;19;8;12;4;3;328;134;125;27;31;8;3;1
2024;2025;6077;16075;1149;993;156;139;7;10;0;965;210;530;225;0;184;152;12;19;3;566;15;18;19;26;16;29;27;30;31;16;26;63;62;49;57;42;24;10;6;583;16;18;23;18;20;23;29;31;27;34;36;51;65;59;39;34;32;13;15;49;131;167;232;570;0;1098;15;20;13;3;0;557;211;216;61;50;17;3;1
2024;2025;6082;11666;4451;3831;620;526;56;38;0;3601;457;2235;909;0;850;614;71;163;3;2186;104;121;116;102;97;106;121;139;169;149;157;158;133;140;139;112;72;33;18;2265;88;119;116;111;84;91;139;151;166;148;144;164;161;145;145;138;77;43;35;274;1000;579;1303;1290;5;4141;148;74;33;39;16;2048;789;660;243;267;71;18;1
2024;2025;6083;12255;1666;1481;185;174;5;6;0;1383;222;889;272;0;283;234;15;34;0;839;22;33;29;35;42;43;57;67;51;41;60;62;84;62;62;39;28;14;8;827;28;24;27;29;40;42;51;49;40;32;58;71;95;66;52;50;54;13;6;68;250;154;401;792;3;1592;28;24;16;5;3;868;396;286;86;89;10;3;1
2024;2025;6084;12298;1545;1404;141;113;19;9;0;1347;250;791;306;0;198;144;23;31;0;759;36;28;16;22;36;38;47;50;41;42;51;69;58;62;53;45;39;18;8;786;33;27;31;22;33;49;53;47;35;31;46;61;73;59;56;52;35;26;17;95;331;150;378;589;3;1441;46;31;13;13;3;741;289;277;75;76;19;5;1
2024;2025;6087;13032;853;781;72;69;0;3;0;739;115;457;167;0;114;96;0;18;0;412;17;6;19;14;18;22;27;18;23;18;27;28;33;45;30;30;21;10;6;441;14;22;20;12;24;16;17;24;21;18;24;37;44;39;38;28;16;12;15;45;147;76;191;393;3;804;18;19;6;5;3;420;176;151;41;31;14;7;1
2024;2025;6089;10925;1980;1672;308;280;16;12;0;1556;50;1090;416;0;424;340;32;52;0;1010;40;50;59;50;51;64;64;64;70;56;61;92;75;70;51;43;31;15;4;970;37;57;46;38;43;45;49;78;55;69;69;72;83;67;60;41;31;22;8;153;446;262;693;424;3;1820;91;28;31;8;3;920;374;272;116;112;37;9;2
2024;2025;6090;15485;1187;1028;159;118;20;21;0;947;95;457;395;0;240;158;29;53;0;599;21;26;28;22;15;31;23;33;49;37;31;38;56;49;51;39;30;15;5;588;16;17;21;14;18;15;25;32;39;34;40;34;57;59;58;44;30;18;17;90;331;209;331;219;7;1096;37;29;20;4;3;604;273;203;70;41;13;4;1
2024;2025;6101;11720;745;649;96;64;24;8;0;632;123;449;60;0;113;74;18;19;3;401;11;13;13;29;23;25;33;32;17;26;34;31;36;24;18;14;14;6;3;344;14;9;12;17;12;21;26;20;12;22;34;31;28;22;22;20;9;8;5;41;139;39;119;407;0;698;34;6;3;6;0;330;113;116;40;46;10;5;1
2024;2025;6102;11730;259;222;37;30;4;3;0;206;36;98;72;0;53;42;4;6;3;129;3;3;3;3;6;4;9;8;9;9;6;11;18;10;17;7;7;3;3;130;6;7;0;3;5;7;7;7;3;5;5;12;13;15;9;10;9;4;4;18;68;28;44;101;0;240;3;13;3;3;3;143;65;55;14;5;4;0;1
2024;2025;6104;12307;183;169;14;14;0;0;0;166;25;85;56;0;17;15;3;3;0;103;3;3;3;4;4;3;6;4;4;8;6;11;11;15;8;3;5;3;3;80;3;3;3;3;0;5;4;5;4;3;3;8;15;12;3;7;3;3;3;12;34;8;55;73;3;169;3;10;0;3;0;91;36;38;9;5;3;3;1
2024;2025;6109;12656;130;87;43;37;5;3;0;79;3;50;28;0;51;36;5;10;0;75;0;3;6;3;3;4;5;7;4;7;6;3;8;9;6;3;3;0;0;55;0;3;4;0;3;4;3;5;6;3;3;6;6;4;4;3;5;0;0;7;50;11;37;17;8;123;3;4;0;0;0;68;37;22;5;3;0;3;1
2024;2025;6110;15618;4340;3519;821;528;228;64;3;3456;488;2437;531;0;884;512;268;104;0;2188;123;114;103;86;112;112;158;159;146;119;164;163;171;143;114;95;59;34;13;2152;98;118;100;83;95;101;148;143;149;120;147;153;163;177;105;119;59;47;27;252;863;464;1452;1308;3;4049;172;26;46;40;7;1930;672;677;235;238;77;31;2
2024;2025;6111;12777;1426;844;582;482;63;37;0;789;61;493;235;0;637;430;116;90;3;736;23;19;30;26;41;50;60;39;42;46;44;59;65;56;59;40;26;8;3;690;23;12;22;27;30;42;46;41;50;37;55;46;69;58;53;47;19;8;5;119;406;136;432;326;7;1303;25;31;61;5;3;774;378;257;75;43;14;7;2
2024;2025;6112;12464;140;137;3;3;0;0;0;131;26;69;36;0;9;7;3;0;0;63;0;3;3;3;3;8;4;3;3;3;3;9;10;3;3;8;3;3;0;77;3;3;3;3;4;4;4;3;3;3;7;6;6;7;4;9;6;0;4;8;38;10;24;60;0;132;6;3;0;0;3;69;33;20;5;8;3;0;1
2024;2025;6113;13035;1732;1454;278;215;49;14;0;1405;254;949;201;3;327;202;66;49;10;858;44;45;48;31;43;56;59;52;56;47;55;71;58;55;46;37;30;18;7;874;44;43;38;34;49;48;53;71;59;47;61;66;60;40;45;41;39;27;9;113;358;207;413;641;0;1607;80;14;16;14;3;761;241;277;99;101;36;7;1
2024;2025;6116;10938;700;623;77;65;8;4;0;599;95;426;78;0;101;72;11;15;3;372;12;17;18;13;20;17;19;19;26;32;23;33;30;15;31;24;12;5;6;328;12;12;16;13;15;8;19;19;21;25;28;24;20;20;29;24;12;7;4;44;117;85;205;249;0;654;24;9;11;3;0;331;127;117;40;35;7;5;1
2024;2025;6117;14133;440;397;43;38;3;3;0;375;72;233;70;0;65;52;3;11;0;221;11;5;9;13;11;5;10;21;8;7;15;22;21;29;12;12;6;4;0;219;11;9;5;9;13;8;8;19;8;14;16;19;21;18;13;14;8;3;4;21;75;37;131;176;0;416;12;4;4;4;0;207;80;74;18;27;6;3;1
2024;2025;6118;14959;2247;1860;387;265;83;38;3;1848;257;1361;230;0;399;245;89;62;3;1139;64;46;46;44;65;67;92;61;71;78;68;112;100;74;52;48;38;9;4;1108;65;44;42;36;60;69;76;71;68;54;77;88;93;68;61;58;38;23;17;170;462;229;506;880;0;2052;131;15;15;28;6;1047;377;391;116;118;36;9;2
2024;2025;6119;15619;1212;1009;203;120;60;23;0;967;179;682;106;0;245;124;83;36;3;607;29;34;25;23;14;29;54;53;52;40;38;37;55;40;30;28;12;11;3;605;31;37;44;23;23;24;41;53;36;27;31;37;54;49;32;25;14;16;8;63;248;105;264;531;3;1135;39;9;9;15;5;531;169;205;60;62;24;11;2
2024;2025;6131;11850;952;803;149;135;0;14;0;768;90;520;158;0;184;136;6;42;0;485;25;28;24;34;16;31;35;37;39;35;32;24;45;28;12;19;11;7;3;467;25;20;31;20;23;25;40;35;40;34;25;21;38;27;15;20;11;12;5;64;213;102;240;333;0;878;48;9;7;10;0;425;146;144;55;58;18;4;1
2024;2025;6133;12089;9310;7387;1923;1637;173;113;0;7073;597;4512;1964;0;2237;1577;254;352;54;4589;226;249;264;292;252;276;328;328;348;292;334;332;306;230;191;165;97;43;36;4721;232;234;236;262;253;267;315;353;328;320;346;335;327;266;217;201;120;64;45;650;1900;1029;3087;2642;3;8581;395;152;92;84;6;4119;1484;1256;570;578;179;52;1
2024;2025;6134;12663;804;748;56;50;3;4;0;721;216;439;66;0;83;60;5;18;0;408;15;20;20;17;15;22;24;28;29;20;27;38;27;35;25;22;12;9;3;396;13;20;23;16;13;12;24;21;22;19;24;30;25;37;28;20;26;11;12;44;97;66;123;474;0;755;24;17;3;5;3;387;170;113;42;42;16;4;1
2024;2025;6135;12767;3529;2838;691;616;34;40;3;2691;286;1637;767;3;838;654;62;119;3;1762;85;75;82;84;100;94;100;115;107;122;113;122;137;120;96;105;66;28;11;1767;63;83;73;67;79;99;106;121;104;117;117;129;147;109;101;117;78;35;22;365;848;385;1070;857;4;3147;228;76;42;19;17;1695;679;588;182;184;53;9;1
2024;2025;6136;16602;22247;14969;7278;5357;753;1156;12;14027;4893;5258;3865;11;8220;4933;1088;2086;113;10824;497;523;605;629;732;859;930;847;748;693;703;703;680;466;420;360;251;130;48;11423;517;547;567;583;668;847;847;818;785;680;730;799;765;579;491;470;365;213;152;1615;5303;2665;7480;5164;20;20469;929;299;326;192;32;10447;4414;3049;1350;1097;388;149;2
2024;2025;6137;12756;2363;2051;312;285;11;16;0;1926;56;1352;518;0;437;330;26;76;5;1203;41;48;64;66;55;73;79;91;87;67;107;85;99;76;59;45;37;15;9;1160;43;50;59;65;41;78;75;71;94;72;88;80;82;70;70;52;36;26;8;183;503;293;929;455;0;2166;125;23;28;18;3;1143;473;354;134;139;36;7;2
2024;2025;6139;12917;3749;2503;1246;1111;61;74;0;2475;149;1715;610;3;1274;1009;86;178;3;1927;93;121;79;126;118;161;157;132;137;110;114;146;110;93;74;70;51;23;12;1822;121;95;86;81;89;151;130;129;107;127;130;122;102;81;86;78;64;30;13;337;1071;473;1093;775;0;3393;171;65;83;26;11;1639;583;536;221;206;65;28;1
2024;2025;6140;12871;3156;2494;662;610;23;29;0;2386;88;1546;752;0;770;591;47;131;3;1568;84;97;93;80;95;75;107;114;135;112;115;105;88;67;56;72;42;23;8;1588;83;80;96;82;69;79;121;122;143;102;108;96;81;89;81;74;49;16;17;294;880;394;922;666;0;2847;187;50;50;19;3;1408;509;430;200;199;54;16;1
2024;2025;6141;13058;7424;4651;2773;2217;272;278;6;4478;234;2921;1320;3;2946;1979;386;536;45;3830;213;219;214;234;235;289;340;336;293;238;293;247;200;165;125;85;54;30;20;3594;190;199;180;188;178;280;315;285;228;256;253;243;198;154;129;137;82;59;40;739;2197;1008;2094;1383;3;6615;468;105;135;79;22;3326;1286;978;458;403;139;62;2
2024;2025;6142;10891;175;154;21;19;3;0;0;133;4;79;50;0;42;33;4;4;3;90;4;4;3;3;3;4;6;5;4;6;9;11;5;9;3;3;6;3;3;85;3;7;6;5;3;4;7;3;7;6;3;10;3;6;7;3;3;3;3;16;50;14;82;13;0;157;6;5;4;3;3;80;33;24;8;9;4;3;1
2024;2025;6151;11415;1404;1055;349;278;52;19;0;897;102;289;506;0;507;363;69;75;0;742;23;38;27;28;26;33;39;45;45;52;48;54;62;57;57;55;32;13;8;662;21;28;23;25;23;21;26;44;37;51;28;58;48;57;61;46;37;19;9;60;340;192;451;361;0;1337;14;11;34;8;0;727;344;237;59;55;27;5;1
2024;2025;6152;11596;10051;7268;2783;2164;425;189;5;6828;112;2219;4496;3;3223;2051;598;505;69;4980;309;277;315;281;274;337;399;373;361;349;363;386;281;233;140;152;82;47;21;5071;300;291;271;313;280;357;378;372;355;337;353;364;314;230;179;171;106;58;42;615;2398;1529;3651;1857;3;9340;311;178;105;107;10;4120;1233;1244;685;689;202;67;2
2024;2025;6153;12323;19074;12315;6759;5077;890;786;6;11812;2973;1939;6895;5;7262;4477;1226;1555;4;9431;434;495;500;535;516;640;748;685;719;635;672;669;605;474;333;333;239;133;66;9643;406;457;470;496;515;620;670;731;620;635;648;656;632;519;433;447;345;200;143;1190;4434;2284;7401;3762;3;17757;550;351;250;147;19;8529;3264;2462;1295;1039;326;143;2
2024;2025;6154;13075;4551;3115;1436;879;185;372;0;2778;110;574;2092;3;1773;942;236;592;3;2280;108;95;101;128;213;148;165;145;153;132;151;150;174;117;117;101;51;21;10;2271;81;103;111;163;198;118;125;162;135;146;136;164;161;155;130;89;63;24;7;579;1270;566;1468;668;0;3952;93;146;326;29;5;1841;631;629;265;217;71;28;1
2024;2025;6155;12863;1088;658;430;229;131;70;0;590;41;161;387;3;498;248;147;103;0;542;29;27;35;30;24;26;38;33;26;33;37;42;48;27;30;26;16;8;7;546;24;22;34;38;26;33;37;26;24;29;42;43;37;37;30;23;20;11;10;133;297;111;334;173;40;946;34;49;27;14;18;463;189;141;66;49;15;3;1
2024;2025;6156;10897;5022;4217;805;707;55;43;0;3937;253;1458;2226;0;1085;845;88;152;0;2554;129;123;132;140;129;144;158;187;161;186;167;207;197;140;145;114;57;26;12;2468;117;119;152;128;112;120;159;152;171;166;169;223;174;167;113;102;64;39;21;319;1048;592;1640;1422;3;4661;159;98;54;49;3;2224;797;710;316;279;95;27;2
2024;2025;6157;10933;2145;1717;428;361;51;16;0;1592;144;599;849;0;553;410;67;76;0;1104;41;47;61;55;57;68;78;83;79;85;73;72;95;56;60;43;35;13;3;1041;53;60;45;40;45;63;63;84;83;73;62;68;78;58;58;47;26;21;14;149;475;292;578;651;0;1985;67;36;40;14;3;1009;405;311;117;139;29;8;1
2024;2025;6158;10078;3024;2414;610;557;25;28;0;2224;94;584;1546;0;800;584;77;134;5;1552;73;71;84;72;80;109;117;103;102;112;111;123;107;87;71;60;40;19;11;1472;83;63;88;82;68;90;97;103;96;103;114;118;85;79;70;61;37;20;15;242;706;465;1003;608;0;2751;99;93;45;33;3;1363;507;422;189;163;63;19;2
2024;2025;6159;10372;4803;3221;1582;1127;289;165;3;3029;127;657;2241;4;1774;1035;372;365;3;2407;126;146;145;167;122;160;179;185;164;165;157;161;151;119;94;73;56;25;12;2396;141;149;133;125;118;138;155;189;166;150;165;178;141;116;100;87;63;50;32;397;1241;628;1632;892;13;4367;148;140;86;46;16;2019;731;577;302;284;85;40;2
2024;2025;6172;11807;37;33;4;4;0;0;0;33;3;22;9;0;4;4;0;0;0;17;3;0;0;3;0;3;3;3;3;0;3;4;0;3;3;3;0;0;3;20;3;0;3;0;0;0;3;0;3;3;3;3;3;3;3;3;3;0;0;3;10;4;0;21;3;35;3;0;0;3;0;18;8;6;3;3;0;0;1
2024;2025;6173;11808;1142;1010;132;109;15;8;0;989;25;860;104;0;153;112;19;17;5;573;37;38;22;20;24;35;44;53;39;44;38;37;58;34;20;15;8;6;3;569;29;39;30;25;19;40;51;40;50;33;22;55;49;35;16;14;13;5;4;65;290;163;381;243;0;1068;51;3;9;9;3;471;131;156;78;76;28;3;1
2024;2025;6177;12079;417;385;32;26;5;3;0;374;47;294;33;0;43;31;8;4;0;207;6;9;9;8;9;13;10;12;14;6;20;23;19;18;11;8;5;5;3;210;8;10;8;5;18;15;14;15;8;9;12;21;17;16;10;8;6;4;6;21;63;36;36;260;3;391;12;5;3;5;3;176;46;72;28;18;9;3;1
2024;2025;6181;14468;440;377;63;56;5;3;0;362;40;237;85;0;78;67;3;6;3;222;4;6;13;16;11;10;10;10;13;14;17;20;21;20;14;12;5;6;0;218;6;5;15;15;11;10;12;5;10;13;18;24;18;25;8;9;7;5;3;25;71;24;143;177;0;412;11;6;7;4;0;200;73;64;27;26;8;3;2
2024;2025;6191;11675;640;559;81;74;5;3;0;547;141;335;71;0;93;69;15;9;0;339;18;13;16;9;23;20;23;23;21;15;23;23;38;22;19;12;10;8;3;301;15;14;9;15;10;11;21;20;14;12;24;19;28;24;23;13;19;6;4;35;106;56;103;338;3;598;14;8;14;6;0;283;97;93;41;38;12;3;1
2024;2025;6192;11818;300;282;18;18;0;0;0;276;83;158;35;0;24;21;3;3;0;151;5;8;7;8;10;4;6;7;8;11;20;13;8;7;11;8;8;3;0;149;6;5;3;7;8;3;3;10;7;10;15;18;7;11;10;10;9;3;8;8;41;24;77;150;0;292;6;3;3;0;0;130;40;50;12;20;7;3;1
2024;2025;6193;11485;767;709;58;49;6;3;0;681;106;445;130;0;86;66;14;6;0;398;18;13;17;12;16;24;17;32;31;22;21;39;33;31;30;22;13;6;3;369;12;18;9;13;16;19;23;18;23;19;27;31;33;36;21;18;17;11;5;46;112;72;180;357;0;718;17;19;7;6;0;367;130;150;37;36;11;3;1
2024;2025;6194;12151;460;429;31;31;0;0;0;419;63;290;66;0;41;37;0;4;0;228;5;6;6;11;7;12;11;15;11;15;18;14;20;22;19;18;7;5;6;232;3;11;9;9;11;9;11;11;11;15;8;20;26;21;18;12;11;10;7;26;56;32;82;263;3;429;8;14;5;4;0;210;63;94;22;24;5;3;1
2024;2025;6195;11995;248;235;13;11;3;0;0;223;62;133;28;0;25;18;4;3;0;132;3;3;3;3;8;12;5;4;5;9;12;16;16;11;6;9;3;3;3;116;3;3;4;4;4;7;3;7;6;3;12;19;11;10;4;3;9;5;3;4;38;16;36;154;0;243;3;3;3;3;0;118;44;42;15;13;4;0;1
2024;2025;6197;12686;329;310;19;14;4;3;0;306;74;205;27;0;23;16;4;3;0;162;5;8;3;5;8;11;11;7;9;6;8;13;13;16;13;12;8;5;3;167;7;3;6;0;9;11;10;5;5;9;11;18;16;13;13;12;10;5;4;3;41;18;78;190;0;323;3;0;0;4;0;146;49;48;22;22;5;0;1
2024;2025;6198;12511;749;657;92;79;8;5;0;652;113;476;63;0;97;76;10;11;0;379;15;18;19;18;12;19;23;27;26;26;36;31;30;27;22;14;11;3;3;370;13;20;20;21;15;16;20;21;23;32;37;30;20;26;16;16;15;6;3;25;137;80;149;358;0;721;18;3;3;3;3;320;95;110;52;49;12;3;2
2024;2025;6199;13162;2024;1675;349;246;68;35;0;1611;195;1210;206;0;413;256;110;46;3;1011;43;42;64;45;62;55;57;64;71;63;78;78;85;54;53;42;36;16;3;1013;31;56;47;67;61;63;49;68;59;68;69;76;65;51;57;47;40;22;17;129;358;209;690;638;0;1884;91;15;21;12;3;859;270;300;114;111;49;15;2
2024;2025;6201;10860;479;422;57;54;3;3;0;401;52;255;93;3;78;60;9;9;0;243;8;13;9;6;11;13;15;18;20;14;15;23;20;15;13;14;12;3;3;236;6;15;7;7;4;15;13;15;14;14;13;17;18;22;20;14;9;7;6;11;112;58;95;203;0;466;5;3;4;3;0;232;89;84;30;22;6;3;1
2024;2025;6202;10337;528;499;29;29;0;0;0;491;108;324;59;0;37;31;3;4;0;261;5;5;10;16;18;12;13;9;8;21;23;32;32;22;12;11;8;4;0;267;4;10;16;15;19;13;9;11;13;29;22;28;16;9;10;12;13;10;8;5;57;45;164;257;0;521;3;3;3;3;0;226;84;66;22;34;18;3;1
2024;2025;6203;14960;759;598;161;148;5;8;0;580;22;448;110;0;179;147;16;15;3;387;6;25;24;14;16;27;25;25;28;25;32;29;29;22;14;18;18;7;3;372;14;20;22;15;14;14;17;26;29;25;31;33;24;22;13;20;13;13;7;47;195;93;250;173;3;709;25;4;19;3;0;336;118;117;36;46;14;5;1
2024;2025;6204;14961;1726;1357;369;238;78;53;0;1358;195;981;181;3;368;215;94;57;3;881;32;39;44;36;40;49;57;45;79;61;60;78;66;58;52;41;27;10;7;845;39;56;28;26;40;41;57;58;45;47;63;55;61;63;48;59;31;21;7;105;390;176;485;570;0;1608;72;14;18;14;0;808;307;293;83;84;31;10;1
2024;2025;6205;15649;483;408;75;64;10;3;0;392;43;235;114;0;91;74;9;8;0;264;10;19;15;11;8;12;13;15;17;22;20;23;22;19;15;14;6;3;3;219;5;10;10;3;5;13;12;16;19;18;12;16;15;19;20;15;4;3;6;30;75;55;90;233;0;450;5;18;6;4;0;229;89;75;29;30;5;3;2
2024;2025;6211;11598;869;705;164;152;6;6;0;655;17;295;343;0;214;161;11;42;0;432;21;30;20;22;21;22;28;42;25;38;26;33;29;17;21;18;16;3;0;437;18;31;19;23;18;27;34;26;29;28;27;30;30;30;25;17;12;9;4;50;236;141;265;177;0;812;34;12;3;7;3;408;181;112;42;51;16;6;1
2024;2025;6212;12207;1113;910;203;170;16;17;0;848;38;473;337;0;265;200;19;45;3;574;27;28;37;35;32;32;47;38;58;40;41;43;39;23;24;13;15;0;3;539;30;23;33;36;27;39;35;44;46;29;34;43;34;25;23;18;12;5;3;79;315;128;340;251;0;1028;54;18;4;7;3;492;177;148;72;70;20;5;1
2024;2025;6213;12256;1500;1194;306;280;9;17;0;1129;55;544;530;0;371;283;26;62;0;754;40;39;41;44;38;52;50;53;60;66;48;52;49;47;21;30;14;7;3;746;36;43;35;30;40;54;51;58;51;53;52;57;51;39;36;27;14;13;6;125;455;176;459;285;0;1366;75;35;13;11;0;684;276;206;91;73;30;8;1
2024;2025;6214;12010;418;272;146;70;69;7;0;255;29;128;98;0;163;82;71;10;0;219;6;11;7;16;9;12;10;11;12;17;22;15;12;21;16;10;7;4;3;199;4;11;5;8;11;10;8;12;14;16;15;14;14;15;18;12;8;3;3;30;144;36;103;93;12;390;7;13;3;3;3;181;79;57;18;15;7;5;1
2024;2025;6215;12741;2126;1643;483;390;56;37;0;1585;11;630;944;0;541;354;87;95;5;1034;59;58;74;48;48;66;90;95;79;76;71;74;55;45;36;28;17;13;3;1092;65;71;58;48;54;60;91;100;67;69;85;80;72;51;45;32;24;11;9;186;660;231;662;387;0;1918;112;45;28;23;0;917;309;300;122;121;49;16;1
2024;2025;6217;15620;4623;3351;1272;880;248;144;0;3110;460;1024;1626;0;1513;890;240;313;70;2273;87;121;125;141;146;146;158;161;182;173;164;157;151;119;94;69;37;30;12;2350;96;111;126;134;149;121;148;146;168;173;150;165;171;125;94;111;79;53;30;296;995;534;1863;925;10;4306;161;77;43;27;9;1963;705;589;289;247;91;42;1
2024;2025;6218;13016;1495;1330;165;137;18;10;0;1210;49;677;484;0;285;207;26;52;0;744;32;47;33;31;29;33;47;65;63;36;55;40;46;65;57;32;13;13;7;751;36;35;39;21;23;34;55;54;54;43;43;42;61;69;42;44;27;20;9;107;300;214;467;407;0;1385;50;30;17;11;3;729;299;242;87;71;25;5;1
2024;2025;6219;10917;1928;1356;572;513;29;30;0;1296;103;775;417;3;632;471;55;101;5;985;42;38;63;44;63;78;62;52;84;58;81;91;65;47;43;27;22;14;11;943;44;46;56;42;56;47;63;66;54;65;61;78;65;54;44;31;29;30;12;168;456;198;598;508;0;1744;118;20;25;20;3;866;327;263;122;107;37;10;1
2024;2025;6220;10919;902;815;87;77;3;7;0;780;19;311;449;3;122;91;4;27;0;456;25;26;25;30;22;23;39;41;36;29;31;39;27;15;23;11;3;8;4;446;38;30;26;22;20;27;35;40;29;29;25;34;22;19;10;16;17;3;4;47;223;125;264;243;0;843;30;15;0;14;0;373;112;124;47;73;12;5;1
2024;2025;6232;11396;3927;3097;830;759;45;26;0;2977;152;2263;562;0;950;750;81;107;12;1961;101;123;100;74;92;107;136;145;129;120;154;125;138;130;95;94;55;33;10;1966;98;107;109;77;99;105;123;120;139;122;145;133;154;122;107;94;69;23;20;258;957;488;1361;863;0;3640;187;26;36;32;6;1790;666;580;222;229;77;16;1
2024;2025;6235;11610;1615;844;771;683;75;13;0;890;44;746;100;0;725;573;110;38;4;823;35;45;41;47;57;61;64;58;56;59;52;60;54;41;29;21;20;11;12;792;34;39;38;39;45;59;52;53;54;58;46;54;63;39;26;27;31;22;13;119;417;188;587;304;0;1485;85;3;29;13;0;696;246;204;116;89;31;10;1
2024;2025;6238;12044;2556;1913;643;569;47;26;3;1860;115;1387;357;3;696;526;80;90;0;1277;59;76;78;55;59;79;105;88;83;84;102;84;90;72;49;56;32;14;12;1279;63;73;60;53;72;72;80;95;91;78;79;91;89;87;68;54;32;25;17;169;615;377;809;585;3;2363;118;20;26;24;5;1103;373;344;169;156;50;11;1
2024;2025;6239;12187;640;476;164;148;13;3;0;426;21;266;139;0;214;163;25;26;0;325;14;10;19;13;16;12;17;27;19;23;13;30;29;34;19;15;8;3;4;315;7;5;17;12;12;16;12;12;18;17;22;21;43;29;23;19;12;12;6;46;168;118;206;102;0;588;26;9;11;6;0;297;111;97;40;39;6;4;1
2024;2025;6240;12797;4570;3016;1554;1318;122;114;0;2583;302;1644;637;0;1987;1448;228;311;0;2312;85;93;102;127;101;132;152;144;126;113;159;172;162;168;148;137;102;57;32;2258;64;83;74;115;100;116;136;139;136;106;140;171;168;185;151;151;114;61;48;472;1221;593;1391;892;3;4074;195;85;183;31;3;2195;924;731;245;212;68;15;1
2024;2025;6246;12857;2628;2081;547;485;17;45;0;1992;134;1604;254;0;636;489;50;96;3;1301;66;56;60;63;81;101;96;100;88;82;82;109;102;71;51;53;17;18;5;1327;56;69;58;69;76;98;84;93;78;78;90;113;88;74;76;54;28;27;18;157;634;348;891;597;3;2454;132;11;11;19;3;1125;347;366;180;187;37;8;1
2024;2025;6248;13227;17829;11368;6461;4756;739;958;8;10985;4209;4781;1976;19;6844;4332;1038;1464;10;8699;366;394;462;474;504;600;658;616;639;547;594;600;540;426;398;394;253;156;78;9130;354;423;410;445;458;599;630;589;600;553;601;632;575;502;521;518;372;196;152;1110;4127;2117;6870;3595;10;16587;620;131;304;155;32;8383;3496;2521;1099;878;279;110;2
2024;2025;6252;14962;2790;2180;610;528;63;19;0;1992;208;1189;595;0;798;632;80;85;3;1468;67;52;58;62;69;70;96;92;90;80;109;98;133;113;98;97;48;20;16;1322;43;52;79;54;56;53;77;95;89;75;89;95;111;110;86;85;39;19;15;147;518;309;944;872;0;2628;33;68;44;17;0;1396;615;446;150;129;45;11;1
2024;2025;6253;16077;10496;6688;3808;2996;308;504;0;5843;435;3693;1715;0;4653;3194;504;951;4;5325;168;207;228;286;387;319;366;325;299;291;348;392;412;317;277;306;223;127;47;5171;157;155;169;273;391;280;300;256;291;306;293;391;447;334;341;326;257;129;75;985;2841;1440;3536;1693;3;9456;307;203;461;63;6;4994;2186;1586;603;464;111;44;2
2024;2025;6254;16603;4693;3963;730;621;63;46;0;3740;147;2844;749;0;953;698;79;167;9;2321;90;129;145;146;119;126;126;163;150;151;170;164;149;140;103;118;82;39;11;2372;100;113;138;123;112;119;138;147;147;172;166;166;171;122;119;136;104;56;23;220;1020;622;1914;917;0;4443;161;28;22;32;7;2011;659;648;291;283;103;27;2
2024;2025;6261;11758;1461;1270;191;169;11;11;0;1141;54;727;360;0;320;251;22;46;3;724;26;39;30;35;31;41;47;39;45;47;48;52;54;60;48;37;23;16;6;737;42;36;32;22;19;40;54;47;45;45;56;56;59;52;41;36;31;15;9;83;443;186;424;325;0;1367;52;23;6;12;3;664;222;249;91;77;17;8;1
2024;2025;6263;12094;3962;3314;648;543;40;63;3;3064;125;2223;716;0;898;645;63;188;3;1941;101;107;137;127;104;124;98;136;135;142;152;127;119;95;75;74;53;25;10;2021;85;115;138;119;108;104;108;139;145;157;163;132;122;93;86;83;64;36;24;260;1019;578;1249;856;0;3667;189;29;33;37;7;1613;473;512;247;268;88;25;2
2024;2025;6265;13061;8278;7098;1180;1090;32;58;0;6622;699;4436;1487;0;1656;1296;78;280;3;4069;177;195;198;236;207;226;247;249;278;298;280;337;262;235;219;216;126;64;19;4209;160;178;213;181;201;218;249;295;261;278;333;302;301;251;260;219;171;86;52;502;1654;921;2552;2648;3;7729;316;93;83;53;4;3790;1375;1261;517;463;145;29;2
2024;2025;6266;16076;37154;25861;11293;7123;1284;2871;15;24004;13795;5203;5001;5;13150;7048;1817;4202;83;18081;822;848;891;1047;1181;1480;1512;1342;1257;1156;1138;1197;1078;847;727;677;483;267;131;19073;732;805;881;949;987;1421;1410;1315;1259;1150;1240;1255;1254;1033;942;936;711;467;326;2363;8463;4552;14005;7757;14;34536;1341;408;523;286;60;17651;7782;5011;2127;1864;610;257;2
2024;2025;6267;10907;614;464;150;132;12;6;0;440;57;322;61;0;174;138;15;20;3;304;8;17;21;15;4;18;13;33;16;20;25;23;24;18;19;16;9;5;0;310;10;13;20;21;17;11;15;29;19;20;23;15;26;14;18;20;10;3;7;32;128;82;157;214;3;580;19;3;9;3;0;292;119;100;24;36;11;3;1
2024;2025;6281;11714;1386;1229;157;117;23;17;0;1192;66;983;143;0;194;135;24;33;3;714;37;39;46;39;44;33;45;54;44;53;48;60;54;44;32;25;9;4;4;672;30;29;47;35;41;26;45;43;48;41;55;57;57;36;36;19;11;9;7;85;227;125;603;344;3;1289;68;6;7;16;0;556;147;188;78;102;36;5;1
2024;2025;6282;12150;192;182;10;9;0;3;0;178;72;90;16;0;14;12;0;3;0;91;3;0;3;3;4;13;7;8;3;5;5;10;12;6;3;7;3;3;0;101;3;0;3;3;4;11;8;5;3;5;6;9;10;6;7;5;8;5;3;8;27;12;37;108;0;182;4;4;0;3;0;98;40;38;14;4;3;3;1
2024;2025;6283;12293;285;270;15;15;0;0;0;268;100;136;32;0;17;17;0;0;0;147;6;5;3;3;9;8;11;5;5;9;8;21;13;19;7;5;5;3;3;138;10;3;4;5;7;4;9;3;3;9;11;17;17;7;8;8;6;5;3;6;35;18;55;171;0;276;3;3;0;3;0;116;29;49;17;17;4;0;1
2024;2025;6285;12040;1316;1127;189;168;10;11;0;1093;256;682;155;0;223;181;16;20;6;657;18;25;29;29;29;32;47;41;49;32;54;61;67;58;34;27;15;7;3;659;32;21;26;23;24;28;35;37;42;35;57;58;77;49;33;37;24;13;8;60;205;100;469;482;0;1246;23;16;20;10;3;644;262;215;80;66;19;3;2
2024;2025;6286;12598;760;634;126;91;30;5;0;631;113;474;44;0;129;77;38;13;3;390;35;17;17;16;8;32;36;38;27;16;18;27;43;22;12;10;6;7;3;370;25;17;16;11;12;27;34;33;19;10;17;29;38;23;15;14;9;11;10;64;157;81;104;353;3;684;45;8;9;12;3;324;97;124;35;45;19;4;1
2024;2025;6287;13180;468;315;153;146;5;3;0;318;58;220;39;3;150;130;8;12;0;237;17;10;14;10;9;21;14;12;23;18;16;22;15;4;13;7;8;3;3;231;13;8;8;9;19;17;19;16;16;14;19;12;10;14;12;11;7;5;3;49;87;51;158;122;3;412;25;6;14;8;3;211;86;58;23;36;6;3;2
2024;2025;6288;14927;385;311;74;57;12;5;0;310;40;249;21;0;75;54;10;11;0;189;5;14;8;5;9;11;14;13;7;16;11;13;23;15;7;12;3;3;0;196;9;7;5;6;7;13;17;17;6;13;5;21;25;11;12;10;3;9;3;21;65;18;101;180;0;361;12;3;8;3;0;170;60;53;26;24;3;4;1
2024;2025;6289;14928;341;295;46;39;5;3;0;288;88;173;27;0;53;41;6;5;3;160;5;7;4;3;8;7;9;11;11;5;10;19;21;18;11;4;5;3;3;181;9;5;9;4;11;6;15;8;5;12;14;16;21;21;5;6;8;3;3;19;53;29;58;182;0;320;10;3;6;3;3;163;59;61;21;19;3;3;1
2024;2025;6290;14929;1638;1050;588;476;89;22;3;1020;158;592;269;3;618;451;100;58;9;844;22;36;35;30;53;45;67;72;71;52;66;70;60;57;53;28;17;7;3;794;34;33;35;35;37;50;54;52;60;44;70;63;73;49;36;37;12;8;12;142;359;139;448;550;0;1484;18;44;74;13;5;839;391;258;85;78;22;5;2
2024;2025;6291;14930;1057;874;183;153;29;3;0;863;151;616;96;0;194;160;25;9;0;534;30;15;29;22;30;28;24;32;37;39;51;48;39;38;22;25;19;6;0;523;24;20;24;15;25;29;30;25;37;29;48;52;38;34;28;23;22;12;8;54;158;80;219;546;0;992;30;3;22;12;0;481;181;148;61;78;6;7;2
2024;2025;6292;10375;2298;1953;345;306;21;18;0;1929;569;1181;179;0;369;276;54;39;0;1157;49;45;64;57;68;77;81;71;66;75;83;72;116;83;54;47;34;9;6;1141;42;49;63;49;57;60;67;63;63;81;71;94;104;75;65;52;42;32;12;113;321;164;648;1052;0;2166;62;17;31;19;3;981;290;367;126;148;39;11;2
2024;2025;6293;10573;1113;942;171;159;5;7;0;905;186;626;93;0;208;172;12;23;3;567;18;23;26;20;27;32;42;35;47;31;48;45;43;35;31;22;18;14;10;546;20;17;24;21;29;33;30;35;37;19;33;44;48;42;27;23;30;21;13;53;223;107;369;361;0;1051;39;4;8;9;3;505;179;186;58;65;6;11;1
2024;2025;6294;10574;561;529;32;29;3;3;0;523;160;303;60;0;38;30;3;5;3;283;16;17;10;6;24;17;17;23;11;15;19;19;25;20;16;9;9;8;3;278;14;9;7;9;9;13;16;23;15;12;19;26;34;16;18;14;10;8;6;25;63;48;156;269;0;529;9;6;10;7;0;242;79;80;37;36;8;3;1
2024;2025;6295;10555;1305;503;802;756;30;16;0;630;94;447;85;4;675;575;51;47;3;676;35;21;33;26;46;61;57;47;51;56;62;55;48;27;20;14;8;7;3;629;28;34;32;32;32;51;49;34;55;62;43;57;38;18;20;17;18;6;3;78;351;206;358;312;0;1219;37;7;33;8;3;594;213;186;97;73;20;5;2
2024;2025;6296;10877;496;481;15;14;0;3;0;476;103;332;41;0;20;15;0;5;0;244;14;11;3;17;11;15;9;21;12;11;9;20;26;20;28;9;6;3;3;252;14;9;8;11;8;16;14;17;17;16;17;14;30;17;15;14;6;5;4;18;51;36;109;282;0;477;15;3;0;3;0;210;60;83;26;32;8;3;2
2024;2025;6297;13226;8838;5893;2945;1954;574;416;3;5728;3458;1432;837;3;3110;1757;756;538;59;4569;218;213;216;212;208;373;451;405;350;300;285;304;287;211;184;154;115;53;30;4269;185;233;197;166;196;325;353;323;265;266;274;306;272;243;189;195;154;78;49;852;2002;941;2921;2119;3;7922;450;132;247;71;16;4000;1536;1278;486;468;181;51;1
2024;2025;6298;10419;1318;1205;113;89;13;11;0;1192;364;731;97;0;126;93;21;12;0;635;21;17;26;27;47;28;22;34;29;32;61;66;58;45;45;38;22;12;5;683;19;36;31;35;33;22;24;30;38;35;63;53;47;49;44;45;35;32;12;39;112;67;277;819;4;1273;15;13;11;6;0;568;197;189;58;97;22;5;1
2024;2025;6299;10330;355;277;78;66;8;4;0;253;24;171;58;0;102;77;9;16;0;201;15;15;8;9;9;12;16;11;15;8;13;14;15;11;13;10;4;3;0;154;7;3;5;7;7;7;8;18;12;8;15;7;17;8;11;4;5;3;3;52;76;24;92;107;4;299;27;11;16;3;3;147;42;51;28;14;8;4;1
2024;2025;6300;10315;6099;3216;2883;2571;236;76;0;3375;413;2031;931;0;2724;2143;302;279;0;3164;117;116;101;123;206;281;323;274;238;202;233;255;257;136;106;89;54;38;15;2935;125;97;95;108;196;253;289;223;207;209;224;250;199;114;115;89;75;42;25;567;1419;573;1793;1745;3;5524;71;139;326;34;5;3227;1591;924;355;279;58;20;2
2024;2025;6404;16089;6317;4519;1798;1314;164;320;0;4236;64;3223;949;0;2081;1283;246;534;18;3103;170;183;192;191;182;214;237;192;232;205;220;227;166;149;117;105;76;32;13;3214;139;193;185;164;171;175;208;230;220;211;244;205;171;163;164;154;120;56;41;505;1620;1103;2179;909;3;5764;323;75;76;57;22;2845;1106;848;399;361;92;39;2
2024;2025;6408;16091;4807;3741;1066;836;106;124;0;3518;27;2606;885;0;1289;828;147;293;21;2324;98;101;147;134;131;115;141;156;177;172;162;192;153;114;104;107;68;34;18;2483;111;136;163;118;108;96;133;185;175;158;187;174;171;137;117;115;105;63;31;335;1154;596;2070;652;0;4452;219;60;42;29;5;2251;918;653;279;327;62;12;2
2024;2025;6413;16093;1354;1152;202;178;10;14;0;1068;3;742;323;0;286;212;14;59;3;703;30;45;38;35;44;33;44;46;48;48;50;60;41;50;45;23;15;3;6;651;18;34;30;32;26;30;33;47;41;53;49;55;58;45;37;23;22;13;5;113;339;163;571;168;0;1232;84;14;14;10;0;604;202;214;83;72;27;6;1
2024;2025;6416;16094;9308;7485;1823;1416;106;301;0;6864;46;5034;1784;0;2444;1559;200;655;30;4502;203;250;265;264;266;259;283;282;292;298;308;355;274;235;191;203;157;85;32;4806;211;243;256;241;248;219;308;317;305;353;320;330;288;262;230;279;205;112;79;562;2223;1279;4021;1218;5;8677;391;82;77;80;3;4226;1551;1370;559;543;158;45;2
2024;2025;6417;16121;9229;7376;1853;1559;125;169;0;6794;905;3928;1960;3;2435;1684;175;539;37;4523;210;231;223;223;286;270;226;260;274;325;358;386;320;273;224;179;150;81;24;4706;199;210;233;262;248;216;249;272;293;338;353;372;334;271;238;238;188;105;87;615;1821;1219;4187;1387;0;8543;346;160;95;80;5;4197;1533;1371;562;554;139;38;2
2024;2025;6421;16095;37600;25174;12426;8256;1693;2466;11;23407;10529;6615;6257;6;14193;7810;1913;4056;414;18304;844;932;1003;1089;1169;1377;1334;1276;1276;1194;1295;1314;1156;890;702;602;495;247;109;19296;838;926;949;980;1154;1232;1319;1243;1257;1245;1333;1356;1208;935;851;877;721;479;393;1903;6293;3458;15497;10441;8;35427;811;394;641;294;33;18466;8541;5082;2245;1802;597;199;2
2024;2025;6422;16096;200;181;19;19;0;0;0;184;3;132;50;0;16;15;0;3;0;98;3;8;4;6;4;3;4;5;3;3;8;12;14;6;5;5;4;3;0;102;6;3;5;7;4;9;3;3;5;6;10;10;8;10;9;4;3;0;0;11;34;34;74;47;0;188;10;3;0;3;0;87;22;40;11;6;7;3;1
2024;2025;6423;16097;1075;948;127;114;4;9;0;937;11;747;179;0;138;111;5;20;3;527;24;34;37;30;26;20;28;40;36;41;35;35;35;24;23;37;13;6;3;548;23;31;28;38;32;27;30;38;35;33;36;35;24;32;32;27;24;14;9;59;237;167;408;204;0;1009;41;10;7;8;0;476;176;152;55;58;25;10;1
2024;2025;6432;16099;624;589;35;30;3;4;0;573;43;397;133;0;51;40;3;9;0;337;26;26;10;9;15;17;28;27;9;15;21;27;36;19;13;18;12;7;3;287;15;14;9;11;13;20;18;23;8;8;22;25;26;12;18;13;23;4;5;31;92;63;214;224;0;587;19;7;5;6;0;293;119;102;24;27;17;4;1
2024;2025;6433;16100;297;279;18;18;0;0;0;275;6;208;61;0;22;16;3;4;0;158;17;10;10;9;11;4;12;9;5;13;9;13;8;6;7;7;7;0;3;139;9;11;9;6;6;6;10;14;8;9;8;13;4;6;11;4;4;3;0;16;46;44;129;62;0;280;13;3;3;3;0;112;24;39;12;29;5;3;1
2024;2025;6434;16101;310;299;11;10;0;3;0;290;11;224;55;0;20;14;0;6;0;153;9;3;13;10;13;5;12;11;5;8;12;17;10;8;3;4;3;6;3;157;14;14;6;4;9;7;13;12;4;13;12;10;15;8;4;3;3;3;3;17;66;31;105;91;0;288;12;3;3;5;0;122;33;40;17;20;11;3;1
2024;2025;6435;16102;496;461;35;35;0;0;0;443;5;370;68;0;53;46;4;3;0;258;11;9;28;20;14;11;10;20;24;11;18;15;15;17;16;6;11;3;0;238;10;12;17;16;14;11;11;14;14;15;20;16;18;13;13;10;9;4;3;27;111;53;177;128;0;468;17;3;9;3;0;196;52;71;24;28;16;5;1
2024;2025;6436;16605;10907;7432;3475;2664;341;466;4;6957;1611;3652;1693;3;3950;2583;417;864;86;5464;218;284;281;322;350;337;348;355;340;376;388;383;401;316;259;230;150;85;41;5443;222;271;296;288;316;291;291;349;322;338;370;403;365;340;253;254;197;155;122;654;2107;1326;4441;2378;3;10181;348;105;184;76;13;5298;2390;1503;624;561;165;55;2
2024;2025;6437;16104;1231;1093;138;114;6;18;0;1061;38;823;200;0;170;123;7;39;3;620;28;32;31;32;46;41;35;50;31;27;47;50;41;32;23;33;21;11;9;611;33;31;27;28;39;30;38;52;28;30;39;48;44;25;39;24;20;23;13;86;211;116;427;391;0;1134;56;16;11;12;3;562;199;204;65;66;25;3;1
2024;2025;6451;16105;1682;1239;443;363;39;41;0;1154;8;863;282;3;528;353;56;110;9;840;40;39;39;47;44;64;58;69;58;49;54;62;50;61;40;30;23;7;6;842;46;37;48;35;58;43;59;59;54;52;64;63;51;51;46;35;22;8;11;151;450;207;657;217;0;1525;106;18;21;9;3;751;253;263;103;92;31;9;1
2024;2025;6452;16106;2005;1429;576;486;52;38;0;1357;5;966;386;0;648;474;65;95;14;997;54;52;55;59;58;64;67;56;79;60;67;83;71;58;34;45;18;10;7;1008;49;50;47;43;45;73;71;60;68;74;74;83;69;51;52;40;28;17;14;220;454;212;838;281;0;1766;159;34;23;22;3;880;272;306;149;125;24;4;2
2024;2025;6453;16107;283;247;36;24;6;6;0;236;3;172;62;0;47;27;8;12;0;145;8;9;15;4;11;7;8;8;8;5;11;14;6;5;6;11;9;0;0;138;8;6;9;10;5;0;7;12;9;11;14;11;6;7;8;9;3;0;3;20;63;29;121;50;0;260;15;3;3;4;0;115;29;42;18;19;4;3;1
2024;2025;6454;16108;2666;1903;763;539;81;143;0;1714;7;1206;501;0;952;533;122;280;17;1259;53;69;50;65;71;84;93;85;98;85;85;87;99;63;35;60;47;16;14;1407;59;66;69;74;52;90;90;101;96;91;88;105;77;87;64;86;55;27;30;243;778;380;1003;262;0;2406;145;36;58;21;0;1286;541;398;154;140;44;9;1
2024;2025;6455;16109;4652;3710;942;712;136;94;0;3418;67;2072;1278;3;1234;767;176;245;46;2281;106;112;129;144;147;94;124;127;145;149;159;185;153;113;137;117;80;35;25;2371;99;106;100;136;118;98;131;141;163;168;169;172;167;138;139;143;91;60;32;291;924;682;1974;781;0;4324;167;89;25;44;3;2174;854;689;268;267;76;20;1
2024;2025;6456;16110;1061;922;139;121;3;15;0;884;9;586;289;0;177;137;7;32;3;544;25;25;36;46;29;38;34;36;38;34;39;37;31;28;27;20;16;4;3;517;29;27;33;31;30;25;39;33;37;45;34;32;26;27;29;18;12;5;5;86;247;126;378;224;0;966;47;34;4;10;0;449;143;147;58;72;25;4;1
2024;2025;6458;16604;45309;30384;14925;9757;1522;3638;8;26762;13807;5339;7611;5;18547;9817;2197;6309;224;22148;1029;1046;1105;1200;1412;1975;2018;1696;1535;1441;1548;1447;1278;912;733;761;545;295;172;23161;973;931;1018;1125;1339;1909;1840;1657;1548;1552;1639;1436;1350;1072;1005;977;790;537;463;3228;11111;6372;17545;7049;4;41757;1272;805;1072;373;30;22568;10479;6462;2649;2191;581;206;2
2024;2025;6459;16112;3198;2513;685;502;67;116;0;2254;9;1559;686;0;944;597;97;239;11;1582;67;91;94;111;103;67;85;93;97;119;105;124;100;76;76;85;50;20;19;1616;47;66;79;78;81;84;67;119;101;117;138;132;102;89;76;88;63;59;30;212;794;414;1379;399;0;2972;152;25;29;17;3;1472;559;471;192;192;39;19;1
2024;2025;6461;16113;5571;4000;1571;1143;144;284;0;3577;10;2558;1009;0;1994;1154;221;570;49;2731;122;153;198;166;175;146;144;177;172;198;196;231;155;139;106;139;60;34;20;2840;124;158;147;177;176;109;161;190;190;192;202;225;161;146;129;140;115;65;33;375;1578;752;2206;660;0;5162;237;48;80;43;3;2350;763;728;332;386;103;38;2
2024;2025;6487;16115;17514;14327;3187;2618;263;306;0;13587;2387;8158;3040;3;3927;2617;451;823;36;8740;455;491;512;603;545;525;553;589;562;619;687;614;519;502;330;283;181;129;41;8774;428;451;523;576;475;438;556;614;612;632;678;664;480;449;406;329;234;131;98;876;3222;2032;8285;3099;0;16509;522;164;152;145;22;7598;2595;2361;1073;1165;323;81;1
2024;2025;6504;16116;473;420;53;47;3;5;0;386;17;192;177;0;87;62;3;23;0;249;12;13;18;12;9;13;13;18;11;14;13;17;16;23;18;16;8;4;3;224;5;20;15;11;7;7;12;11;16;13;10;15;19;12;14;16;13;4;4;31;113;38;172;119;0;440;16;10;5;3;0;217;93;67;13;28;11;5;1
2024;2025;6511;16117;658;594;64;53;0;11;0;558;17;383;158;0;100;73;3;26;0;331;14;21;19;26;14;15;14;21;16;24;29;19;28;21;17;14;14;3;3;327;11;23;31;14;14;15;16;27;23;11;20;16;32;24;19;9;9;8;5;53;122;89;248;146;0;602;27;20;5;3;3;319;156;77;33;33;13;7;2
2024;2025;6512;16118;10691;8509;2182;1653;230;296;3;8004;2833;3328;1842;3;2687;1802;238;567;80;5298;244;296;293;273;291;305;350;352;308;328;357;375;383;309;277;250;171;90;46;5393;223;245;276;281;268;269;301;333;305;312;373;383;370;371;285;326;204;135;133;472;1699;1029;5052;2438;3;10134;229;123;106;94;5;5193;2339;1523;554;562;154;61;2
2024;2025;6601;11726;1173;998;175;130;18;27;0;860;0;763;97;0;313;191;26;96;0;595;22;28;47;38;48;26;22;27;34;54;60;54;34;33;25;23;15;3;3;578;15;23;49;47;30;21;23;23;48;54;47;48;42;34;24;18;20;8;4;77;206;168;559;162;3;1089;54;3;15;10;3;419;85;117;78;99;29;11;1
2024;2025;6602;11776;2563;1725;838;437;180;219;3;1340;6;1166;168;0;1223;564;226;428;5;1240;48;71;81;94;88;62;54;75;70;83;102;105;78;65;60;46;37;13;8;1323;53;65;89;86;84;62;62;73;77;103;119;109;89;76;59;58;33;18;8;237;823;311;927;264;3;2309;148;30;39;20;17;847;200;244;151;146;55;51;2
2024;2025;6603;11664;1746;1371;375;256;54;65;0;1253;5;1087;161;0;493;280;63;150;0;857;36;49;52;64;47;59;58;67;64;56;58;54;56;44;40;26;15;9;3;889;50;46;54;60;41;40;53;67;61;58;71;55;55;44;47;44;24;17;3;104;417;234;693;297;3;1634;72;6;16;11;7;668;182;199;123;96;40;28;2
2024;2025;6604;11665;1412;1256;156;122;15;19;0;1095;4;937;154;0;317;203;30;84;0;688;24;22;52;41;54;43;27;33;27;26;67;68;66;47;24;30;19;14;4;724;22;33;44;52;48;30;26;42;38;60;59;71;70;30;35;26;21;8;9;60;340;160;653;199;0;1347;45;3;7;7;4;501;96;159;91;91;46;18;2
2024;2025;6605;11692;2545;1894;651;424;92;135;0;1640;3;1437;201;0;905;535;120;249;3;1221;66;78;66;68;76;64;70;69;82;92;82;99;86;61;50;52;37;15;8;1324;61;74;76;80;61;50;74;88;88;114;91;97;85;67;61;81;51;14;11;155;730;357;950;345;8;2372;89;7;52;21;4;977;266;281;181;154;61;34;2
2024;2025;6606;11880;4105;2525;1580;754;227;599;0;2094;3;1795;295;3;2011;752;298;960;3;2039;120;135;161;147;145;139;143;148;158;144;158;117;85;66;70;45;31;19;8;2066;105;131;142;148;128;128;133;146;170;179;150;119;93;81;70;73;42;19;9;297;1459;468;1338;475;68;3758;159;30;66;36;56;1469;407;366;266;271;107;52;2
2024;2025;6607;11853;11112;8497;2615;1647;311;657;0;7428;17;6323;1087;3;3684;1975;462;1243;4;5451;256;295;328;336;351;362;332;345;350;415;426;373;335;238;191;208;177;93;40;5661;238;316;324;328;288;288;332;350;383;445;404;429;346;249;242;296;223;122;58;759;2924;1580;4364;1467;18;10272;536;57;118;86;43;4237;1209;1235;729;726;221;117;2
2024;2025;6608;11400;22488;14169;8319;5307;883;2124;5;12125;38;10350;1736;3;10363;5404;1182;3757;20;10686;566;595;599;567;605;769;918;852;800;760;807;730;649;489;293;281;222;123;61;11802;519;572;558;571;676;811;946;879;917;841;838;809;781;526;430;441;330;203;154;1710;5407;3412;8645;3228;86;20604;1072;119;375;181;137;9795;4033;2607;1442;1148;353;212;2
2024;2025;6609;11411;1050;846;204;143;24;37;0;728;0;628;99;3;322;171;57;94;0;526;29;34;36;41;29;18;23;36;28;48;38;44;34;22;19;25;13;8;3;524;23;40;27;43;25;21;26;28;38;51;51;33;22;25;19;28;15;7;3;74;316;158;370;128;4;964;49;8;8;10;11;377;85;113;56;81;25;17;2
2024;2025;6610;11387;862;575;287;165;60;60;3;453;5;277;171;0;409;194;85;129;3;420;19;29;34;30;28;20;21;21;32;27;44;27;24;21;16;11;12;3;3;442;13;18;29;32;38;17;25;22;22;41;46;39;30;19;13;16;10;5;7;47;247;188;279;94;7;806;11;11;23;6;5;288;59;81;50;59;27;12;2
2024;2025;6611;11439;1664;1292;372;263;40;69;0;1111;3;967;139;3;553;311;61;180;3;834;36;51;78;65;58;46;40;39;56;70;67;63;62;29;29;28;10;5;3;830;31;56;73;74;49;30;36;56;73;69;79;55;41;26;30;30;13;9;0;117;340;367;634;202;4;1535;69;11;33;13;3;581;143;121;120;128;49;20;2
2024;2025;6612;11431;14342;9173;5169;3207;733;1214;15;7087;1758;4173;1153;3;7255;3603;1062;2585;5;6838;399;425;506;459;370;382;444;478;477;510;483;412;371;263;190;255;192;129;93;7504;400;367;458;418;386;432;412;537;566;549;490;433;418;294;270;314;321;213;226;1411;4767;2535;4189;1361;79;12786;990;72;246;140;108;5374;1703;1372;876;866;364;193;2
2024;2025;6613;11535;9578;5613;3965;2375;539;1039;12;4738;12;4041;681;4;4840;2347;676;1811;6;4605;240;261;276;284;288;338;329;369;355;314;320;314;280;193;166;122;74;52;30;4973;215;268;249;266;309;289;334;352;390;364;365;343;318;250;197;171;137;101;55;757;3091;1448;3214;1043;25;8735;495;34;156;94;64;3961;1394;1063;658;535;193;118;2
2024;2025;6614;11586;1232;966;266;184;48;34;0;828;5;716;107;0;404;209;68;126;3;573;23;30;43;39;33;26;32;21;36;37;46;51;37;38;25;26;19;9;3;659;19;38;45;42;30;28;27;26;53;58;49;56;38;36;34;35;19;15;11;76;375;192;461;127;3;1148;47;7;17;8;5;453;123;116;76;89;29;20;2
2024;2025;6615;11595;1666;1137;529;278;75;169;7;941;5;787;149;0;725;329;100;296;0;832;29;63;61;62;55;40;32;28;58;57;75;72;63;50;21;31;20;10;5;834;30;36;66;50;48;29;23;47;60;70;73;84;66;37;34;31;23;16;11;98;420;227;702;188;31;1564;34;10;29;6;23;593;129;154;132;118;42;18;2
2024;2025;6616;11597;8643;6173;2470;1678;337;454;3;4716;18;3981;717;0;3927;2151;536;1236;4;4139;199;263;310;295;262;193;180;204;283;297;327;313;264;212;141;142;126;78;50;4504;169;248;334;303;251;209;175;255;295;367;366;318;292;214;182;192;155;99;80;528;2315;1527;3301;951;21;8063;325;35;144;52;24;2935;673;756;521;592;263;130;2
2024;2025;6617;11599;6027;3864;2163;1318;313;530;3;2800;6;2379;414;3;3227;1553;500;1165;9;2816;154;188;184;178;156;133;137;184;224;201;172;192;157;123;120;120;85;69;39;3211;184;182;177;166;156;154;187;246;243;211;221;195;191;154;148;132;106;80;78;478;2011;925;1949;620;44;5479;291;35;117;61;44;2217;620;619;375;366;150;87;2
2024;2025;6618;11651;4553;3718;835;595;78;162;0;3198;14;2690;494;0;1355;798;149;406;3;2221;82;131;176;159;171;109;100;96;121;161;167;174;155;119;78;106;66;39;11;2332;71;116;134;160;156;111;100;118;148;188;190;183;169;107;113;106;88;49;25;249;937;738;2107;515;7;4276;188;15;40;24;10;1661;385;493;292;337;98;56;2
2024;2025;6619;11569;2313;1653;660;456;111;92;3;1270;3;1084;185;0;1043;576;181;286;0;1123;59;67;82;75;76;51;50;56;73;95;86;83;71;63;39;48;31;13;5;1190;67;73;74;67;54;42;64;59;79;104;97;100;88;49;55;46;45;15;12;190;694;358;795;270;6;2101;128;16;38;21;9;827;208;210;150;164;60;35;2
2024;2025;6620;11582;1828;1297;531;358;81;91;3;1174;6;967;201;0;654;347;96;207;4;868;41;35;54;57;46;51;62;50;54;65;70;69;63;46;33;38;19;12;3;960;43;65;52;58;48;41;47;57;70;67;74;75;64;36;42;46;28;25;22;126;432;372;634;257;7;1685;94;12;18;15;4;637;162;163;128;113;49;22;2
2024;2025;6621;12099;209061;104142;104919;60884;11877;32104;54;82305;52362;15160;14697;86;126756;58545;15484;52524;203;100343;4957;4916;4522;4788;5440;7884;9404;8999;8259;7750;7208;6646;5736;4102;3066;2646;2108;1237;675;108718;4713;4675;4418;4450;5672;8354;9963;9372;8603;7951;7608;7187;6230;4607;4003;3788;3226;2117;1781;14905;52011;28633;78878;31135;3499;191632;4976;1314;5510;1807;3822;95367;44555;24672;12501;9049;2985;1605;2
2024;2025;6622;12097;2861;1850;1011;489;156;366;0;1433;3;1194;235;3;1428;547;208;673;0;1363;44;77;102;97;94;69;33;78;83;98;101;114;93;73;73;57;35;36;6;1498;53;86;82;96;95;58;52;94;111;125;138;110;103;78;62;66;49;29;11;191;764;402;1170;247;87;2638;84;16;68;14;41;944;185;260;184;192;84;39;2
2024;2025;6623;12606;13062;7162;5900;2361;822;2699;18;5440;9;4672;755;4;7622;2447;1085;4073;17;6400;303;407;493;530;449;348;342;441;430;476;467;458;379;259;198;159;132;81;48;6662;283;378;416;418;407;316;393;424;532;557;551;456;392;283;201;231;198;132;94;1136;3608;1727;4724;1408;459;11724;525;91;210;91;421;4710;1409;1256;802;767;301;175;2
2024;2025;6624;11959;553;445;108;73;15;20;0;387;3;338;48;0;166;112;18;36;0;251;10;17;16;16;11;10;10;29;13;18;15;20;14;20;14;10;7;0;3;302;24;19;18;13;17;17;19;24;19;15;20;19;23;21;13;7;7;5;3;36;195;49;196;77;0;516;28;0;5;3;3;197;52;50;29;40;16;10;1
2024;2025;6625;12296;1246;881;365;240;80;45;0;672;0;582;90;0;574;304;119;150;3;605;22;32;51;42;45;16;25;35;33;41;68;39;39;35;31;21;19;8;3;641;17;38;33;39;44;31;20;30;51;53;59;48;37;35;24;28;20;14;20;99;475;198;367;107;0;1147;65;3;24;6;3;431;101;118;83;70;40;19;2
2024;2025;6626;12642;1223;944;279;204;43;32;0;827;3;728;96;0;396;247;55;94;0;591;27;24;42;32;38;36;26;32;58;43;45;41;33;30;29;21;21;9;4;632;32;35;41;37;38;24;33;35;53;34;55;45;33;26;27;37;25;13;9;129;253;156;505;180;0;1089;95;9;23;6;3;439;117;121;74;75;26;26;1
2024;2025;6627;12575;704;599;105;85;9;11;0;522;3;448;72;0;182;124;15;42;3;347;15;26;13;28;15;10;16;24;20;24;22;34;28;13;13;24;14;5;3;357;15;20;18;21;25;9;17;18;28;23;30;29;22;22;19;18;15;6;3;62;143;107;304;88;0;636;39;4;16;6;3;251;47;76;46;61;9;12;1
2024;2025;6628;12624;37259;23709;13550;7973;1721;3842;14;20164;38;17452;2664;10;17095;8005;2450;6610;30;18016;1096;1135;1129;1061;1121;1274;1456;1353;1377;1259;1252;1180;983;670;487;454;385;220;124;19243;1017;1090;1132;1037;1122;1314;1420;1437;1427;1417;1322;1272;997;760;642;624;573;393;247;2761;9903;5957;13061;5351;226;34114;1838;128;560;385;234;14977;5083;3941;2583;2213;792;365;2
2024;2025;6629;12409;2069;1662;407;303;42;62;0;1389;8;1170;210;3;680;424;77;179;0;993;38;51;77;72;63;45;51;55;68;72;81;65;62;48;41;44;41;12;7;1076;29;58;71;59;49;29;54;68;74;83;90;95;68;41;60;55;52;28;13;87;453;346;883;300;0;1970;57;6;20;14;3;812;248;224;142;120;40;38;2
2024;2025;6630;12430;27059;14617;12442;6341;2358;3719;24;12589;1295;9459;1827;8;14470;6035;2771;5623;41;13443;796;850;869;805;854;954;976;1013;1039;984;925;822;771;463;389;354;319;180;80;13616;719;850;767;722;804;888;960;1019;1034;956;906;836;697;526;520;515;440;284;173;1804;6708;4510;9621;4047;369;24872;980;100;355;269;483;10222;3366;2597;1759;1437;657;406;2
2024;2025;6631;12484;18915;11944;6971;4356;995;1618;3;10170;24;8756;1388;3;8745;4453;1322;2951;19;9036;409;510;534;574;581;594;602;544;638;673;662;660;559;376;300;290;259;184;87;9879;422;524;531;543;576;587;604;652;660;664;679;680;612;434;383;425;397;309;197;1201;4263;2676;8049;2690;36;17596;850;58;184;138;89;7791;2861;2092;1193;1013;382;250;2
2024;2025;6632;13155;3304;2458;846;618;93;133;3;2129;3;1846;282;0;1175;737;131;303;4;1569;79;79;93;103;113;94;102;102;126;115;116;109;75;64;64;60;40;26;9;1735;81;97;85;101;93;106;104;121;122;132;125;99;99;95;70;96;65;28;16;275;820;455;1289;456;9;3004;204;9;51;29;7;1328;415;364;249;184;73;43;2
2024;2025;6633;13114;12186;9257;2929;1833;353;743;0;7957;13;6932;1010;3;4229;2138;543;1533;15;5925;324;338;368;435;437;379;390;385;370;415;448;447;359;279;191;150;117;61;32;6261;298;354;329;434;438;373;379;397;439;468;478;459;392;256;241;207;164;80;75;610;3429;1483;4959;1688;17;11483;423;36;104;102;38;4376;1034;1199;849;845;296;153;2
2024;2025;6634;13110;4262;2062;2200;961;291;948;0;1581;4;1329;248;0;2681;986;348;1343;4;2081;113;140;142;141;114;86;101;104;155;194;177;162;126;83;65;65;52;36;25;2181;97;145;156;146;108;85;80;130;189;204;164;160;113;100;83;74;63;57;27;430;1355;587;1294;342;254;3718;223;26;102;32;161;1373;293;373;248;291;111;57;2
2024;2025;6635;13107;708;564;144;80;26;38;0;467;3;396;68;0;241;135;31;75;0;338;13;19;20;20;20;18;15;28;22;10;19;23;25;22;20;16;15;11;3;370;13;21;17;19;19;14;17;22;18;21;34;22;22;33;20;22;18;11;7;54;199;126;254;75;0;654;36;8;7;3;3;227;62;64;38;40;13;10;2
2024;2025;6636;13094;2628;2008;620;423;61;128;8;1773;7;1518;248;0;855;497;96;261;3;1244;90;106;65;62;61;58;87;93;108;74;77;82;67;49;51;48;38;20;8;1384;84;81;72;83;66;60;92;99;102;94;71;100;79;80;64;66;53;27;11;176;575;594;906;374;3;2425;140;5;25;29;4;1062;314;323;188;167;47;23;1
2024;2025;6637;12872;543;384;159;94;39;26;0;345;3;289;54;0;198;108;36;54;0;278;10;9;18;14;14;12;16;22;19;22;24;27;20;19;7;10;8;5;3;265;9;6;17;16;12;16;10;15;22;23;23;26;25;11;8;13;4;9;0;52;114;77;227;70;3;486;34;3;14;5;3;199;43;70;36;32;13;5;1
2024;2025;6638;13051;4713;3315;1398;960;160;274;4;2978;8;2539;429;3;1735;1004;198;533;0;2405;147;158;163;152;145;124;140;182;183;197;177;197;127;83;66;65;59;29;11;2308;97;142;179;138;114;109;142;146;188;207;181;149;129;103;66;78;68;33;39;434;1242;507;1818;702;10;4245;309;14;73;38;34;1612;391;427;292;324;105;73;2
2024;2025;6639;10414;942;747;195;139;18;38;0;658;0;587;71;0;284;182;30;71;3;446;14;31;32;23;25;14;18;29;33;52;27;33;30;18;14;23;17;7;6;496;22;39;25;27;15;18;20;27;46;42;34;35;22;25;25;18;24;13;19;63;267;166;316;130;0;872;38;4;20;8;0;324;76;97;53;61;19;18;1
2024;2025;6640;10569;16809;10473;6336;3748;766;1808;14;8368;13;7152;1200;3;8441;4035;1075;3307;24;8090;399;504;475;474;489;555;620;557;548;598;538;562;522;377;266;257;193;95;61;8719;439;461;443;456;514;541;561;551;639;604;580;612;566;427;376;316;312;179;142;1249;5518;2148;6008;1860;26;15424;814;70;275;149;77;6677;2327;1796;1097;897;356;204;2
2024;2025;6641;10896;3145;2451;694;464;120;109;3;1990;3;1748;239;0;1155;652;175;327;3;1565;74;84;117;124;107;83;75;102;106;136;128;122;101;55;49;38;43;14;7;1580;70;90;86;90;101;67;83;102;122;137;136;124;98;74;54;59;43;24;20;456;861;448;1078;298;4;2672;360;34;48;20;11;1153;286;321;223;217;68;38;2
2024;2025;6642;10942;3030;2064;966;663;132;171;0;1591;4;1373;214;0;1439;758;229;451;3;1484;90;117;106;75;97;78;73;76;115;96;103;111;109;59;58;61;22;21;17;1546;66;104;102;82;85;70;75;117;123;120;120;105;98;75;69;49;41;30;15;316;1139;380;910;278;7;2691;220;15;72;27;5;1019;213;257;196;213;84;56;2
2024;2025;6643;10918;37837;20597;17240;9173;2702;5337;28;17537;44;15248;2234;11;20300;8397;3473;8384;46;18908;1063;1100;1172;1195;1233;1320;1356;1371;1399;1404;1280;1336;1093;802;561;493;387;240;103;18929;907;1062;1048;1080;1150;1229;1326;1386;1367;1405;1285;1260;1135;814;730;660;575;306;204;2262;10039;4683;15097;5524;232;35161;1284;121;483;394;394;14626;4851;3836;2468;2034;888;549;2
2024;2025;6644;10921;13996;7819;6177;2765;1061;2350;3;6417;40;5208;1163;6;7579;2848;1276;3425;30;6720;326;454;507;642;410;352;343;403;507;467;483;450;400;315;185;195;166;78;37;7276;298;409;473;557;408;382;382;463;541;569;533;512;414;319;258;282;202;154;120;985;3658;1811;5410;1847;285;12839;434;82;335;102;204;4947;1460;1317;877;784;284;225;2
2024;2025;6645;10902;12085;8728;3357;2246;476;634;3;7072;23;5992;1055;3;5013;2758;658;1595;3;5919;267;385;478;438;374;304;255;333;351;417;467;438;378;290;220;184;164;102;74;6166;260;337;427;404;339;254;256;320;454;475;464;448;431;288;235;220;205;166;183;852;3096;1916;4760;1440;21;11132;550;52;185;106;60;4149;972;1099;742;818;364;154;2
2024;2025;6702;13273;961;878;83;65;12;6;0;847;18;673;156;0;114;78;15;21;0;474;29;22;24;19;38;31;25;27;28;27;39;38;43;22;30;13;8;11;0;487;14;34;29;26;22;26;27;29;24;31;39;33;34;43;20;25;19;8;4;51;189;116;388;217;0;904;38;3;5;6;7;412;141;118;74;52;17;10;1
2024;2025;6703;13274;263;253;10;9;3;0;0;250;9;185;56;0;13;7;3;3;0;133;8;15;3;7;3;5;18;3;10;9;5;6;15;13;6;4;0;4;3;130;7;6;10;4;6;8;9;7;12;7;8;11;8;11;4;4;4;3;3;15;47;32;79;90;0;246;11;3;0;3;0;115;41;39;11;15;6;3;1
2024;2025;6704;13275;475;437;38;37;0;3;0;430;7;335;88;0;45;38;3;6;0;245;6;9;12;26;20;16;19;9;15;13;13;22;17;17;12;10;5;3;3;230;4;11;11;15;16;16;8;18;18;13;15;22;19;18;8;6;7;3;3;21;108;55;207;84;0;455;9;8;3;3;3;209;65;82;21;27;12;3;1
2024;2025;6706;13277;449;419;30;25;3;3;0;414;16;322;76;0;35;23;5;7;0;242;14;15;13;16;17;15;14;6;18;19;16;22;9;11;14;12;5;4;3;207;6;12;8;11;14;12;11;9;17;10;20;18;18;10;9;8;6;7;3;25;106;49;163;106;0;420;23;3;0;4;0;193;63;65;22;30;11;3;1
2024;2025;6708;16127;3687;2848;839;504;141;194;0;2831;72;1920;819;20;856;431;162;259;4;1854;105;108;105;110;102;113;136;136;120;109;127;136;116;89;91;78;41;21;11;1833;90;122;105;91;113;118;130;130;104;114;119;121;112;104;79;79;48;24;30;249;855;553;1296;724;10;3403;131;53;42;34;24;1637;611;500;218;216;75;17;2
2024;2025;6709;13280;3443;2862;581;391;112;78;0;2766;49;2110;603;4;677;370;134;159;14;1688;77;94;91;110;102;125;98;110;107;102;102;131;110;89;79;82;46;24;9;1755;76;101;82;105;101;100;95;129;93;112;127;123;110;103;89;82;72;37;18;223;761;391;1339;714;15;3192;153;50;15;32;3;1499;532;492;173;210;73;19;2
2024;2025;6710;13281;2788;2395;393;298;36;59;0;2356;94;1790;472;0;432;276;54;98;4;1390;72;71;83;71;78;95;121;94;79;84;91;114;83;76;64;54;36;18;6;1398;57;66;85;69;78;119;108;82;77;102;96;87;96;94;55;61;36;16;14;204;616;284;1062;621;3;2556;153;27;16;29;7;1255;443;422;161;168;49;12;2
2024;2025;6711;13282;12813;8828;3985;1898;725;1360;3;8382;4851;1369;2158;4;4431;1833;722;1693;183;6294;275;293;325;395;400;432;450;383;394;418;434;476;399;314;295;270;192;97;52;6519;246;284;314;361;351;395;331;365;413;402;477;462;433;342;370;342;269;203;159;821;2555;1603;5283;2492;59;11901;394;246;145;100;27;6184;2832;1732;706;603;234;77;2
2024;2025;6712;13283;1393;1216;177;141;23;13;0;1161;42;908;211;0;232;150;46;36;0;687;27;32;49;36;42;64;37;40;50;40;46;44;43;41;38;29;20;7;3;706;30;35;40;40;42;46;31;50;54;40;38;57;48;35;39;35;23;10;13;117;279;145;570;282;0;1271;88;14;13;6;3;586;187;205;61;94;30;9;1
2024;2025;6713;13284;115;110;5;4;0;3;0;107;12;30;65;0;8;5;0;3;0;57;3;3;3;3;3;3;3;5;3;3;4;5;11;4;4;3;3;3;0;58;3;3;4;3;3;3;3;4;3;3;5;3;4;5;6;3;5;3;3;4;17;13;38;43;0;111;3;3;3;0;0;57;24;18;8;5;3;0;1
2024;2025;6715;13286;526;493;33;21;4;8;0;468;21;361;86;0;58;33;9;16;0;264;9;21;14;16;9;10;12;27;13;12;13;20;19;28;16;12;10;3;3;262;8;11;15;11;6;10;13;22;15;14;13;22;36;24;17;10;3;5;7;25;130;56;133;182;0;499;14;8;3;3;0;224;61;95;27;24;11;6;1
2024;2025;6716;13680;112;99;13;9;3;3;0;92;3;59;31;0;20;14;3;3;0;55;4;3;4;6;0;0;5;3;7;3;4;3;3;5;6;3;3;3;0;57;4;4;3;3;3;3;6;4;3;3;3;7;4;6;6;3;3;0;3;13;19;8;47;25;0;97;7;3;5;3;0;47;10;21;7;6;3;0;1
2024;2025;6718;13289;414;374;40;36;3;3;0;355;24;186;144;3;59;45;5;7;3;201;15;8;11;6;6;10;9;11;13;7;13;20;19;17;10;13;7;4;3;213;7;14;13;11;7;7;10;14;11;8;22;13;19;14;16;9;10;3;5;20;76;79;136;103;0;393;5;11;4;3;0;196;71;74;21;23;5;3;1
2024;2025;6719;13290;365;351;14;10;3;3;0;334;19;228;87;0;31;21;3;7;0;172;9;7;12;3;9;7;12;14;7;10;11;19;11;17;5;14;5;3;0;193;10;8;15;13;9;6;10;7;12;7;15;20;11;15;13;8;7;3;4;21;50;39;120;135;0;340;18;3;0;4;0;162;58;51;27;14;10;3;1
2024;2025;6721;13292;740;647;93;69;22;3;0;611;8;438;164;3;129;82;17;25;5;380;34;25;12;17;20;26;32;27;19;26;15;35;17;22;18;17;15;3;3;360;20;15;11;24;23;18;34;25;17;18;28;26;23;20;18;17;12;8;3;44;211;96;259;128;3;686;30;13;3;10;0;303;76;112;60;32;18;5;1
2024;2025;6722;13293;277;266;11;10;0;3;0;256;5;172;79;0;21;19;0;3;0;146;12;13;5;6;11;7;6;18;9;9;5;9;9;8;13;0;3;3;3;131;8;10;6;3;3;7;15;11;7;7;6;8;10;10;9;5;3;3;3;10;56;40;80;91;0;262;8;3;0;6;0;113;30;39;19;18;4;3;1
2024;2025;6724;13295;453;362;91;58;18;15;0;336;3;210;124;0;117;61;24;32;0;218;13;8;9;7;14;16;25;17;10;6;17;12;25;20;9;3;4;3;3;235;14;9;8;7;7;18;24;15;14;8;14;19;18;19;13;9;7;5;7;48;143;31;159;72;0;398;19;22;6;7;3;213;82;76;31;18;4;3;1
2024;2025;6729;15624;7453;6137;1316;895;229;191;3;5921;256;4404;1259;3;1532;910;299;313;10;3738;189;203;219;253;245;228;258;267;210;203;238;256;263;201;185;150;95;52;23;3715;189;192;181;176;215;204;259;256;241;220;272;229;251;240;177;151;131;84;47;406;1556;794;2992;1704;3;6983;251;69;65;74;11;3269;1174;1014;458;449;134;40;2
2024;2025;6730;16119;3270;3059;211;156;12;43;0;2965;191;2083;690;3;305;179;31;95;0;1630;83;103;94;111;88;94;81;108;100;93;104;141;108;104;80;68;38;18;14;1640;85;79;85;83;108;65;84;120;92;95;136;113;110;100;96;80;51;35;23;165;558;364;1291;892;0;3087;113;30;16;24;0;1383;411;501;171;212;72;16;1
2024;2025;6741;13299;308;302;6;5;0;3;0;287;8;163;115;3;21;15;0;6;0;157;8;10;4;7;9;4;9;12;7;9;16;9;14;12;7;10;6;3;3;151;4;4;4;9;11;7;11;11;8;6;8;9;17;13;9;8;7;3;3;19;51;29;123;86;0;286;14;3;3;3;3;128;33;53;15;20;5;3;1
2024;2025;6742;13300;1244;1151;93;78;3;14;0;1070;40;208;822;0;174;110;8;55;3;627;29;43;38;35;31;24;36;39;52;35;37;47;40;44;35;30;14;11;7;617;28;41;39;31;26;22;38;45;46;35;34;49;42;46;41;25;10;12;7;64;209;200;422;349;0;1175;36;18;7;7;3;533;185;171;64;76;22;15;1
2024;2025;6743;16624;1627;1419;208;152;13;43;0;1363;43;402;918;0;264;165;20;79;0;819;30;44;61;44;49;39;62;54;66;52;47;57;57;45;46;26;24;10;6;808;35;49;39;45;39;42;44;59;69;55;44;59;52;45;41;31;30;13;17;93;333;224;530;447;0;1527;39;43;9;9;0;726;263;230;94;96;35;8;1
2024;2025;6745;13303;151;143;8;7;0;3;0;135;3;52;77;3;16;11;0;4;3;77;5;5;8;7;5;0;5;7;4;3;6;7;6;5;3;3;0;0;0;74;6;4;3;3;5;4;4;4;8;5;4;4;7;5;5;3;3;3;3;6;41;13;50;41;0;144;6;0;0;3;0;62;23;16;6;13;3;3;1
2024;2025;6748;13306;516;487;29;25;3;3;0;472;25;168;279;0;44;32;3;9;0;259;9;9;13;14;18;16;18;15;12;18;18;13;19;21;12;10;10;11;3;257;16;17;10;16;12;8;14;20;15;15;25;21;17;10;11;11;10;6;3;38;90;40;173;175;0;476;20;15;3;3;3;233;86;81;23;31;8;4;1
2024;2025;6750;13308;720;655;65;61;3;3;0;639;30;303;305;3;81;63;3;15;0;340;11;17;19;17;17;21;22;28;25;20;27;13;32;22;18;18;6;5;3;380;25;24;15;15;22;20;23;21;25;18;29;30;29;29;23;8;14;4;6;39;119;70;243;249;0;672;14;21;4;9;0;324;110;119;34;41;15;5;1
2024;2025;6751;14967;564;530;34;24;3;9;0;519;12;294;213;0;45;28;3;15;0;297;9;10;16;26;20;14;16;17;9;19;20;19;29;22;14;24;7;3;4;267;10;8;13;11;17;11;12;13;16;19;19;21;23;20;14;20;7;5;8;26;101;54;240;142;3;534;17;4;5;4;0;252;86;99;25;27;11;4;1
2024;2025;6753;14968;518;485;33;28;3;4;0;470;9;168;293;0;48;34;3;13;0;259;14;7;22;16;11;16;17;12;16;15;10;22;19;13;23;14;8;3;3;259;18;9;8;20;13;16;14;8;23;15;16;25;15;18;17;11;3;6;4;45;116;67;158;132;0;467;23;20;3;7;0;238;85;94;18;30;6;5;1
2024;2025;6754;13312;1934;1610;324;249;42;33;0;1534;23;585;925;3;400;271;53;76;0;945;46;50;66;47;57;59;52;70;75;56;62;67;63;48;41;33;31;18;4;989;43;56;61;45;42;54;65;72;68;67;71;71;79;60;49;32;22;19;13;90;406;241;684;513;0;1831;45;34;10;14;0;852;305;268;130;95;45;9;1
2024;2025;6757;14966;2531;2308;223;178;17;28;0;2195;541;596;1058;0;336;227;26;83;0;1238;40;63;55;57;77;95;81;63;96;82;68;73;99;91;71;62;29;24;12;1293;46;67;49;62;80;74;59;71;76;77;80;93;119;100;76;59;45;35;25;109;408;253;1110;651;0;2409;70;20;18;14;0;1204;508;361;145;138;47;5;1
2024;2025;6758;13316;237;214;23;19;0;4;0;207;3;148;57;0;30;24;3;5;0;120;9;5;6;8;9;5;9;4;5;6;14;15;9;3;6;8;3;0;0;117;3;5;4;6;3;7;12;5;5;10;11;11;8;4;10;7;5;3;0;7;61;13;93;63;0;229;6;0;3;3;0;100;29;38;15;10;5;3;1
2024;2025;6759;13317;125;113;12;12;0;0;0;107;3;46;56;3;18;14;3;3;0;69;3;3;0;3;4;5;3;3;4;3;5;9;7;10;4;3;0;3;3;56;3;4;0;3;3;3;3;3;3;3;7;5;8;5;5;3;3;4;0;14;27;20;39;25;0;109;6;8;0;3;0;59;22;21;11;3;3;3;1
2024;2025;6771;13318;1946;1700;246;176;37;33;0;1599;32;1347;220;0;347;233;64;48;3;964;44;55;54;57;65;56;59;58;45;57;74;78;63;46;53;51;19;20;10;982;36;46;57;75;60;56;58;48;57;62;77;67;61;51;55;48;33;23;12;133;387;235;712;479;0;1796;102;21;9;17;3;856;317;261;113;100;44;21;2
2024;2025;6774;13321;1170;1038;132;108;10;14;0;937;197;554;185;3;233;184;16;32;3;556;17;29;26;34;25;23;19;30;27;28;35;56;52;37;28;46;23;15;6;614;18;18;26;30;29;20;24;24;38;40;39;45;52;40;47;42;36;25;21;70;187;119;507;287;0;1096;25;26;18;4;3;574;239;192;69;52;16;6;2
2024;2025;6778;13325;645;622;23;17;3;5;0;570;141;318;107;4;75;51;5;19;0;321;13;18;14;19;17;16;20;14;12;21;21;19;28;21;20;18;19;8;3;324;12;16;18;14;13;13;14;17;17;24;18;28;23;24;18;25;17;7;6;50;96;68;247;183;3;592;28;20;0;4;3;292;100;103;37;39;9;4;2
2024;2025;6781;13328;717;696;21;19;3;0;0;661;36;537;88;0;56;41;8;7;0;345;14;23;25;17;17;24;19;22;24;16;18;33;25;21;15;13;8;10;3;372;14;18;30;30;18;15;21;19;24;21;30;21;23;25;17;25;10;7;4;33;92;87;270;235;0;682;30;3;3;3;0;302;98;102;32;47;18;5;1
2024;2025;6782;13329;1083;970;113;77;30;6;0;907;38;699;170;0;176;116;30;29;3;537;35;35;30;28;27;30;26;50;34;30;34;53;39;25;23;20;11;6;3;546;28;36;29;24;24;33;41;37;43;27;42;38;39;24;21;22;14;12;12;87;264;155;353;224;0;989;63;10;12;9;0;476;169;143;77;61;22;4;1
2024;2025;6783;13330;323;290;33;26;7;0;0;268;5;218;45;0;55;36;9;10;0;161;13;7;8;5;11;10;10;12;11;10;7;13;11;13;6;4;7;3;3;162;14;11;5;7;5;12;10;12;8;9;9;11;14;10;9;4;3;7;3;17;64;40;98;104;0;304;11;4;3;3;0;132;37;42;27;15;8;3;1
2024;2025;6784;13331;2439;2172;267;190;39;38;0;2045;58;1618;369;0;394;255;61;76;3;1223;52;61;80;66;95;72;64;79;80;80;87;81;79;70;65;59;28;14;11;1216;59;78;54;61;59;58;64;82;78;73;86;88;76;81;81;64;38;19;17;131;491;318;948;550;3;2291;88;27;15;17;3;1099;407;344;146;154;42;6;1
2024;2025;6785;13332;761;706;55;46;3;7;0;659;30;515;114;0;102;80;3;21;0;352;14;25;27;11;14;19;14;15;24;19;19;35;25;25;22;19;10;8;7;409;13;21;20;21;20;25;12;29;19;26;24;33;30;31;21;23;18;9;14;36;151;103;300;171;0;719;31;3;4;6;0;336;106;126;47;37;17;3;1
2024;2025;6789;13336;337;305;32;28;0;4;0;284;16;202;66;0;53;41;0;12;0;162;8;5;8;4;10;9;8;8;5;11;12;11;16;12;17;9;5;3;3;175;6;11;4;5;7;8;9;6;10;9;17;11;14;13;18;13;8;3;3;19;62;36;126;94;0;316;4;13;3;3;0;155;51;59;22;19;3;3;1
2024;2025;6790;15626;1632;1494;138;112;8;18;0;1429;35;1161;233;0;203;151;12;39;3;800;29;42;61;48;49;45;36;44;48;57;44;66;53;58;40;44;18;11;7;832;23;49;51;39;35;41;42;39;44;54;59;72;76;59;49;36;27;22;15;92;286;183;708;363;0;1532;64;20;5;9;3;730;265;240;83;102;32;8;1
2024;2025;6792;13339;378;358;20;20;0;0;0;331;29;234;68;0;47;37;3;9;0;184;10;9;12;12;10;7;7;11;13;13;7;15;10;10;14;14;4;3;3;194;4;12;16;10;8;13;6;8;12;8;14;20;11;17;13;9;7;3;3;5;62;37;129;145;0;373;3;4;0;0;0;159;54;51;19;15;17;3;1
2024;2025;6800;13347;6574;5114;1460;684;331;445;0;4636;2215;1512;909;0;1938;939;388;583;28;3216;120;146;164;222;186;237;211;176;198;176;206;227;246;180;163;162;100;63;33;3358;90;122;147;189;181;161;163;182;172;190;232;259;265;226;196;227;155;113;88;418;1470;706;2694;1263;23;6131;224;90;90;28;11;3361;1694;938;313;278;99;39;1
2024;2025;6806;13353;557;510;47;32;4;11;0;470;16;349;105;0;87;60;4;23;0;286;15;16;14;12;22;16;17;18;12;8;24;26;19;19;20;13;6;6;3;271;18;14;12;6;17;18;14;16;10;12;17;22;20;23;16;10;9;8;9;28;103;47;193;186;0;521;18;6;4;8;0;246;89;84;29;25;12;7;1
2024;2025;6807;14970;1197;1087;110;90;5;15;0;979;39;779;161;0;218;163;14;41;0;585;27;30;41;35;32;22;28;31;20;46;39;53;34;45;40;28;19;8;7;612;19;31;33;33;25;26;28;27;35;38;40;53;41;44;46;38;25;15;15;66;240;89;409;393;0;1122;41;10;11;12;3;531;197;177;57;58;27;15;1
2024;2025;6808;14965;1304;1195;109;97;3;11;0;1143;44;815;284;0;161;125;3;31;3;661;29;42;32;27;21;51;32;53;35;33;37;49;55;52;38;37;20;13;5;643;33;27;27;29;27;42;44;42;45;30;35;52;50;46;28;41;19;20;6;72;253;122;463;394;0;1223;34;26;11;9;3;617;245;223;52;64;26;7;1
2024;2025;6809;16120;1064;967;97;85;4;8;0;902;91;598;213;0;162;123;3;35;3;534;22;23;30;27;28;21;32;23;26;25;36;38;44;54;43;33;21;6;3;530;27;24;20;18;25;22;24;19;27;38;17;53;52;48;38;27;19;21;11;61;181;116;389;317;0;993;27;22;11;11;0;507;192;191;51;52;13;8;1
2024;2025;6810;14969;1135;1064;71;61;7;3;0;992;48;718;226;0;143;109;10;23;3;582;33;23;33;27;38;30;37;20;31;39;37;36;61;39;38;23;21;10;6;553;22;21;22;33;31;26;35;28;35;33;33;44;47;31;38;33;22;10;9;49;238;122;415;311;0;1077;32;11;5;10;0;513;190;177;51;59;25;11;1
2024;2025;6811;16627;370;333;37;28;6;3;0;318;10;231;77;0;52;42;5;5;0;192;13;12;7;11;10;7;15;10;6;9;9;11;20;13;15;15;7;3;0;178;12;4;9;8;7;6;13;6;10;8;8;18;15;16;17;9;5;3;5;15;66;43;122;124;0;350;7;6;3;5;0;162;53;62;16;17;13;3;1
2024;2025;6812;16654;736;633;103;89;3;12;0;573;36;350;186;3;163;125;9;29;0;356;14;13;17;12;11;15;15;11;18;15;24;33;37;30;26;27;22;8;8;380;11;11;17;15;12;13;18;20;15;22;25;31;46;30;25;30;22;12;5;34;176;96;268;162;0;700;15;17;3;3;0;387;175;143;28;28;9;4;1
